order_id,user_id,product_id,category,rating,sentiment,review_date
ORD105232,1544,P0006,Laptop & Accessory,4,positive,2026-02-22
ORD104702,4277,P0069,Grocery,4,positive,2026-07-27
ORD105117,2214,P0018,Mobile Phone,4,positive,2025-10-16
ORD107442,2717,P0011,Laptop & Accessory,4,positive,2025-10-08
ORD104926,505,P0042,Fashion,3,neutral,2025-11-17
ORD108790,4174,P0017,Mobile Phone,4,positive,2025-09-27
ORD118865,2984,P0021,Mobile Phone,4,positive,2025-11-05
ORD121619,504,P0048,Fashion,5,positive,2026-01-30
ORD103416,2543,P0019,Mobile Phone,4,positive,2026-03-22
ORD114708,2149,P0009,Laptop & Accessory,4,positive,2025-09-21
ORD110897,471,P0019,Mobile Phone,4,positive,2025-12-31
ORD109758,189,P0004,Laptop & Accessory,4,positive,2026-04-11
ORD112170,1066,P0004,Laptop & Accessory,4,positive,2025-10-29
ORD112837,3023,P0071,Grocery,4,positive,2025-12-12
ORD119455,1749,P0013,Mobile Phone,4,positive,2025-11-16
ORD101825,3756,P0052,Others,5,positive,2026-06-14
ORD100873,2228,P0015,Mobile Phone,5,positive,2026-01-15
ORD114993,744,P0009,Laptop & Accessory,3,neutral,2026-05-31
ORD116735,1742,P0010,Laptop & Accessory,5,positive,2026-06-20
ORD106629,3754,P0043,Fashion,4,positive,2025-09-09
ORD122380,392,P0006,Laptop & Accessory,4,positive,2025-08-12
ORD114140,1576,P0014,Mobile Phone,5,positive,2025-10-09
ORD124098,2136,P0010,Laptop & Accessory,5,positive,2026-04-15
ORD106939,478,P0026,Household,4,positive,2026-05-28
ORD113353,555,P0010,Laptop & Accessory,5,positive,2026-07-04
ORD112478,3577,P0065,Grocery,4,positive,2026-02-10
ORD117781,641,P0020,Mobile Phone,5,positive,2026-03-20
ORD125131,2505,P0036,Household,3,neutral,2026-08-10
ORD113298,294,P0010,Laptop & Accessory,4,positive,2025-11-04
ORD109187,1093,P0026,Household,4,positive,2026-01-19
ORD105682,3220,P0031,Household,5,positive,2026-02-18
ORD123240,4074,P0024,Mobile Phone,5,positive,2026-01-15
ORD118024,905,P0004,Laptop & Accessory,4,positive,2026-01-08
ORD125050,4163,P0058,Others,4,positive,2026-08-20
ORD111629,750,P0045,Fashion,4,positive,2026-01-27
ORD114499,996,P0018,Mobile Phone,4,positive,2025-08-25
ORD111992,906,P0048,Fashion,3,neutral,2025-11-19
ORD119243,1300,P0029,Household,4,positive,2025-11-15
ORD111627,169,P0048,Fashion,4,positive,2026-02-20
ORD101612,181,P0046,Fashion,4,positive,2026-07-28
ORD101817,4041,P0009,Laptop & Accessory,4,positive,2025-12-30
ORD102599,2143,P0031,Household,5,positive,2026-03-03
ORD119436,1500,P0066,Grocery,3,neutral,2026-03-11
ORD123697,2139,P0018,Mobile Phone,4,positive,2025-12-07
ORD125447,2148,P0019,Mobile Phone,4,positive,2026-06-23
ORD103543,4390,P0037,Fashion,4,positive,2025-10-19
ORD119445,1685,P0009,Laptop & Accessory,4,positive,2026-07-11
ORD115022,661,P0024,Mobile Phone,5,positive,2026-05-23
ORD104371,1219,P0066,Grocery,5,positive,2026-07-23
ORD118443,4163,P0019,Mobile Phone,5,positive,2026-02-16
ORD101931,2082,P0021,Mobile Phone,4,positive,2026-08-30
ORD120260,3735,P0005,Laptop & Accessory,5,positive,2026-08-11
ORD114720,140,P0038,Fashion,4,positive,2026-02-15
ORD104462,2404,P0010,Laptop & Accessory,4,positive,2025-09-08
ORD102528,2898,P0019,Mobile Phone,4,positive,2025-12-02
ORD125546,1263,P0009,Laptop & Accessory,5,positive,2025-12-17
ORD109791,1860,P0018,Mobile Phone,3,neutral,2026-08-23
ORD124875,4097,P0029,Household,4,positive,2025-08-06
ORD113217,1861,P0004,Laptop & Accessory,4,positive,2026-04-29
ORD114047,3228,P0030,Household,5,positive,2025-09-08
ORD125058,343,P0010,Laptop & Accessory,4,positive,2025-10-14
ORD115706,1783,P0018,Mobile Phone,4,positive,2025-09-12
ORD116031,507,P0013,Mobile Phone,4,positive,2025-09-05
ORD103901,465,P0010,Laptop & Accessory,4,positive,2026-07-01
ORD114461,4058,P0006,Laptop & Accessory,4,positive,2026-05-17
ORD106592,570,P0022,Mobile Phone,5,positive,2025-12-31
ORD119162,3627,P0019,Mobile Phone,2,negative,2026-04-09
ORD115473,112,P0018,Mobile Phone,5,positive,2026-08-20
ORD107391,2134,P0003,Laptop & Accessory,5,positive,2025-09-02
ORD109044,941,P0022,Mobile Phone,5,positive,2026-08-25
ORD118873,2218,P0013,Mobile Phone,5,positive,2026-01-07
ORD104654,1036,P0018,Mobile Phone,5,positive,2026-01-05
ORD106891,959,P0037,Fashion,4,positive,2026-03-08
ORD121250,4335,P0031,Household,4,positive,2026-06-10
ORD114891,297,P0011,Laptop & Accessory,4,positive,2025-11-08
ORD120922,2191,P0018,Mobile Phone,4,positive,2025-09-24
ORD123127,4129,P0025,Household,5,positive,2026-05-19
ORD108276,2696,P0042,Fashion,5,positive,2025-12-22
ORD103073,1776,P0018,Mobile Phone,5,positive,2026-01-05
ORD123394,466,P0018,Mobile Phone,4,positive,2026-07-30
ORD110065,2964,P0035,Household,4,positive,2026-06-23
ORD117713,3125,P0001,Laptop & Accessory,3,neutral,2026-06-05
ORD124366,1798,P0001,Laptop & Accessory,5,positive,2026-05-12
ORD117387,2641,P0029,Household,4,positive,2025-09-24
ORD111546,307,P0020,Mobile Phone,5,positive,2025-09-04
ORD101139,1773,P0023,Mobile Phone,4,positive,2025-08-14
ORD106030,719,P0010,Laptop & Accessory,4,positive,2026-08-04
ORD103723,718,P0012,Laptop & Accessory,4,positive,2025-09-16
ORD111600,375,P0030,Household,4,positive,2026-04-12
ORD110975,4215,P0069,Grocery,4,positive,2025-09-26
ORD122080,719,P0056,Others,4,positive,2026-06-20
ORD111435,2262,P0018,Mobile Phone,4,positive,2026-02-17
ORD112392,1198,P0005,Laptop & Accessory,5,positive,2025-11-17
ORD100603,1702,P0019,Mobile Phone,4,positive,2025-11-12
ORD116780,1842,P0065,Grocery,5,positive,2026-08-07
ORD113660,2135,P0008,Laptop & Accessory,4,positive,2025-10-22
ORD110450,1140,P0010,Laptop & Accessory,4,positive,2025-11-14
ORD114524,144,P0010,Laptop & Accessory,3,neutral,2026-03-31
ORD113038,296,P0021,Mobile Phone,5,positive,2026-05-10
ORD114739,306,P0003,Laptop & Accessory,5,positive,2025-12-06
ORD125474,1784,P0058,Others,5,positive,2026-01-18
ORD107608,2155,P0006,Laptop & Accessory,3,neutral,2026-08-27
ORD114765,1707,P0010,Laptop & Accessory,4,positive,2026-05-18
ORD121982,2481,P0018,Mobile Phone,5,positive,2025-09-15
ORD120324,314,P0038,Fashion,4,positive,2025-08-28
ORD117957,3065,P0008,Laptop & Accessory,4,positive,2026-07-24
ORD105359,3739,P0043,Fashion,4,positive,2025-10-01
ORD111001,4297,P0007,Laptop & Accessory,5,positive,2025-12-09
ORD121414,2605,P0013,Mobile Phone,4,positive,2025-09-25
ORD108878,2180,P0018,Mobile Phone,4,positive,2025-11-06
ORD115863,3117,P0029,Household,3,neutral,2025-09-02
ORD117728,2906,P0023,Mobile Phone,4,positive,2026-05-19
ORD111351,3771,P0035,Household,4,positive,2026-05-23
ORD106940,1024,P0005,Laptop & Accessory,5,positive,2026-06-27
ORD107002,2397,P0037,Fashion,4,positive,2025-11-12
ORD109274,2256,P0022,Mobile Phone,4,positive,2025-12-18
ORD106853,483,P0018,Mobile Phone,4,positive,2026-05-12
ORD102485,3117,P0069,Grocery,4,positive,2026-02-19
ORD117490,385,P0010,Laptop & Accessory,4,positive,2026-02-25
ORD115755,4173,P0007,Laptop & Accessory,5,positive,2026-05-06
ORD102459,3933,P0013,Mobile Phone,4,positive,2026-02-05
ORD116985,176,P0005,Laptop & Accessory,5,positive,2025-09-04
ORD101111,2345,P0020,Mobile Phone,4,positive,2026-03-06
ORD103472,2015,P0065,Grocery,2,negative,2026-03-30
ORD116890,282,P0023,Mobile Phone,4,positive,2026-07-05
ORD124701,4271,P0045,Fashion,4,positive,2025-09-14
ORD107829,577,P0043,Fashion,4,positive,2025-11-04
ORD115180,497,P0002,Laptop & Accessory,4,positive,2026-06-19
ORD106856,2373,P0018,Mobile Phone,5,positive,2025-11-15
ORD104777,1064,P0010,Laptop & Accessory,4,positive,2025-11-30
ORD103310,3631,P0029,Household,4,positive,2025-09-23
ORD122340,1400,P0008,Laptop & Accessory,5,positive,2026-04-04
ORD115987,3589,P0045,Fashion,5,positive,2026-05-21
ORD117805,1338,P0008,Laptop & Accessory,5,positive,2026-06-21
ORD103139,688,P0042,Fashion,5,positive,2025-11-30
ORD114689,3944,P0018,Mobile Phone,5,positive,2026-04-12
ORD115924,1842,P0014,Mobile Phone,4,positive,2026-02-28
ORD119473,1409,P0013,Mobile Phone,4,positive,2026-01-10
ORD105965,1312,P0013,Mobile Phone,5,positive,2026-02-17
ORD122873,351,P0014,Mobile Phone,4,positive,2025-11-07
ORD125503,816,P0001,Laptop & Accessory,5,positive,2026-06-03
ORD113964,2184,P0022,Mobile Phone,4,positive,2026-01-29
ORD108494,3574,P0006,Laptop & Accessory,3,neutral,2026-05-16
ORD109744,180,P0007,Laptop & Accessory,4,positive,2026-01-17
ORD106759,1531,P0016,Mobile Phone,4,positive,2025-08-16
ORD100609,738,P0011,Laptop & Accessory,4,positive,2025-08-12
ORD115355,1644,P0013,Mobile Phone,4,positive,2026-08-11
ORD124977,2279,P0021,Mobile Phone,4,positive,2026-06-18
ORD101526,278,P0039,Fashion,4,positive,2025-08-16
ORD113733,1548,P0010,Laptop & Accessory,4,positive,2026-01-10
ORD111192,529,P0042,Fashion,3,neutral,2026-02-10
ORD121608,4069,P0030,Household,4,positive,2025-10-11
ORD103239,805,P0010,Laptop & Accessory,4,positive,2026-06-13
ORD119014,1678,P0002,Laptop & Accessory,3,neutral,2026-05-14
ORD113718,1803,P0029,Household,2,negative,2026-06-05
ORD114337,2043,P0024,Mobile Phone,5,positive,2026-06-18
ORD118849,4381,P0017,Mobile Phone,4,positive,2026-05-07
ORD108447,3781,P0067,Grocery,4,positive,2026-07-28
ORD121620,504,P0038,Fashion,5,positive,2026-03-09
ORD117717,68,P0046,Fashion,4,positive,2026-08-17
ORD108630,3789,P0027,Household,5,positive,2026-06-17
ORD115798,4368,P0030,Household,3,neutral,2026-02-17
ORD106338,786,P0045,Fashion,4,positive,2025-10-16
ORD121098,1633,P0010,Laptop & Accessory,5,positive,2026-06-24
ORD108380,3001,P0022,Mobile Phone,4,positive,2026-04-19
ORD115657,2629,P0006,Laptop & Accessory,4,positive,2026-04-21
ORD123226,413,P0004,Laptop & Accessory,4,positive,2026-08-24
ORD118930,2609,P0041,Fashion,3,neutral,2026-05-05
ORD118547,791,P0008,Laptop & Accessory,5,positive,2025-11-15
ORD106578,3174,P0030,Household,4,positive,2026-04-06
ORD103620,2453,P0018,Mobile Phone,5,positive,2026-05-01
ORD110628,2156,P0027,Household,4,positive,2025-11-05
ORD115108,1691,P0010,Laptop & Accessory,4,positive,2026-07-29
ORD108018,619,P0004,Laptop & Accessory,3,neutral,2026-07-14
ORD109614,3923,P0010,Laptop & Accessory,4,positive,2026-06-15
ORD109834,1109,P0038,Fashion,4,positive,2025-08-04
ORD107284,1915,P0008,Laptop & Accessory,5,positive,2026-02-05
ORD123417,1775,P0012,Laptop & Accessory,5,positive,2025-11-04
ORD107415,333,P0038,Fashion,5,positive,2026-05-08
ORD115103,100,P0009,Laptop & Accessory,4,positive,2025-09-16
ORD113832,1884,P0008,Laptop & Accessory,4,positive,2026-01-03
ORD103278,2615,P0046,Fashion,4,positive,2025-10-02
ORD114436,1974,P0009,Laptop & Accessory,4,positive,2026-01-06
ORD102870,2689,P0029,Household,4,positive,2025-11-04
ORD102584,1106,P0006,Laptop & Accessory,4,positive,2026-09-01
ORD108094,1870,P0053,Others,5,positive,2026-07-15
ORD125470,3617,P0013,Mobile Phone,4,positive,2026-08-05
ORD123155,1492,P0010,Laptop & Accessory,4,positive,2026-01-31
ORD108077,69,P0046,Fashion,3,neutral,2025-08-07
ORD101920,845,P0008,Laptop & Accessory,5,positive,2025-11-17
ORD108896,198,P0003,Laptop & Accessory,4,positive,2026-02-03
ORD119729,3147,P0029,Household,4,positive,2026-04-16
ORD106050,2136,P0012,Laptop & Accessory,4,positive,2025-09-07
ORD117171,434,P0031,Household,3,neutral,2026-05-01
ORD123006,3661,P0020,Mobile Phone,4,positive,2025-10-21
ORD110970,981,P0042,Fashion,5,positive,2026-08-05
ORD102689,3340,P0012,Laptop & Accessory,3,neutral,2026-04-14
ORD123653,4416,P0018,Mobile Phone,5,positive,2026-03-15
ORD100631,4353,P0013,Mobile Phone,5,positive,2026-04-29
ORD121188,1614,P0018,Mobile Phone,3,neutral,2025-08-12
ORD103479,1874,P0010,Laptop & Accessory,4,positive,2025-12-31
ORD103649,2955,P0006,Laptop & Accessory,4,positive,2025-11-18
ORD116879,303,P0006,Laptop & Accessory,4,positive,2026-05-28
ORD123144,2671,P0029,Household,4,positive,2025-11-15
ORD117768,364,P0029,Household,3,neutral,2026-04-14
ORD111569,2302,P0035,Household,4,positive,2025-08-07
ORD117504,2139,P0023,Mobile Phone,5,positive,2026-05-08
ORD110299,2700,P0046,Fashion,4,positive,2025-10-22
ORD124763,2171,P0013,Mobile Phone,4,positive,2026-06-15
ORD124032,1428,P0044,Fashion,3,neutral,2026-03-07
ORD108150,3425,P0018,Mobile Phone,3,neutral,2025-09-28
ORD118451,2778,P0059,Others,3,neutral,2026-07-04
ORD119232,313,P0010,Laptop & Accessory,4,positive,2026-08-08
ORD117841,3243,P0010,Laptop & Accessory,5,positive,2026-01-07
ORD106550,735,P0005,Laptop & Accessory,4,positive,2026-06-21
ORD112073,3792,P0043,Fashion,5,positive,2025-11-22
ORD106571,1776,P0021,Mobile Phone,4,positive,2026-05-17
ORD113110,3325,P0001,Laptop & Accessory,5,positive,2026-07-21
ORD122931,4240,P0026,Household,4,positive,2026-06-04
ORD102129,659,P0063,Grocery,4,positive,2025-09-03
ORD101915,412,P0037,Fashion,4,positive,2026-06-03
ORD119840,741,P0018,Mobile Phone,4,positive,2026-07-16
ORD109128,1391,P0055,Others,5,positive,2026-04-06
ORD122010,2796,P0026,Household,5,positive,2025-10-24
ORD101844,1584,P0004,Laptop & Accessory,5,positive,2026-08-07
ORD100222,3906,P0054,Others,4,positive,2026-05-28
ORD125394,3756,P0029,Household,4,positive,2026-06-15
ORD100953,1705,P0010,Laptop & Accessory,4,positive,2025-09-15
ORD115170,4337,P0019,Mobile Phone,4,positive,2025-11-06
ORD109540,3932,P0013,Mobile Phone,4,positive,2026-05-31
ORD111108,3684,P0014,Mobile Phone,5,positive,2025-10-11
ORD112142,175,P0009,Laptop & Accessory,3,neutral,2026-07-28
ORD108646,118,P0043,Fashion,4,positive,2026-06-25
ORD103143,3838,P0008,Laptop & Accessory,4,positive,2026-04-22
ORD120789,565,P0006,Laptop & Accessory,5,positive,2025-11-07
ORD107407,257,P0013,Mobile Phone,5,positive,2025-10-06
ORD110283,1887,P0031,Household,4,positive,2026-06-10
ORD125662,211,P0023,Mobile Phone,4,positive,2026-03-28
ORD121999,591,P0001,Laptop & Accessory,4,positive,2026-04-21
ORD107796,2012,P0045,Fashion,5,positive,2026-04-27
ORD111734,3401,P0046,Fashion,4,positive,2026-06-26
ORD113839,1725,P0021,Mobile Phone,3,neutral,2025-08-29
ORD122973,21,P0058,Others,4,positive,2026-08-16
ORD123085,370,P0010,Laptop & Accessory,4,positive,2026-08-13
ORD104528,526,P0008,Laptop & Accessory,4,positive,2025-09-05
ORD125340,704,P0026,Household,4,positive,2026-05-20
ORD108696,1501,P0001,Laptop & Accessory,5,positive,2026-04-01
ORD104175,2500,P0030,Household,4,positive,2026-06-04
ORD121292,853,P0010,Laptop & Accessory,4,positive,2026-06-04
ORD103753,1336,P0011,Laptop & Accessory,4,positive,2025-10-08
ORD113951,2593,P0023,Mobile Phone,4,positive,2026-06-02
ORD110958,3856,P0010,Laptop & Accessory,3,neutral,2026-03-13
ORD109331,3434,P0033,Household,3,neutral,2026-05-07
ORD115633,3360,P0006,Laptop & Accessory,4,positive,2026-08-06
ORD116682,2532,P0006,Laptop & Accessory,4,positive,2026-08-02
ORD100933,2401,P0009,Laptop & Accessory,5,positive,2026-07-14
ORD114707,2537,P0010,Laptop & Accessory,4,positive,2025-11-08
ORD101538,2843,P0015,Mobile Phone,3,neutral,2025-11-27
ORD125281,552,P0069,Grocery,3,neutral,2026-08-21
ORD107724,1023,P0010,Laptop & Accessory,4,positive,2025-10-20
ORD125443,4048,P0009,Laptop & Accessory,4,positive,2026-06-08
ORD103038,696,P0004,Laptop & Accessory,4,positive,2025-08-20
ORD102941,4083,P0024,Mobile Phone,4,positive,2025-08-29
ORD122977,2782,P0023,Mobile Phone,5,positive,2026-01-27
ORD119806,749,P0010,Laptop & Accessory,5,positive,2025-11-08
ORD118922,2468,P0018,Mobile Phone,4,positive,2025-08-27
ORD116251,3152,P0026,Household,4,positive,2026-08-26
ORD114975,985,P0010,Laptop & Accessory,5,positive,2025-11-18
ORD109045,3808,P0065,Grocery,4,positive,2025-09-24
ORD120024,1345,P0026,Household,4,positive,2026-06-17
ORD103333,1831,P0006,Laptop & Accessory,4,positive,2026-06-25
ORD106114,539,P0001,Laptop & Accessory,5,positive,2026-01-06
ORD108445,2475,P0012,Laptop & Accessory,4,positive,2025-11-12
ORD110515,3522,P0065,Grocery,3,neutral,2025-08-20
ORD110562,2776,P0038,Fashion,4,positive,2026-05-28
ORD118531,1193,P0069,Grocery,4,positive,2025-11-26
ORD107752,2250,P0008,Laptop & Accessory,5,positive,2025-09-13
ORD105193,885,P0045,Fashion,4,positive,2026-06-19
ORD103197,504,P0047,Fashion,4,positive,2025-08-28
ORD103948,420,P0041,Fashion,4,positive,2026-04-09
ORD121814,427,P0010,Laptop & Accessory,4,positive,2026-06-13
ORD117660,3828,P0010,Laptop & Accessory,3,neutral,2025-09-05
ORD124343,1530,P0032,Household,4,positive,2025-11-10
ORD114532,2029,P0020,Mobile Phone,5,positive,2026-08-13
ORD104506,1042,P0055,Others,3,neutral,2025-11-11
ORD112680,2293,P0018,Mobile Phone,4,positive,2025-11-11
ORD115190,620,P0037,Fashion,5,positive,2025-11-08
ORD121515,2117,P0007,Laptop & Accessory,4,positive,2026-06-21
ORD123616,1576,P0014,Mobile Phone,4,positive,2025-11-08
ORD125037,74,P0044,Fashion,5,positive,2026-01-07
ORD102428,427,P0004,Laptop & Accessory,5,positive,2025-11-14
ORD105302,1903,P0010,Laptop & Accessory,5,positive,2025-10-09
ORD106955,15,P0046,Fashion,4,positive,2026-02-25
ORD100100,3251,P0006,Laptop & Accessory,4,positive,2025-12-10
ORD122303,3639,P0023,Mobile Phone,4,positive,2025-12-12
ORD104332,3374,P0012,Laptop & Accessory,4,positive,2026-05-20
ORD119907,4307,P0036,Household,4,positive,2026-04-30
ORD117505,1245,P0012,Laptop & Accessory,4,positive,2025-08-21
ORD124615,570,P0014,Mobile Phone,4,positive,2025-10-08
ORD104568,1308,P0004,Laptop & Accessory,3,neutral,2026-08-18
ORD100424,2612,P0023,Mobile Phone,5,positive,2026-05-26
ORD124593,662,P0010,Laptop & Accessory,4,positive,2025-09-30
ORD120270,1028,P0024,Mobile Phone,5,positive,2026-08-21
ORD110263,192,P0010,Laptop & Accessory,4,positive,2026-07-15
ORD117727,1570,P0038,Fashion,4,positive,2025-11-05
ORD117855,3770,P0047,Fashion,5,positive,2026-08-13
ORD108922,3707,P0055,Others,4,positive,2025-11-17
ORD115354,992,P0037,Fashion,4,positive,2025-11-09
ORD108029,277,P0059,Others,4,positive,2025-10-20
ORD101314,2769,P0037,Fashion,4,positive,2025-11-16
ORD119882,3634,P0022,Mobile Phone,4,positive,2025-09-27
ORD125076,2957,P0018,Mobile Phone,3,neutral,2025-11-26
ORD102452,656,P0069,Grocery,5,positive,2026-03-11
ORD103760,718,P0005,Laptop & Accessory,4,positive,2025-08-28
ORD104713,3003,P0068,Grocery,4,positive,2025-11-13
ORD125815,100,P0029,Household,5,positive,2025-11-14
ORD102529,111,P0010,Laptop & Accessory,3,neutral,2026-06-13
ORD109205,1161,P0036,Household,4,positive,2025-08-19
ORD120513,3937,P0010,Laptop & Accessory,4,positive,2026-01-25
ORD119127,3010,P0007,Laptop & Accessory,4,positive,2026-07-01
ORD104614,1696,P0010,Laptop & Accessory,5,positive,2026-03-19
ORD115892,3369,P0013,Mobile Phone,4,positive,2026-07-03
ORD120028,3591,P0021,Mobile Phone,4,positive,2026-05-20
ORD114409,951,P0010,Laptop & Accessory,4,positive,2025-10-28
ORD121048,551,P0010,Laptop & Accessory,4,positive,2026-02-01
ORD102549,288,P0024,Mobile Phone,4,positive,2026-08-07
ORD116949,1461,P0010,Laptop & Accessory,3,neutral,2026-05-08
ORD122029,1805,P0018,Mobile Phone,5,positive,2025-11-10
ORD102178,2967,P0069,Grocery,3,neutral,2026-03-20
ORD123623,618,P0027,Household,3,neutral,2025-08-04
ORD119019,3129,P0010,Laptop & Accessory,5,positive,2025-08-19
ORD101863,4298,P0005,Laptop & Accessory,5,positive,2025-08-18
ORD119740,1254,P0037,Fashion,4,positive,2025-09-05
ORD104721,920,P0031,Household,4,positive,2026-05-19
ORD103435,3743,P0029,Household,3,neutral,2025-11-05
ORD103029,349,P0031,Household,3,neutral,2026-03-03
ORD110837,3801,P0018,Mobile Phone,4,positive,2025-12-29
ORD122695,1766,P0069,Grocery,5,positive,2025-12-01
ORD123788,1910,P0016,Mobile Phone,5,positive,2025-11-15
ORD107831,2325,P0018,Mobile Phone,4,positive,2026-08-22
ORD112327,2961,P0030,Household,4,positive,2026-02-25
ORD124962,4143,P0029,Household,3,neutral,2025-11-18
ORD109932,2452,P0008,Laptop & Accessory,4,positive,2025-12-28
ORD122905,2067,P0021,Mobile Phone,4,positive,2025-11-30
ORD105632,3827,P0012,Laptop & Accessory,3,neutral,2025-09-18
ORD103433,3099,P0026,Household,4,positive,2026-06-29
ORD114733,3958,P0021,Mobile Phone,4,positive,2026-01-03
ORD103748,1314,P0008,Laptop & Accessory,5,positive,2025-11-25
ORD122396,2940,P0028,Household,4,positive,2026-01-05
ORD120957,1109,P0042,Fashion,4,positive,2026-07-11
ORD107463,2231,P0008,Laptop & Accessory,4,positive,2026-08-20
ORD114329,1656,P0067,Grocery,4,positive,2026-03-01
ORD122207,1381,P0038,Fashion,5,positive,2026-02-17
ORD106683,422,P0010,Laptop & Accessory,4,positive,2026-08-08
ORD108893,2388,P0016,Mobile Phone,4,positive,2025-12-11
ORD116350,4425,P0069,Grocery,4,positive,2025-10-15
ORD122948,2234,P0042,Fashion,5,positive,2025-11-15
ORD100060,2416,P0017,Mobile Phone,4,positive,2025-11-17
ORD116667,2056,P0014,Mobile Phone,4,positive,2025-11-13
ORD102317,3026,P0029,Household,4,positive,2025-08-11
ORD123420,708,P0017,Mobile Phone,3,neutral,2025-11-12
ORD123305,1566,P0005,Laptop & Accessory,4,positive,2026-03-02
ORD125560,1082,P0036,Household,5,positive,2026-06-18
ORD121864,2594,P0018,Mobile Phone,4,positive,2026-05-18
ORD125437,1070,P0004,Laptop & Accessory,4,positive,2025-11-10
ORD120337,2202,P0058,Others,4,positive,2026-03-05
ORD110308,2802,P0010,Laptop & Accessory,4,positive,2026-07-15
ORD105599,557,P0010,Laptop & Accessory,4,positive,2026-06-15
ORD111294,3611,P0019,Mobile Phone,3,neutral,2025-11-12
ORD114729,2098,P0016,Mobile Phone,3,neutral,2026-01-08
ORD101841,2117,P0004,Laptop & Accessory,4,positive,2026-01-24
ORD110439,1105,P0002,Laptop & Accessory,4,positive,2025-11-11
ORD112000,1631,P0024,Mobile Phone,4,positive,2026-01-02
ORD121848,2243,P0018,Mobile Phone,4,positive,2026-05-29
ORD100252,22,P0024,Mobile Phone,3,neutral,2025-10-11
ORD101494,4367,P0017,Mobile Phone,4,positive,2026-06-14
ORD114867,284,P0006,Laptop & Accessory,4,positive,2026-06-04
ORD118151,302,P0011,Laptop & Accessory,5,positive,2026-02-15
ORD122881,42,P0006,Laptop & Accessory,3,neutral,2025-11-13
ORD106070,579,P0006,Laptop & Accessory,5,positive,2026-02-06
ORD117972,3244,P0008,Laptop & Accessory,5,positive,2026-02-22
ORD108745,4286,P0028,Household,4,positive,2025-12-09
ORD106974,2157,P0012,Laptop & Accessory,5,positive,2026-02-17
ORD120109,406,P0009,Laptop & Accessory,3,neutral,2026-06-19
ORD114560,23,P0069,Grocery,4,positive,2026-06-07
ORD103123,322,P0008,Laptop & Accessory,4,positive,2026-02-14
ORD103636,923,P0025,Household,5,positive,2025-12-05
ORD105259,487,P0010,Laptop & Accessory,4,positive,2025-10-01
ORD121699,3379,P0034,Household,5,positive,2025-08-27
ORD116356,3897,P0045,Fashion,3,neutral,2026-05-10
ORD114718,3467,P0026,Household,4,positive,2026-07-18
ORD110514,825,P0014,Mobile Phone,4,positive,2026-02-13
ORD113981,1578,P0013,Mobile Phone,4,positive,2025-11-17
ORD110610,2442,P0046,Fashion,4,positive,2026-05-03
ORD110949,1039,P0010,Laptop & Accessory,3,neutral,2026-03-17
ORD108642,1666,P0004,Laptop & Accessory,4,positive,2025-11-10
ORD109790,3854,P0015,Mobile Phone,5,positive,2025-12-18
ORD123464,2102,P0058,Others,4,positive,2026-08-01
ORD109074,2685,P0006,Laptop & Accessory,4,positive,2025-12-23
ORD120059,1772,P0018,Mobile Phone,5,positive,2025-10-01
ORD113636,1014,P0047,Fashion,5,positive,2025-11-11
ORD109804,1018,P0003,Laptop & Accessory,5,positive,2025-10-21
ORD108719,3218,P0029,Household,4,positive,2026-08-13
ORD121436,2781,P0044,Fashion,3,neutral,2025-10-21
ORD122084,1070,P0006,Laptop & Accessory,4,positive,2026-06-22
ORD119502,763,P0046,Fashion,5,positive,2026-08-15
ORD118809,2040,P0013,Mobile Phone,4,positive,2026-02-08
ORD108248,2707,P0037,Fashion,5,positive,2026-04-16
ORD110749,472,P0028,Household,4,positive,2025-10-03
ORD101543,3418,P0002,Laptop & Accessory,4,positive,2026-07-28
ORD119841,1860,P0015,Mobile Phone,4,positive,2026-08-21
ORD104820,95,P0007,Laptop & Accessory,3,neutral,2026-07-15
ORD103014,2262,P0050,Others,5,positive,2026-01-07
ORD111922,1356,P0007,Laptop & Accessory,5,positive,2026-06-20
ORD111256,3283,P0067,Grocery,4,positive,2025-08-21
ORD106389,189,P0008,Laptop & Accessory,4,positive,2025-09-21
ORD101827,1737,P0002,Laptop & Accessory,5,positive,2026-07-30
ORD116127,382,P0033,Household,4,positive,2025-08-07
ORD116654,2173,P0018,Mobile Phone,5,positive,2026-08-07
ORD108062,1381,P0039,Fashion,4,positive,2026-07-29
ORD102853,928,P0013,Mobile Phone,4,positive,2026-01-12
ORD116502,2973,P0010,Laptop & Accessory,5,positive,2026-04-05
ORD124384,3568,P0059,Others,3,neutral,2025-11-16
ORD105934,2989,P0015,Mobile Phone,3,neutral,2026-06-17
ORD112815,567,P0022,Mobile Phone,4,positive,2025-11-27
ORD103254,4282,P0021,Mobile Phone,5,positive,2026-01-07
ORD103670,203,P0010,Laptop & Accessory,5,positive,2026-08-26
ORD121074,4445,P0018,Mobile Phone,4,positive,2026-07-08
ORD116180,1172,P0049,Others,5,positive,2025-12-28
ORD109047,1642,P0035,Household,5,positive,2026-06-24
ORD100395,3199,P0020,Mobile Phone,2,negative,2026-04-16
ORD107629,2037,P0020,Mobile Phone,4,positive,2025-11-12
ORD110887,2255,P0022,Mobile Phone,4,positive,2026-03-28
ORD112738,1699,P0024,Mobile Phone,5,positive,2026-07-25
ORD125782,1141,P0005,Laptop & Accessory,4,positive,2026-01-27
ORD116373,627,P0009,Laptop & Accessory,2,negative,2026-02-07
ORD105789,545,P0040,Fashion,4,positive,2026-02-04
ORD113703,2042,P0023,Mobile Phone,5,positive,2026-08-11
ORD100002,4022,P0023,Mobile Phone,5,positive,2026-07-30
ORD115542,2845,P0005,Laptop & Accessory,4,positive,2026-05-11
ORD120558,1737,P0048,Fashion,4,positive,2026-06-08
ORD104349,1312,P0024,Mobile Phone,4,positive,2026-04-20
ORD107678,2655,P0010,Laptop & Accessory,4,positive,2025-12-12
ORD121219,1253,P0037,Fashion,5,positive,2026-06-22
ORD107278,1451,P0019,Mobile Phone,4,positive,2026-07-17
ORD111060,3417,P0045,Fashion,5,positive,2025-10-04
ORD125935,1108,P0006,Laptop & Accessory,4,positive,2025-11-06
ORD123558,2556,P0010,Laptop & Accessory,4,positive,2025-09-07
ORD111365,1466,P0020,Mobile Phone,5,positive,2026-06-06
ORD104142,612,P0069,Grocery,4,positive,2026-01-29
ORD117423,2280,P0004,Laptop & Accessory,4,positive,2026-07-04
ORD115736,2364,P0046,Fashion,5,positive,2026-03-08
ORD101232,304,P0007,Laptop & Accessory,4,positive,2026-04-03
ORD124775,588,P0028,Household,4,positive,2026-05-22
ORD112835,972,P0045,Fashion,5,positive,2026-06-21
ORD106091,605,P0015,Mobile Phone,5,positive,2026-06-24
ORD124869,2324,P0010,Laptop & Accessory,4,positive,2026-06-14
ORD116457,507,P0017,Mobile Phone,4,positive,2025-12-06
ORD115985,1627,P0003,Laptop & Accessory,5,positive,2026-03-03
ORD122109,1614,P0013,Mobile Phone,5,positive,2026-09-01
ORD107140,4436,P0002,Laptop & Accessory,3,neutral,2026-05-12
ORD123442,3445,P0035,Household,4,positive,2026-01-23
ORD107852,2370,P0018,Mobile Phone,4,positive,2025-09-30
ORD115629,4247,P0008,Laptop & Accessory,4,positive,2025-11-18
ORD121775,1031,P0037,Fashion,4,positive,2025-09-27
ORD101785,3779,P0013,Mobile Phone,4,positive,2026-01-11
ORD122313,1349,P0010,Laptop & Accessory,4,positive,2025-11-04
ORD113408,3884,P0010,Laptop & Accessory,5,positive,2025-08-25
ORD106002,2580,P0010,Laptop & Accessory,4,positive,2025-11-02
ORD109988,3354,P0007,Laptop & Accessory,5,positive,2026-05-08
ORD120409,570,P0023,Mobile Phone,4,positive,2025-08-16
ORD118006,73,P0018,Mobile Phone,4,positive,2025-10-08
ORD123503,2482,P0017,Mobile Phone,3,neutral,2026-01-31
ORD124505,169,P0037,Fashion,5,positive,2025-10-16
ORD108741,536,P0020,Mobile Phone,4,positive,2026-04-15
ORD114760,183,P0069,Grocery,4,positive,2025-12-03
ORD100976,2799,P0029,Household,4,positive,2026-07-06
ORD124455,683,P0044,Fashion,4,positive,2026-06-24
ORD122942,21,P0015,Mobile Phone,4,positive,2025-11-10
ORD104740,2835,P0069,Grocery,4,positive,2026-06-28
ORD124197,981,P0045,Fashion,4,positive,2026-04-06
ORD100276,563,P0018,Mobile Phone,3,neutral,2026-04-15
ORD109780,426,P0010,Laptop & Accessory,4,positive,2025-11-16
ORD123585,679,P0012,Laptop & Accessory,5,positive,2025-08-14
ORD113750,1397,P0031,Household,5,positive,2025-12-30
ORD115532,3430,P0006,Laptop & Accessory,3,neutral,2026-02-11
ORD100242,923,P0030,Household,3,neutral,2026-06-14
ORD105203,919,P0031,Household,3,neutral,2025-11-29
ORD116589,1728,P0010,Laptop & Accessory,5,positive,2026-07-21
ORD103559,1687,P0018,Mobile Phone,3,neutral,2026-01-31
ORD111132,2266,P0024,Mobile Phone,4,positive,2026-01-01
ORD102172,2700,P0042,Fashion,5,positive,2026-05-30
ORD124555,3425,P0003,Laptop & Accessory,4,positive,2025-10-08
ORD115981,45,P0052,Others,5,positive,2025-11-10
ORD121516,238,P0010,Laptop & Accessory,5,positive,2026-07-10
ORD113603,2357,P0002,Laptop & Accessory,5,positive,2026-06-17
ORD104934,652,P0046,Fashion,4,positive,2026-04-18
ORD114939,337,P0062,Grocery,4,positive,2026-06-16
ORD120560,3898,P0023,Mobile Phone,4,positive,2026-03-04
ORD103512,2523,P0047,Fashion,3,neutral,2026-05-12
ORD115264,656,P0010,Laptop & Accessory,3,neutral,2025-09-17
ORD108166,427,P0006,Laptop & Accessory,5,positive,2025-09-23
ORD115913,1661,P0007,Laptop & Accessory,4,positive,2026-01-14
ORD107316,97,P0001,Laptop & Accessory,4,positive,2025-12-16
ORD115577,2904,P0021,Mobile Phone,5,positive,2025-10-29
ORD123207,160,P0008,Laptop & Accessory,3,neutral,2026-02-04
ORD108090,280,P0032,Household,4,positive,2026-05-04
ORD121325,3760,P0038,Fashion,3,neutral,2025-11-16
ORD106142,568,P0072,Grocery,3,neutral,2026-02-08
ORD104295,1309,P0041,Fashion,3,neutral,2026-02-11
ORD120237,1691,P0046,Fashion,5,positive,2025-12-02
ORD100629,1334,P0037,Fashion,4,positive,2026-07-13
ORD119239,162,P0056,Others,5,positive,2026-07-14
ORD117140,604,P0010,Laptop & Accessory,4,positive,2026-03-16
ORD120852,627,P0010,Laptop & Accessory,5,positive,2025-10-29
ORD113942,1816,P0027,Household,4,positive,2026-05-26
ORD125199,3743,P0034,Household,4,positive,2026-05-21
ORD100217,3772,P0065,Grocery,5,positive,2026-06-22
ORD112011,1731,P0001,Laptop & Accessory,4,positive,2026-02-09
ORD109409,2864,P0018,Mobile Phone,4,positive,2026-05-08
ORD125452,3680,P0058,Others,4,positive,2026-06-23
ORD119948,553,P0008,Laptop & Accessory,2,negative,2026-02-05
ORD103678,1433,P0010,Laptop & Accessory,3,neutral,2026-07-29
ORD118020,1490,P0010,Laptop & Accessory,3,neutral,2026-04-15
ORD103506,202,P0006,Laptop & Accessory,5,positive,2026-06-24
ORD115687,2445,P0062,Grocery,5,positive,2026-08-09
ORD105671,1833,P0011,Laptop & Accessory,4,positive,2025-10-15
ORD113445,3395,P0034,Household,4,positive,2026-03-02
ORD101063,2447,P0022,Mobile Phone,5,positive,2026-03-18
ORD125907,4192,P0019,Mobile Phone,5,positive,2025-12-24
ORD121888,1064,P0010,Laptop & Accessory,5,positive,2025-10-19
ORD104689,5,P0023,Mobile Phone,4,positive,2026-03-10
ORD110802,624,P0065,Grocery,3,neutral,2025-10-05
ORD107505,1190,P0036,Household,5,positive,2026-06-30
ORD118279,994,P0018,Mobile Phone,5,positive,2026-05-06
ORD113066,87,P0011,Laptop & Accessory,3,neutral,2026-09-01
ORD113322,33,P0067,Grocery,4,positive,2025-11-11
ORD101695,1871,P0057,Others,4,positive,2025-10-25
ORD123506,2018,P0037,Fashion,4,positive,2025-11-15
ORD107841,1856,P0019,Mobile Phone,4,positive,2025-11-15
ORD110542,1435,P0012,Laptop & Accessory,3,neutral,2026-07-31
ORD121908,4304,P0033,Household,3,neutral,2026-01-20
ORD119130,3239,P0029,Household,4,positive,2026-06-14
ORD120232,2532,P0006,Laptop & Accessory,5,positive,2026-06-23
ORD115032,3402,P0010,Laptop & Accessory,4,positive,2026-03-14
ORD120479,654,P0003,Laptop & Accessory,4,positive,2026-02-24
ORD104523,1072,P0010,Laptop & Accessory,4,positive,2026-04-09
ORD121081,2183,P0006,Laptop & Accessory,4,positive,2025-11-08
ORD116897,22,P0024,Mobile Phone,4,positive,2026-06-14
ORD100878,1688,P0029,Household,4,positive,2026-03-16
ORD100145,1678,P0009,Laptop & Accessory,4,positive,2025-09-28
ORD117194,1122,P0006,Laptop & Accessory,4,positive,2026-05-24
ORD122204,1483,P0052,Others,5,positive,2026-03-25
ORD105457,1929,P0018,Mobile Phone,3,neutral,2026-02-27
ORD107131,2005,P0046,Fashion,4,positive,2026-01-25
ORD125922,68,P0039,Fashion,4,positive,2026-02-28
ORD120964,1493,P0069,Grocery,4,positive,2026-03-15
ORD113283,1677,P0037,Fashion,4,positive,2026-05-11
ORD120434,2040,P0007,Laptop & Accessory,4,positive,2025-11-04
ORD121146,1230,P0004,Laptop & Accessory,4,positive,2026-05-19
ORD102140,1,P0039,Fashion,3,neutral,2026-01-30
ORD121440,166,P0039,Fashion,4,positive,2025-09-30
ORD114752,4139,P0025,Household,4,positive,2026-06-16
ORD123993,4041,P0010,Laptop & Accessory,4,positive,2025-11-07
ORD103274,2245,P0043,Fashion,4,positive,2026-03-17
ORD103448,2937,P0018,Mobile Phone,4,positive,2025-11-08
ORD109411,280,P0040,Fashion,4,positive,2025-12-02
ORD115619,2292,P0023,Mobile Phone,5,positive,2026-05-24
ORD122571,586,P0023,Mobile Phone,4,positive,2025-12-11
ORD125460,2260,P0018,Mobile Phone,4,positive,2026-08-10
ORD116408,1666,P0004,Laptop & Accessory,4,positive,2025-08-06
ORD117880,2869,P0013,Mobile Phone,3,neutral,2025-11-06
ORD114202,3751,P0013,Mobile Phone,3,neutral,2025-12-26
ORD117598,484,P0041,Fashion,4,positive,2026-06-21
ORD113837,3396,P0046,Fashion,3,neutral,2026-06-21
ORD103148,2802,P0010,Laptop & Accessory,5,positive,2025-11-17
ORD114252,262,P0019,Mobile Phone,4,positive,2025-11-15
ORD112614,4196,P0026,Household,4,positive,2025-12-08
ORD123574,363,P0007,Laptop & Accessory,4,positive,2026-06-18
ORD122338,2339,P0013,Mobile Phone,4,positive,2025-08-18
ORD107291,1706,P0008,Laptop & Accessory,5,positive,2026-06-23
ORD116273,902,P0053,Others,4,positive,2025-12-09
ORD114548,2269,P0039,Fashion,4,positive,2025-11-04
ORD116768,1470,P0010,Laptop & Accessory,4,positive,2026-03-14
ORD110569,753,P0039,Fashion,4,positive,2026-07-03
ORD102634,68,P0039,Fashion,5,positive,2025-12-11
ORD111765,1438,P0042,Fashion,5,positive,2025-11-07
ORD110385,1647,P0010,Laptop & Accessory,5,positive,2026-06-04
ORD113144,650,P0010,Laptop & Accessory,3,neutral,2025-10-21
ORD110729,1849,P0059,Others,4,positive,2026-08-14
ORD106992,4435,P0035,Household,4,positive,2025-10-22
ORD123547,111,P0033,Household,3,neutral,2025-11-11
ORD120774,542,P0010,Laptop & Accessory,4,positive,2025-11-05
ORD105233,2665,P0029,Household,3,neutral,2026-01-10
ORD106928,3727,P0010,Laptop & Accessory,4,positive,2026-06-25
ORD114919,4066,P0063,Grocery,3,neutral,2026-03-06
ORD111251,1490,P0006,Laptop & Accessory,3,neutral,2025-12-01
ORD120294,509,P0023,Mobile Phone,4,positive,2025-10-31
ORD118413,546,P0007,Laptop & Accessory,5,positive,2026-06-17
ORD119051,549,P0023,Mobile Phone,3,neutral,2026-01-07
ORD111789,2551,P0020,Mobile Phone,3,neutral,2025-11-10
ORD123124,3852,P0018,Mobile Phone,4,positive,2026-05-11
ORD103185,115,P0049,Others,5,positive,2026-06-21
ORD116658,1708,P0042,Fashion,5,positive,2026-05-02
ORD105585,2497,P0018,Mobile Phone,4,positive,2026-03-25
ORD123918,3009,P0001,Laptop & Accessory,4,positive,2026-06-20
ORD104818,2860,P0006,Laptop & Accessory,4,positive,2026-03-30
ORD124696,1679,P0010,Laptop & Accessory,5,positive,2026-01-06
ORD123992,986,P0006,Laptop & Accessory,5,positive,2025-11-05
ORD107174,954,P0026,Household,4,positive,2025-11-11
ORD110046,1938,P0041,Fashion,4,positive,2025-09-03
ORD107450,414,P0012,Laptop & Accessory,4,positive,2026-06-10
ORD111295,601,P0011,Laptop & Accessory,4,positive,2026-09-01
ORD113773,2751,P0054,Others,3,neutral,2025-11-06
ORD114108,2978,P0018,Mobile Phone,3,neutral,2026-01-17
ORD116528,4169,P0029,Household,4,positive,2025-09-07
ORD109054,78,P0042,Fashion,3,neutral,2025-09-02
ORD106215,139,P0020,Mobile Phone,5,positive,2026-01-08
ORD123522,542,P0039,Fashion,5,positive,2025-09-03
ORD115043,1636,P0070,Grocery,2,negative,2025-10-21
ORD124379,2833,P0057,Others,5,positive,2026-04-25
ORD108186,501,P0012,Laptop & Accessory,5,positive,2026-03-17
ORD124438,1672,P0046,Fashion,4,positive,2026-06-26
ORD109482,3295,P0013,Mobile Phone,5,positive,2025-10-13
ORD116013,3779,P0069,Grocery,4,positive,2026-07-22
ORD109361,639,P0006,Laptop & Accessory,4,positive,2026-04-29
ORD123550,41,P0068,Grocery,4,positive,2025-12-20
ORD113100,2187,P0024,Mobile Phone,4,positive,2025-11-18
ORD116606,922,P0035,Household,5,positive,2026-05-01
ORD108915,3347,P0010,Laptop & Accessory,4,positive,2026-05-23
ORD109569,4042,P0030,Household,4,positive,2026-04-09
ORD108100,4456,P0002,Laptop & Accessory,5,positive,2026-07-26
ORD123650,1589,P0007,Laptop & Accessory,4,positive,2026-05-19
ORD108655,2632,P0049,Others,4,positive,2026-07-06
ORD113173,1525,P0008,Laptop & Accessory,3,neutral,2026-08-30
ORD109810,1245,P0008,Laptop & Accessory,4,positive,2026-07-29
ORD114633,2849,P0010,Laptop & Accessory,4,positive,2025-10-06
ORD115371,984,P0010,Laptop & Accessory,4,positive,2025-11-13
ORD120302,1577,P0018,Mobile Phone,4,positive,2026-08-16
ORD103676,2741,P0045,Fashion,5,positive,2026-02-11
ORD107169,2177,P0011,Laptop & Accessory,4,positive,2026-06-15
ORD101917,1042,P0042,Fashion,4,positive,2026-07-30
ORD115091,160,P0009,Laptop & Accessory,3,neutral,2026-06-22
ORD101689,280,P0053,Others,3,neutral,2026-01-10
ORD113454,1566,P0010,Laptop & Accessory,5,positive,2026-07-07
ORD125482,511,P0005,Laptop & Accessory,3,neutral,2026-06-06
ORD125499,158,P0010,Laptop & Accessory,3,neutral,2025-11-07
ORD102792,2244,P0055,Others,4,positive,2025-09-09
ORD122466,1026,P0012,Laptop & Accessory,3,neutral,2026-01-27
ORD103705,2952,P0029,Household,5,positive,2026-07-02
ORD101146,4055,P0055,Others,4,positive,2026-03-31
ORD123775,1168,P0040,Fashion,4,positive,2026-04-18
ORD101937,125,P0059,Others,4,positive,2026-06-16
ORD107645,1585,P0003,Laptop & Accessory,3,neutral,2025-08-21
ORD103469,422,P0010,Laptop & Accessory,3,neutral,2025-09-16
ORD117240,890,P0046,Fashion,4,positive,2026-05-24
ORD107646,83,P0001,Laptop & Accessory,4,positive,2025-10-01
ORD105355,346,P0006,Laptop & Accessory,4,positive,2025-08-12
ORD112532,3592,P0016,Mobile Phone,3,neutral,2025-12-23
ORD100917,2101,P0030,Household,4,positive,2026-05-20
ORD109088,89,P0010,Laptop & Accessory,5,positive,2025-08-10
ORD101335,952,P0010,Laptop & Accessory,3,neutral,2026-01-07
ORD103450,3838,P0063,Grocery,5,positive,2025-11-05
ORD109159,1833,P0010,Laptop & Accessory,4,positive,2025-11-05
ORD114538,994,P0022,Mobile Phone,4,positive,2026-07-30
ORD121801,575,P0004,Laptop & Accessory,4,positive,2025-11-07
ORD117951,1045,P0045,Fashion,4,positive,2026-05-15
ORD108177,2174,P0023,Mobile Phone,4,positive,2026-05-08
ORD118068,1228,P0069,Grocery,4,positive,2026-06-12
ORD121680,652,P0008,Laptop & Accessory,2,negative,2025-11-05
ORD109115,3771,P0018,Mobile Phone,4,positive,2025-08-25
ORD118444,1373,P0046,Fashion,4,positive,2026-03-12
ORD116413,2048,P0018,Mobile Phone,3,neutral,2025-08-14
ORD100855,4446,P0031,Household,4,positive,2026-03-27
ORD112640,2474,P0017,Mobile Phone,5,positive,2025-08-21
ORD111502,2597,P0014,Mobile Phone,4,positive,2026-03-12
ORD109118,1991,P0032,Household,4,positive,2026-04-18
ORD119228,644,P0008,Laptop & Accessory,4,positive,2025-10-02
ORD115722,4481,P0010,Laptop & Accessory,1,negative,2026-05-23
ORD122252,1835,P0017,Mobile Phone,3,neutral,2025-10-03
ORD105852,596,P0003,Laptop & Accessory,3,neutral,2025-11-13
ORD119835,982,P0039,Fashion,4,positive,2026-04-12
ORD124998,1895,P0035,Household,4,positive,2025-09-28
ORD106398,985,P0003,Laptop & Accessory,4,positive,2026-08-26
ORD119701,3597,P0018,Mobile Phone,5,positive,2026-07-30
ORD104714,1194,P0003,Laptop & Accessory,3,neutral,2026-06-03
ORD111859,466,P0006,Laptop & Accessory,2,negative,2026-08-30
ORD108727,2927,P0069,Grocery,4,positive,2026-06-07
ORD114872,2490,P0056,Others,4,positive,2025-10-27
ORD103558,708,P0032,Household,1,negative,2026-06-15
ORD123754,245,P0042,Fashion,4,positive,2026-08-02
ORD123896,3122,P0030,Household,5,positive,2026-06-19
ORD121294,358,P0012,Laptop & Accessory,4,positive,2026-08-15
ORD105571,480,P0010,Laptop & Accessory,4,positive,2026-06-18
ORD121120,1327,P0004,Laptop & Accessory,4,positive,2026-02-10
ORD108569,2862,P0017,Mobile Phone,4,positive,2025-11-07
ORD118846,2246,P0006,Laptop & Accessory,5,positive,2026-01-21
ORD108105,3312,P0004,Laptop & Accessory,4,positive,2026-02-25
ORD100053,433,P0053,Others,5,positive,2025-08-13
ORD122622,682,P0006,Laptop & Accessory,5,positive,2025-08-06
ORD103207,3392,P0031,Household,4,positive,2025-12-22
ORD121064,2589,P0013,Mobile Phone,5,positive,2026-03-06
ORD122469,1326,P0010,Laptop & Accessory,4,positive,2026-07-07
ORD119405,2522,P0025,Household,3,neutral,2026-05-14
ORD111919,840,P0008,Laptop & Accessory,4,positive,2026-02-13
ORD121846,2231,P0008,Laptop & Accessory,4,positive,2025-12-11
ORD117025,1018,P0059,Others,3,neutral,2026-03-25
ORD115808,531,P0047,Fashion,5,positive,2026-08-15
ORD122011,2694,P0021,Mobile Phone,3,neutral,2026-05-15
ORD108004,4326,P0010,Laptop & Accessory,5,positive,2025-11-16
ORD123487,3405,P0010,Laptop & Accessory,4,positive,2025-11-15
ORD103906,4446,P0029,Household,4,positive,2026-07-11
ORD120198,2786,P0010,Laptop & Accessory,5,positive,2025-11-09
ORD113148,3850,P0053,Others,3,neutral,2025-12-10
ORD124138,4322,P0021,Mobile Phone,5,positive,2026-08-20
ORD102096,785,P0009,Laptop & Accessory,3,neutral,2025-12-13
ORD117216,477,P0037,Fashion,5,positive,2025-10-25
ORD107996,2332,P0023,Mobile Phone,5,positive,2026-04-23
ORD114291,586,P0018,Mobile Phone,3,neutral,2025-09-03
ORD111429,1689,P0014,Mobile Phone,3,neutral,2025-10-26
ORD109087,1613,P0018,Mobile Phone,3,neutral,2026-03-09
ORD104742,2298,P0010,Laptop & Accessory,3,neutral,2025-12-02
ORD117311,3759,P0018,Mobile Phone,4,positive,2026-07-07
ORD101694,1429,P0012,Laptop & Accessory,4,positive,2025-08-08
ORD125530,3446,P0006,Laptop & Accessory,5,positive,2026-06-22
ORD119236,2255,P0004,Laptop & Accessory,4,positive,2026-05-21
ORD112922,4268,P0039,Fashion,5,positive,2025-11-15
ORD104558,921,P0003,Laptop & Accessory,4,positive,2025-08-06
ORD117253,2991,P0017,Mobile Phone,4,positive,2025-11-05
ORD101965,469,P0057,Others,5,positive,2026-08-18
ORD120033,2517,P0018,Mobile Phone,4,positive,2025-12-31
ORD121820,3558,P0005,Laptop & Accessory,5,positive,2026-03-18
ORD121621,3089,P0013,Mobile Phone,4,positive,2026-06-28
ORD110682,3742,P0010,Laptop & Accessory,4,positive,2025-08-14
ORD118732,1336,P0010,Laptop & Accessory,5,positive,2026-02-22
ORD106922,1876,P0010,Laptop & Accessory,3,neutral,2026-05-13
ORD104621,210,P0045,Fashion,4,positive,2025-08-08
ORD110637,1046,P0010,Laptop & Accessory,4,positive,2026-05-19
ORD118369,608,P0004,Laptop & Accessory,5,positive,2025-11-14
ORD105398,827,P0045,Fashion,5,positive,2026-04-04
ORD117500,1415,P0014,Mobile Phone,5,positive,2026-01-30
ORD121771,4283,P0003,Laptop & Accessory,5,positive,2025-10-06
ORD120888,3009,P0069,Grocery,4,positive,2026-05-14
ORD112151,3685,P0023,Mobile Phone,5,positive,2025-11-05
ORD112482,190,P0043,Fashion,5,positive,2026-06-10
ORD121309,3249,P0018,Mobile Phone,3,neutral,2026-04-16
ORD124782,868,P0005,Laptop & Accessory,5,positive,2025-10-16
ORD113261,4515,P0025,Household,4,positive,2026-04-14
ORD107171,4271,P0048,Fashion,5,positive,2025-10-01
ORD125413,1541,P0010,Laptop & Accessory,4,positive,2026-04-02
ORD109716,3940,P0018,Mobile Phone,5,positive,2026-02-04
ORD113259,1772,P0020,Mobile Phone,4,positive,2026-03-19
ORD100245,1779,P0018,Mobile Phone,4,positive,2025-10-09
ORD106473,2643,P0063,Grocery,4,positive,2026-01-24
ORD105448,616,P0053,Others,4,positive,2025-11-04
ORD108288,3742,P0024,Mobile Phone,4,positive,2026-04-29
ORD108254,2039,P0013,Mobile Phone,3,neutral,2026-01-12
ORD113469,2200,P0012,Laptop & Accessory,4,positive,2025-10-20
ORD120678,4220,P0018,Mobile Phone,5,positive,2026-02-01
ORD107798,955,P0045,Fashion,4,positive,2025-08-05
ORD109417,3806,P0021,Mobile Phone,4,positive,2025-11-18
ORD115142,3484,P0031,Household,2,negative,2026-04-23
ORD109918,1107,P0005,Laptop & Accessory,5,positive,2026-03-03
ORD104783,3235,P0031,Household,5,positive,2026-03-30
ORD122740,986,P0010,Laptop & Accessory,4,positive,2026-05-20
ORD122033,2082,P0043,Fashion,5,positive,2026-05-05
ORD107489,21,P0024,Mobile Phone,3,neutral,2026-02-09
ORD106554,1378,P0005,Laptop & Accessory,3,neutral,2025-11-26
ORD117858,1732,P0015,Mobile Phone,5,positive,2026-01-13
ORD106137,3658,P0015,Mobile Phone,4,positive,2026-01-05
ORD103413,3624,P0048,Fashion,5,positive,2025-10-30
ORD109307,313,P0012,Laptop & Accessory,5,positive,2026-02-10
ORD120855,1923,P0035,Household,4,positive,2025-09-02
ORD106943,302,P0032,Household,4,positive,2025-10-19
ORD125168,1909,P0010,Laptop & Accessory,4,positive,2026-04-26
ORD125557,3090,P0020,Mobile Phone,4,positive,2025-09-07
ORD113436,3356,P0051,Others,3,neutral,2025-10-21
ORD105985,3864,P0018,Mobile Phone,4,positive,2026-02-04
ORD107563,3006,P0056,Others,4,positive,2026-05-11
ORD125591,664,P0010,Laptop & Accessory,5,positive,2026-02-05
ORD117475,63,P0035,Household,5,positive,2025-08-12
ORD113866,604,P0010,Laptop & Accessory,4,positive,2025-11-22
ORD102881,1317,P0010,Laptop & Accessory,5,positive,2025-12-16
ORD123415,2143,P0018,Mobile Phone,4,positive,2026-05-16
ORD122534,1366,P0065,Grocery,5,positive,2026-06-22
ORD116369,4433,P0010,Laptop & Accessory,5,positive,2025-08-18
ORD107347,1808,P0017,Mobile Phone,3,neutral,2026-01-07
ORD102367,1428,P0044,Fashion,5,positive,2025-11-01
ORD113263,1015,P0043,Fashion,4,positive,2026-08-09
ORD106914,1013,P0049,Others,3,neutral,2026-01-13
ORD103701,614,P0055,Others,4,positive,2026-02-25
ORD110659,1439,P0003,Laptop & Accessory,4,positive,2026-03-05
ORD108947,197,P0008,Laptop & Accessory,5,positive,2026-03-12
ORD118698,497,P0008,Laptop & Accessory,3,neutral,2026-06-04
ORD117941,4153,P0010,Laptop & Accessory,5,positive,2026-05-18
ORD104486,286,P0012,Laptop & Accessory,4,positive,2025-11-24
ORD115013,536,P0010,Laptop & Accessory,4,positive,2026-06-10
ORD105439,142,P0019,Mobile Phone,5,positive,2025-11-04
ORD109777,708,P0021,Mobile Phone,4,positive,2025-10-07
ORD116578,1346,P0031,Household,3,neutral,2026-05-05
ORD103437,650,P0009,Laptop & Accessory,3,neutral,2025-11-04
ORD112064,3141,P0010,Laptop & Accessory,4,positive,2025-08-22
ORD117081,87,P0002,Laptop & Accessory,4,positive,2025-12-19
ORD123423,1973,P0026,Household,4,positive,2026-06-26
ORD111458,750,P0045,Fashion,3,neutral,2025-08-06
ORD104509,1688,P0057,Others,4,positive,2025-11-21
ORD114656,2399,P0008,Laptop & Accessory,4,positive,2026-07-03
ORD119205,1830,P0023,Mobile Phone,4,positive,2026-06-18
ORD107848,512,P0021,Mobile Phone,3,neutral,2026-08-05
ORD121857,2720,P0025,Household,4,positive,2026-05-25
ORD109938,1703,P0019,Mobile Phone,4,positive,2025-11-27
ORD123257,3760,P0051,Others,5,positive,2026-07-29
ORD108656,1890,P0034,Household,5,positive,2025-08-11
ORD106752,471,P0023,Mobile Phone,3,neutral,2026-03-21
ORD108738,635,P0057,Others,3,neutral,2026-01-24
ORD116165,500,P0010,Laptop & Accessory,5,positive,2025-11-18
ORD103733,4447,P0059,Others,5,positive,2025-11-14
ORD110919,271,P0045,Fashion,3,neutral,2026-07-31
ORD100908,818,P0026,Household,5,positive,2025-12-31
ORD102506,1650,P0029,Household,4,positive,2025-11-30
ORD120582,3969,P0018,Mobile Phone,4,positive,2026-02-06
ORD100856,2875,P0031,Household,3,neutral,2026-01-09
ORD111739,1639,P0012,Laptop & Accessory,4,positive,2026-04-19
ORD123280,3321,P0026,Household,5,positive,2025-11-08
ORD111988,2276,P0012,Laptop & Accessory,4,positive,2026-02-13
ORD106710,744,P0012,Laptop & Accessory,4,positive,2025-11-11
ORD122027,2287,P0055,Others,5,positive,2025-11-06
ORD116198,3095,P0030,Household,5,positive,2026-02-18
ORD113637,55,P0010,Laptop & Accessory,4,positive,2025-12-03
ORD116236,1310,P0070,Grocery,4,positive,2025-11-04
ORD100607,3276,P0054,Others,4,positive,2026-04-21
ORD116071,3297,P0053,Others,5,positive,2026-02-10
ORD120106,2112,P0018,Mobile Phone,3,neutral,2026-06-13
ORD102309,3109,P0026,Household,4,positive,2025-10-12
ORD105365,1446,P0022,Mobile Phone,5,positive,2025-12-13
ORD119073,757,P0014,Mobile Phone,4,positive,2025-10-06
ORD123934,212,P0027,Household,3,neutral,2025-11-24
ORD107441,440,P0008,Laptop & Accessory,3,neutral,2026-06-12
ORD100162,2642,P0029,Household,4,positive,2025-12-12
ORD102480,1221,P0031,Household,4,positive,2026-06-19
ORD111791,4401,P0022,Mobile Phone,5,positive,2026-07-21
ORD113428,303,P0005,Laptop & Accessory,4,positive,2025-11-06
ORD104745,500,P0009,Laptop & Accessory,3,neutral,2025-10-16
ORD109004,2308,P0024,Mobile Phone,5,positive,2026-08-22
ORD123295,1535,P0004,Laptop & Accessory,5,positive,2026-05-13
ORD108419,3366,P0010,Laptop & Accessory,4,positive,2026-01-26
ORD116197,699,P0004,Laptop & Accessory,5,positive,2026-08-09
ORD110235,2747,P0031,Household,4,positive,2026-07-15
ORD100929,1272,P0011,Laptop & Accessory,4,positive,2025-11-18
ORD118283,2155,P0063,Grocery,4,positive,2026-03-02
ORD103775,4287,P0009,Laptop & Accessory,5,positive,2025-12-31
ORD112970,1167,P0015,Mobile Phone,5,positive,2025-10-28
ORD114953,717,P0042,Fashion,3,neutral,2026-04-23
ORD103903,4167,P0041,Fashion,4,positive,2026-01-28
ORD120649,3848,P0013,Mobile Phone,4,positive,2025-11-11
ORD123577,1858,P0026,Household,4,positive,2025-08-04
ORD114788,5,P0066,Grocery,3,neutral,2026-02-01
ORD125894,3225,P0018,Mobile Phone,5,positive,2025-11-11
ORD118161,694,P0015,Mobile Phone,4,positive,2026-01-15
ORD107876,2648,P0010,Laptop & Accessory,4,positive,2025-11-11
ORD108754,4299,P0013,Mobile Phone,4,positive,2026-07-01
ORD125272,82,P0004,Laptop & Accessory,4,positive,2025-11-15
ORD116203,1042,P0038,Fashion,3,neutral,2025-10-06
ORD119612,3407,P0010,Laptop & Accessory,4,positive,2025-12-09
ORD107259,952,P0010,Laptop & Accessory,5,positive,2026-02-14
ORD101291,3205,P0031,Household,5,positive,2026-01-17
ORD113641,2472,P0049,Others,4,positive,2025-11-17
ORD115718,947,P0008,Laptop & Accessory,3,neutral,2025-11-17
ORD118066,3693,P0021,Mobile Phone,5,positive,2026-08-05
ORD113467,2507,P0024,Mobile Phone,5,positive,2026-05-18
ORD120176,1167,P0018,Mobile Phone,3,neutral,2025-10-08
ORD108714,1335,P0050,Others,4,positive,2026-03-27
ORD125852,4114,P0048,Fashion,3,neutral,2025-11-09
ORD113753,1539,P0059,Others,5,positive,2026-06-16
ORD116163,1669,P0011,Laptop & Accessory,4,positive,2025-11-27
ORD104490,1350,P0010,Laptop & Accessory,5,positive,2025-09-12
ORD120993,2110,P0018,Mobile Phone,5,positive,2025-09-03
ORD100483,3483,P0035,Household,3,neutral,2025-11-15
ORD121833,1147,P0023,Mobile Phone,4,positive,2026-08-01
ORD115295,1966,P0037,Fashion,4,positive,2026-03-24
ORD114076,284,P0010,Laptop & Accessory,4,positive,2026-03-22
ORD104002,497,P0069,Grocery,4,positive,2026-08-21
ORD116833,2965,P0046,Fashion,4,positive,2025-08-11
ORD104975,1377,P0003,Laptop & Accessory,4,positive,2026-04-29
ORD124059,344,P0010,Laptop & Accessory,4,positive,2026-05-13
ORD123707,554,P0046,Fashion,4,positive,2025-12-29
ORD116325,3506,P0052,Others,3,neutral,2026-02-04
ORD124964,2006,P0010,Laptop & Accessory,5,positive,2026-02-02
ORD113483,1022,P0018,Mobile Phone,5,positive,2025-09-01
ORD119450,3369,P0014,Mobile Phone,5,positive,2026-08-04
ORD106909,1596,P0011,Laptop & Accessory,5,positive,2026-09-01
ORD110647,338,P0046,Fashion,4,positive,2025-11-04
ORD124086,1309,P0045,Fashion,3,neutral,2025-11-25
ORD109348,615,P0003,Laptop & Accessory,5,positive,2026-04-16
ORD114265,2140,P0023,Mobile Phone,4,positive,2026-04-26
ORD120785,2622,P0010,Laptop & Accessory,5,positive,2026-05-23
ORD104437,972,P0042,Fashion,3,neutral,2025-09-30
ORD119185,2116,P0010,Laptop & Accessory,4,positive,2026-07-31
ORD116243,2482,P0051,Others,5,positive,2025-11-21
ORD112986,1162,P0041,Fashion,4,positive,2026-02-20
ORD100434,1069,P0015,Mobile Phone,4,positive,2025-12-21
ORD101910,3106,P0011,Laptop & Accessory,4,positive,2025-11-22
ORD113931,2935,P0032,Household,4,positive,2026-07-23
ORD100231,2652,P0001,Laptop & Accessory,5,positive,2026-03-28
ORD109280,745,P0050,Others,4,positive,2025-09-08
ORD121443,2139,P0024,Mobile Phone,5,positive,2026-06-20
ORD115631,3782,P0018,Mobile Phone,3,neutral,2025-10-30
ORD123267,2221,P0010,Laptop & Accessory,4,positive,2025-11-12
ORD121268,4059,P0041,Fashion,4,positive,2026-03-21
ORD119509,958,P0038,Fashion,4,positive,2026-03-10
ORD103657,669,P0004,Laptop & Accessory,3,neutral,2025-09-28
ORD110421,3972,P0028,Household,4,positive,2026-07-14
ORD110661,545,P0069,Grocery,4,positive,2026-02-03
ORD110765,2584,P0070,Grocery,4,positive,2025-11-12
ORD106895,3750,P0018,Mobile Phone,3,neutral,2026-03-15
ORD111397,336,P0001,Laptop & Accessory,5,positive,2026-06-12
ORD115385,826,P0007,Laptop & Accessory,4,positive,2025-11-05
ORD116149,4131,P0017,Mobile Phone,4,positive,2025-08-20
ORD121226,1351,P0010,Laptop & Accessory,5,positive,2025-08-15
ORD124771,4403,P0048,Fashion,3,neutral,2026-06-15
ORD124860,2744,P0018,Mobile Phone,4,positive,2025-12-05
ORD105202,2390,P0014,Mobile Phone,5,positive,2025-10-10
ORD104893,168,P0010,Laptop & Accessory,3,neutral,2026-06-22
ORD102713,187,P0008,Laptop & Accessory,4,positive,2026-05-06
ORD107213,321,P0023,Mobile Phone,3,neutral,2026-07-30
ORD120076,2456,P0015,Mobile Phone,5,positive,2025-12-10
ORD103844,1954,P0026,Household,5,positive,2026-08-17
ORD121330,283,P0005,Laptop & Accessory,4,positive,2026-08-07
ORD110362,381,P0041,Fashion,3,neutral,2025-11-11
ORD101331,588,P0009,Laptop & Accessory,4,positive,2026-06-01
ORD108425,3639,P0021,Mobile Phone,4,positive,2026-08-27
ORD114101,2432,P0006,Laptop & Accessory,4,positive,2026-05-17
ORD108216,992,P0038,Fashion,4,positive,2026-07-09
ORD121248,1225,P0005,Laptop & Accessory,2,negative,2025-09-27
ORD118086,4040,P0033,Household,4,positive,2025-11-04
ORD124959,397,P0037,Fashion,4,positive,2026-03-18
ORD105902,3570,P0036,Household,5,positive,2026-06-30
ORD101252,1638,P0020,Mobile Phone,4,positive,2026-05-18
ORD100544,2418,P0001,Laptop & Accessory,4,positive,2026-05-13
ORD106435,1748,P0003,Laptop & Accessory,5,positive,2026-08-27
ORD117193,3818,P0004,Laptop & Accessory,4,positive,2026-05-21
ORD116770,2577,P0003,Laptop & Accessory,3,neutral,2025-09-23
ORD104879,2995,P0037,Fashion,5,positive,2026-03-02
ORD123398,3062,P0018,Mobile Phone,4,positive,2026-06-30
ORD117046,1566,P0010,Laptop & Accessory,3,neutral,2025-09-27
ORD108665,3064,P0018,Mobile Phone,5,positive,2026-08-04
ORD105177,1801,P0006,Laptop & Accessory,5,positive,2026-01-19
ORD112300,456,P0006,Laptop & Accessory,3,neutral,2026-02-10
ORD100961,497,P0029,Household,4,positive,2025-12-05
ORD112535,3663,P0021,Mobile Phone,3,neutral,2025-10-02
ORD121291,1924,P0049,Others,4,positive,2026-04-06
ORD116812,118,P0037,Fashion,3,neutral,2026-03-14
ORD120663,1350,P0010,Laptop & Accessory,5,positive,2025-11-05
ORD108206,1690,P0018,Mobile Phone,4,positive,2026-04-17
ORD105130,2385,P0018,Mobile Phone,3,neutral,2026-05-19
ORD111102,2224,P0012,Laptop & Accessory,5,positive,2026-05-04
ORD102762,1024,P0005,Laptop & Accessory,4,positive,2026-05-15
ORD118017,4086,P0003,Laptop & Accessory,4,positive,2026-05-30
ORD105846,2674,P0006,Laptop & Accessory,4,positive,2025-10-14
ORD112767,4454,P0001,Laptop & Accessory,5,positive,2026-03-26
ORD120863,3197,P0069,Grocery,3,neutral,2026-02-06
ORD122480,640,P0022,Mobile Phone,4,positive,2026-02-16
ORD121709,1159,P0039,Fashion,3,neutral,2025-08-12
ORD123294,1013,P0032,Household,4,positive,2026-07-08
ORD105240,4194,P0024,Mobile Phone,5,positive,2025-10-24
ORD104308,370,P0059,Others,3,neutral,2026-05-23
ORD122115,2029,P0017,Mobile Phone,4,positive,2025-11-18
ORD103394,731,P0002,Laptop & Accessory,4,positive,2026-04-17
ORD116314,2341,P0019,Mobile Phone,5,positive,2026-03-10
ORD117460,4269,P0029,Household,5,positive,2026-06-24
ORD111366,3962,P0017,Mobile Phone,3,neutral,2025-11-19
ORD106872,4184,P0027,Household,5,positive,2025-10-26
ORD117584,789,P0010,Laptop & Accessory,4,positive,2026-03-13
ORD122153,4197,P0045,Fashion,4,positive,2026-07-12
ORD109607,1056,P0062,Grocery,4,positive,2026-01-12
ORD105023,1546,P0016,Mobile Phone,5,positive,2026-03-06
ORD112757,1092,P0032,Household,4,positive,2026-06-23
ORD120587,2198,P0062,Grocery,5,positive,2026-05-29
ORD113543,488,P0040,Fashion,5,positive,2025-12-30
ORD122924,1132,P0038,Fashion,4,positive,2026-05-23
ORD102094,1032,P0006,Laptop & Accessory,4,positive,2026-08-30
ORD115094,1875,P0010,Laptop & Accessory,5,positive,2026-03-22
ORD100114,4308,P0020,Mobile Phone,4,positive,2026-05-24
ORD120213,607,P0010,Laptop & Accessory,4,positive,2025-08-20
ORD115193,3339,P0018,Mobile Phone,5,positive,2025-10-10
ORD108194,722,P0045,Fashion,5,positive,2026-05-01
ORD124220,3613,P0016,Mobile Phone,5,positive,2026-01-31
ORD117056,2116,P0006,Laptop & Accessory,4,positive,2026-01-06
ORD119356,2089,P0013,Mobile Phone,4,positive,2026-06-27
ORD111209,99,P0008,Laptop & Accessory,4,positive,2026-05-05
ORD101086,2220,P0053,Others,3,neutral,2026-06-02
ORD101064,598,P0048,Fashion,5,positive,2025-12-01
ORD121357,1585,P0002,Laptop & Accessory,4,positive,2025-11-10
ORD107373,1703,P0018,Mobile Phone,4,positive,2026-01-07
ORD125903,60,P0023,Mobile Phone,5,positive,2026-01-22
ORD113564,3238,P0031,Household,4,positive,2025-12-20
ORD103402,3659,P0018,Mobile Phone,4,positive,2025-11-18
ORD118556,2137,P0031,Household,4,positive,2025-11-07
ORD122150,929,P0043,Fashion,4,positive,2025-12-30
ORD117102,209,P0010,Laptop & Accessory,4,positive,2025-12-13
ORD122659,2528,P0017,Mobile Phone,3,neutral,2026-06-18
ORD100078,3730,P0032,Household,4,positive,2026-06-23
ORD101786,2648,P0031,Household,4,positive,2026-08-11
ORD124495,2269,P0018,Mobile Phone,5,positive,2026-08-02
ORD124028,2627,P0006,Laptop & Accessory,5,positive,2026-01-11
ORD107106,1759,P0004,Laptop & Accessory,4,positive,2025-12-17
ORD117630,766,P0010,Laptop & Accessory,4,positive,2026-07-27
ORD123315,2851,P0062,Grocery,5,positive,2026-07-16
ORD123471,1633,P0006,Laptop & Accessory,5,positive,2025-11-18
ORD115291,456,P0010,Laptop & Accessory,4,positive,2026-05-02
ORD103929,3846,P0071,Grocery,4,positive,2025-11-10
ORD122668,516,P0013,Mobile Phone,3,neutral,2025-09-09
ORD114907,4335,P0010,Laptop & Accessory,5,positive,2026-06-16
ORD100905,2914,P0039,Fashion,5,positive,2025-09-24
ORD122066,1083,P0010,Laptop & Accessory,4,positive,2026-02-17
ORD108066,342,P0006,Laptop & Accessory,4,positive,2025-12-17
ORD113175,325,P0018,Mobile Phone,3,neutral,2026-07-03
ORD120875,3434,P0027,Household,5,positive,2026-08-22
ORD103809,4538,P0006,Laptop & Accessory,4,positive,2026-08-08
ORD125811,3370,P0038,Fashion,4,positive,2025-10-06
ORD124464,2064,P0018,Mobile Phone,3,neutral,2026-03-22
ORD117259,2158,P0012,Laptop & Accessory,4,positive,2026-04-17
ORD115214,1546,P0002,Laptop & Accessory,3,neutral,2026-06-15
ORD117426,668,P0037,Fashion,4,positive,2026-02-06
ORD107242,69,P0046,Fashion,4,positive,2025-09-24
ORD104565,1633,P0070,Grocery,4,positive,2026-09-01
ORD114508,2041,P0019,Mobile Phone,4,positive,2025-10-18
ORD103797,282,P0050,Others,3,neutral,2025-08-23
ORD113647,387,P0019,Mobile Phone,5,positive,2026-01-07
ORD104245,3562,P0018,Mobile Phone,4,positive,2025-12-27
ORD106180,2883,P0029,Household,4,positive,2026-06-15
ORD124760,4439,P0002,Laptop & Accessory,5,positive,2026-03-23
ORD124163,2911,P0035,Household,5,positive,2025-12-25
ORD120520,338,P0034,Household,3,neutral,2026-04-29
ORD125027,2903,P0029,Household,4,positive,2025-11-26
ORD121270,1102,P0010,Laptop & Accessory,4,positive,2026-05-17
ORD121787,2978,P0018,Mobile Phone,5,positive,2025-08-16
ORD103893,4323,P0009,Laptop & Accessory,4,positive,2026-02-13
ORD106709,2768,P0001,Laptop & Accessory,4,positive,2025-10-21
ORD107305,639,P0004,Laptop & Accessory,4,positive,2025-11-28
ORD108098,613,P0001,Laptop & Accessory,5,positive,2025-11-04
ORD119845,1634,P0035,Household,5,positive,2025-08-24
ORD106825,2103,P0058,Others,3,neutral,2025-11-03
ORD124645,3673,P0011,Laptop & Accessory,3,neutral,2025-11-11
ORD125095,653,P0057,Others,4,positive,2026-04-12
ORD100458,3279,P0010,Laptop & Accessory,4,positive,2026-03-20
ORD119716,3228,P0010,Laptop & Accessory,5,positive,2025-09-15
ORD122580,4041,P0012,Laptop & Accessory,5,positive,2026-08-23
ORD115576,2182,P0007,Laptop & Accessory,5,positive,2026-08-05
ORD124931,4111,P0038,Fashion,4,positive,2026-01-15
ORD109535,1167,P0014,Mobile Phone,4,positive,2026-07-14
ORD124231,568,P0016,Mobile Phone,4,positive,2026-07-25
ORD101169,345,P0010,Laptop & Accessory,5,positive,2025-08-22
ORD115458,2387,P0029,Household,4,positive,2025-10-21
ORD117628,589,P0048,Fashion,4,positive,2026-05-31
ORD123025,1779,P0018,Mobile Phone,4,positive,2025-12-16
ORD112601,318,P0069,Grocery,3,neutral,2026-06-23
ORD102431,1459,P0010,Laptop & Accessory,4,positive,2026-06-16
ORD123932,474,P0037,Fashion,4,positive,2025-11-08
ORD117580,4431,P0027,Household,4,positive,2026-08-04
ORD121572,147,P0041,Fashion,3,neutral,2026-06-21
ORD123528,4222,P0027,Household,4,positive,2026-02-17
ORD120016,402,P0040,Fashion,3,neutral,2026-04-13
ORD115601,494,P0019,Mobile Phone,4,positive,2025-12-29
ORD123007,4109,P0037,Fashion,3,neutral,2026-06-10
ORD125235,4032,P0010,Laptop & Accessory,4,positive,2025-08-23
ORD120325,2183,P0010,Laptop & Accessory,4,positive,2025-12-07
ORD105597,3582,P0035,Household,3,neutral,2026-05-15
ORD115886,3005,P0015,Mobile Phone,3,neutral,2025-11-16
ORD102035,3467,P0031,Household,5,positive,2026-06-10
ORD107417,1400,P0002,Laptop & Accessory,5,positive,2026-03-12
ORD106860,3555,P0020,Mobile Phone,3,neutral,2025-11-06
ORD120980,935,P0011,Laptop & Accessory,5,positive,2025-11-09
ORD112326,3215,P0057,Others,4,positive,2025-09-10
ORD120666,3990,P0024,Mobile Phone,5,positive,2026-06-16
ORD123750,1344,P0064,Grocery,4,positive,2026-01-28
ORD100868,986,P0010,Laptop & Accessory,5,positive,2026-08-22
ORD113774,3912,P0002,Laptop & Accessory,4,positive,2026-05-20
ORD119709,2331,P0015,Mobile Phone,4,positive,2026-04-01
ORD113786,293,P0006,Laptop & Accessory,5,positive,2026-04-27
ORD119712,4203,P0014,Mobile Phone,3,neutral,2026-04-06
ORD121927,2578,P0010,Laptop & Accessory,4,positive,2025-11-08
ORD113585,3903,P0013,Mobile Phone,3,neutral,2026-06-10
ORD108785,414,P0004,Laptop & Accessory,3,neutral,2025-11-09
ORD119649,205,P0020,Mobile Phone,4,positive,2026-01-31
ORD118603,3903,P0023,Mobile Phone,4,positive,2026-06-16
ORD111574,1457,P0009,Laptop & Accessory,4,positive,2026-05-15
ORD115502,558,P0010,Laptop & Accessory,3,neutral,2026-01-28
ORD111006,2578,P0018,Mobile Phone,5,positive,2025-09-08
ORD116626,2301,P0046,Fashion,4,positive,2025-11-15
ORD108483,79,P0033,Household,4,positive,2025-09-24
ORD119281,2598,P0057,Others,5,positive,2026-06-22
ORD109035,1911,P0029,Household,3,neutral,2025-11-24
ORD110335,4204,P0013,Mobile Phone,4,positive,2025-11-05
ORD111584,4235,P0025,Household,4,positive,2026-06-06
ORD101299,363,P0006,Laptop & Accessory,3,neutral,2025-11-12
ORD116637,2468,P0056,Others,3,neutral,2026-04-03
ORD111805,829,P0006,Laptop & Accessory,4,positive,2026-01-12
ORD113319,2036,P0015,Mobile Phone,4,positive,2026-01-16
ORD114805,2059,P0022,Mobile Phone,5,positive,2026-07-18
ORD103193,2440,P0012,Laptop & Accessory,4,positive,2025-09-19
ORD118359,904,P0008,Laptop & Accessory,5,positive,2026-02-10
ORD120760,2469,P0022,Mobile Phone,4,positive,2025-09-17
ORD105035,1329,P0045,Fashion,4,positive,2025-09-01
ORD109863,2002,P0008,Laptop & Accessory,5,positive,2026-05-14
ORD120384,3960,P0017,Mobile Phone,4,positive,2026-04-08
ORD107905,541,P0005,Laptop & Accessory,4,positive,2026-03-12
ORD111138,2844,P0026,Household,4,positive,2026-01-18
ORD102984,1671,P0001,Laptop & Accessory,5,positive,2026-06-05
ORD110539,471,P0066,Grocery,4,positive,2026-01-20
ORD119470,2865,P0013,Mobile Phone,4,positive,2026-01-24
ORD124832,465,P0067,Grocery,4,positive,2026-07-07
ORD101251,176,P0007,Laptop & Accessory,4,positive,2025-11-06
ORD122293,1815,P0014,Mobile Phone,4,positive,2026-06-06
ORD111970,3613,P0015,Mobile Phone,4,positive,2025-08-09
ORD113014,4132,P0053,Others,4,positive,2026-01-15
ORD100599,548,P0023,Mobile Phone,3,neutral,2026-07-16
ORD104381,460,P0048,Fashion,5,positive,2025-10-26
ORD113218,1147,P0013,Mobile Phone,4,positive,2026-06-20
ORD120983,126,P0011,Laptop & Accessory,5,positive,2026-04-07
ORD108209,2416,P0017,Mobile Phone,4,positive,2026-02-28
ORD108898,474,P0029,Household,4,positive,2026-01-05
ORD125942,1487,P0010,Laptop & Accessory,4,positive,2025-08-19
ORD105709,740,P0039,Fashion,4,positive,2025-10-21
ORD121041,3944,P0017,Mobile Phone,4,positive,2026-08-26
ORD124118,705,P0010,Laptop & Accessory,4,positive,2026-04-21
ORD121307,4322,P0018,Mobile Phone,4,positive,2026-08-26
ORD105712,770,P0010,Laptop & Accessory,3,neutral,2026-07-07
ORD112278,254,P0016,Mobile Phone,4,positive,2026-04-11
ORD122389,130,P0005,Laptop & Accessory,4,positive,2026-03-04
ORD115112,2779,P0016,Mobile Phone,4,positive,2026-03-12
ORD102174,3898,P0002,Laptop & Accessory,3,neutral,2026-03-19
ORD101771,2766,P0010,Laptop & Accessory,4,positive,2026-05-05
ORD113266,3227,P0004,Laptop & Accessory,5,positive,2025-11-11
ORD100646,2369,P0010,Laptop & Accessory,3,neutral,2026-06-13
ORD109196,2595,P0046,Fashion,4,positive,2025-11-09
ORD102725,73,P0019,Mobile Phone,4,positive,2025-11-06
ORD115188,4028,P0023,Mobile Phone,5,positive,2026-03-03
ORD112849,259,P0069,Grocery,4,positive,2025-08-05
ORD106366,4193,P0019,Mobile Phone,4,positive,2026-05-30
ORD121727,3106,P0010,Laptop & Accessory,5,positive,2026-02-18
ORD107667,1754,P0013,Mobile Phone,4,positive,2026-05-12
ORD125031,2489,P0010,Laptop & Accessory,4,positive,2026-07-22
ORD118478,2386,P0059,Others,5,positive,2026-01-29
ORD103485,1813,P0023,Mobile Phone,4,positive,2025-11-08
ORD105087,1061,P0015,Mobile Phone,4,positive,2025-11-20
ORD107972,2647,P0019,Mobile Phone,4,positive,2026-04-02
ORD117242,174,P0003,Laptop & Accessory,5,positive,2026-04-20
ORD105069,2990,P0018,Mobile Phone,5,positive,2025-09-24
ORD114254,1344,P0046,Fashion,5,positive,2025-11-18
ORD109308,3178,P0035,Household,4,positive,2025-09-12
ORD107142,2011,P0043,Fashion,4,positive,2025-11-12
ORD117456,4481,P0010,Laptop & Accessory,4,positive,2025-12-17
ORD112506,49,P0006,Laptop & Accessory,2,negative,2025-08-15
ORD105162,2078,P0019,Mobile Phone,4,positive,2025-11-05
ORD124148,2324,P0007,Laptop & Accessory,5,positive,2026-01-13
ORD113226,1916,P0013,Mobile Phone,4,positive,2025-12-19
ORD108918,1790,P0010,Laptop & Accessory,5,positive,2025-08-15
ORD101418,1004,P0045,Fashion,4,positive,2026-08-25
ORD120840,2924,P0033,Household,4,positive,2026-06-28
ORD101498,768,P0029,Household,4,positive,2025-11-15
ORD104039,4115,P0029,Household,4,positive,2025-09-05
ORD116386,805,P0001,Laptop & Accessory,5,positive,2025-10-01
ORD102047,3029,P0006,Laptop & Accessory,4,positive,2025-09-15
ORD122995,280,P0046,Fashion,4,positive,2026-03-28
ORD100091,2927,P0029,Household,4,positive,2026-04-09
ORD107139,4230,P0035,Household,4,positive,2025-12-13
ORD121157,266,P0010,Laptop & Accessory,4,positive,2025-10-24
ORD124784,3292,P0010,Laptop & Accessory,5,positive,2026-08-11
ORD109370,89,P0003,Laptop & Accessory,4,positive,2025-11-18
ORD115563,1339,P0006,Laptop & Accessory,5,positive,2025-12-18
ORD103027,216,P0010,Laptop & Accessory,5,positive,2025-11-15
ORD107806,2559,P0020,Mobile Phone,4,positive,2026-08-08
ORD119494,4239,P0037,Fashion,5,positive,2025-11-29
ORD113337,3572,P0006,Laptop & Accessory,5,positive,2026-08-18
ORD100327,932,P0046,Fashion,4,positive,2026-08-28
ORD124418,489,P0018,Mobile Phone,3,neutral,2025-12-20
ORD114092,1224,P0018,Mobile Phone,5,positive,2025-12-31
ORD106174,1225,P0026,Household,4,positive,2025-10-06
ORD107621,483,P0022,Mobile Phone,4,positive,2026-05-16
ORD101495,1138,P0065,Grocery,5,positive,2025-12-12
ORD125678,3828,P0010,Laptop & Accessory,3,neutral,2026-05-20
ORD110336,25,P0037,Fashion,5,positive,2026-07-30
ORD119822,3223,P0010,Laptop & Accessory,4,positive,2025-10-09
ORD108382,324,P0006,Laptop & Accessory,5,positive,2026-01-01
ORD105910,2447,P0018,Mobile Phone,4,positive,2025-11-09
ORD118143,2117,P0038,Fashion,5,positive,2025-09-28
ORD114385,56,P0010,Laptop & Accessory,5,positive,2026-07-03
ORD120962,2011,P0038,Fashion,4,positive,2025-08-12
ORD110699,1427,P0040,Fashion,4,positive,2026-08-16
ORD115334,1077,P0007,Laptop & Accessory,4,positive,2026-05-07
ORD107912,1231,P0018,Mobile Phone,5,positive,2026-03-26
ORD109360,334,P0022,Mobile Phone,3,neutral,2025-10-09
ORD113172,616,P0065,Grocery,4,positive,2026-02-03
ORD120083,839,P0010,Laptop & Accessory,3,neutral,2025-10-08
ORD103363,1844,P0021,Mobile Phone,4,positive,2025-09-06
ORD101670,1965,P0032,Household,5,positive,2025-10-01
ORD110474,945,P0010,Laptop & Accessory,5,positive,2026-07-06
ORD120831,3125,P0055,Others,4,positive,2026-02-23
ORD115394,1357,P0052,Others,4,positive,2025-10-11
ORD101060,546,P0010,Laptop & Accessory,4,positive,2025-10-31
ORD107346,2841,P0005,Laptop & Accessory,4,positive,2025-09-28
ORD116262,4365,P0026,Household,4,positive,2026-05-27
ORD109063,2159,P0006,Laptop & Accessory,5,positive,2026-07-29
ORD116220,1498,P0022,Mobile Phone,2,negative,2026-01-17
ORD120821,2351,P0021,Mobile Phone,4,positive,2026-05-31
ORD123962,3976,P0003,Laptop & Accessory,2,negative,2026-08-31
ORD109166,3599,P0057,Others,5,positive,2026-01-31
ORD101596,2013,P0010,Laptop & Accessory,4,positive,2026-05-27
ORD102237,679,P0006,Laptop & Accessory,5,positive,2026-06-15
ORD103025,3755,P0028,Household,4,positive,2026-03-05
ORD102479,2624,P0024,Mobile Phone,4,positive,2025-10-19
ORD117919,1115,P0069,Grocery,4,positive,2025-10-23
ORD125159,784,P0034,Household,3,neutral,2026-01-28
ORD123854,96,P0006,Laptop & Accessory,4,positive,2026-03-22
ORD105082,687,P0006,Laptop & Accessory,4,positive,2025-11-11
ORD111316,30,P0070,Grocery,5,positive,2025-08-31
ORD105841,636,P0008,Laptop & Accessory,3,neutral,2026-03-09
ORD120567,2602,P0020,Mobile Phone,4,positive,2026-01-21
ORD101269,3867,P0019,Mobile Phone,3,neutral,2025-08-27
ORD112731,637,P0055,Others,4,positive,2026-02-11
ORD101999,1188,P0056,Others,4,positive,2025-09-13
ORD113239,1781,P0015,Mobile Phone,4,positive,2026-03-08
ORD106594,731,P0009,Laptop & Accessory,4,positive,2025-10-20
ORD111337,4269,P0031,Household,5,positive,2025-09-24
ORD123757,3112,P0032,Household,4,positive,2026-03-04
ORD122576,2587,P0052,Others,4,positive,2025-09-23
ORD115885,4016,P0008,Laptop & Accessory,3,neutral,2026-01-23
ORD122616,3055,P0004,Laptop & Accessory,4,positive,2025-08-27
ORD107091,2355,P0035,Household,5,positive,2026-06-14
ORD110593,4472,P0029,Household,4,positive,2026-08-03
ORD120732,920,P0031,Household,4,positive,2025-09-21
ORD123147,2619,P0038,Fashion,4,positive,2026-07-28
ORD115223,3757,P0024,Mobile Phone,4,positive,2026-03-30
ORD119541,3059,P0020,Mobile Phone,4,positive,2025-11-10
ORD123015,94,P0007,Laptop & Accessory,5,positive,2026-05-04
ORD105708,2446,P0008,Laptop & Accessory,5,positive,2026-03-04
ORD125319,3959,P0010,Laptop & Accessory,5,positive,2025-12-13
ORD123473,3034,P0006,Laptop & Accessory,5,positive,2026-03-18
ORD108320,2686,P0061,Grocery,4,positive,2025-09-24
ORD112789,220,P0040,Fashion,3,neutral,2026-03-12
ORD122964,2383,P0010,Laptop & Accessory,4,positive,2026-03-31
ORD106979,2285,P0022,Mobile Phone,3,neutral,2026-08-12
ORD116489,1241,P0007,Laptop & Accessory,3,neutral,2026-01-01
ORD112719,4419,P0013,Mobile Phone,4,positive,2025-11-12
ORD118894,4117,P0043,Fashion,5,positive,2025-09-28
ORD121728,2356,P0052,Others,5,positive,2025-11-01
ORD116971,3359,P0055,Others,3,neutral,2026-08-19
ORD110923,58,P0004,Laptop & Accessory,5,positive,2025-10-21
ORD112585,1718,P0021,Mobile Phone,3,neutral,2026-04-17
ORD113855,1643,P0005,Laptop & Accessory,4,positive,2026-05-03
ORD124281,1215,P0006,Laptop & Accessory,3,neutral,2025-11-01
ORD120823,495,P0006,Laptop & Accessory,4,positive,2026-01-06
ORD102971,13,P0029,Household,4,positive,2026-07-01
ORD100903,2996,P0020,Mobile Phone,4,positive,2026-07-10
ORD116828,1836,P0019,Mobile Phone,4,positive,2026-05-06
ORD107693,2202,P0019,Mobile Phone,5,positive,2025-12-03
ORD113589,1640,P0045,Fashion,3,neutral,2025-08-13
ORD119769,1125,P0037,Fashion,3,neutral,2026-01-07
ORD119484,2295,P0011,Laptop & Accessory,4,positive,2025-10-31
ORD123737,4380,P0008,Laptop & Accessory,4,positive,2026-08-16
ORD118184,2267,P0044,Fashion,5,positive,2026-05-28
ORD109536,3599,P0010,Laptop & Accessory,5,positive,2025-11-18
ORD111374,2331,P0018,Mobile Phone,5,positive,2025-12-31
ORD119597,3242,P0010,Laptop & Accessory,4,positive,2025-09-13
ORD102745,1447,P0054,Others,4,positive,2026-08-19
ORD108673,2580,P0011,Laptop & Accessory,5,positive,2025-08-20
ORD115588,1573,P0032,Household,3,neutral,2026-05-25
ORD108309,1240,P0004,Laptop & Accessory,5,positive,2026-06-21
ORD116102,3431,P0031,Household,3,neutral,2025-12-26
ORD118631,2638,P0010,Laptop & Accessory,4,positive,2026-07-16
ORD100523,141,P0024,Mobile Phone,4,positive,2025-12-28
ORD105715,1516,P0020,Mobile Phone,4,positive,2025-11-09
ORD125132,165,P0042,Fashion,5,positive,2026-02-02
ORD108547,1886,P0014,Mobile Phone,4,positive,2026-04-22
ORD122006,2872,P0013,Mobile Phone,2,negative,2025-08-24
ORD103334,3681,P0014,Mobile Phone,4,positive,2026-07-01
ORD118169,2206,P0018,Mobile Phone,5,positive,2025-11-12
ORD106582,2755,P0033,Household,5,positive,2026-03-02
ORD121385,1324,P0006,Laptop & Accessory,5,positive,2025-12-19
ORD119545,24,P0040,Fashion,4,positive,2026-03-05
ORD125819,3775,P0021,Mobile Phone,4,positive,2025-08-13
ORD118287,574,P0004,Laptop & Accessory,3,neutral,2025-09-27
ORD123445,1334,P0069,Grocery,4,positive,2026-05-30
ORD112062,2874,P0029,Household,2,negative,2026-02-19
ORD106527,4006,P0017,Mobile Phone,3,neutral,2025-08-07
ORD117876,1475,P0018,Mobile Phone,4,positive,2025-11-25
ORD125179,1030,P0043,Fashion,3,neutral,2026-02-23
ORD100649,2698,P0059,Others,4,positive,2026-07-19
ORD122498,1891,P0006,Laptop & Accessory,4,positive,2026-04-22
ORD107737,3196,P0017,Mobile Phone,4,positive,2025-08-30
ORD100622,1102,P0004,Laptop & Accessory,4,positive,2025-12-29
ORD115641,2251,P0010,Laptop & Accessory,3,neutral,2025-09-14
ORD117379,2958,P0020,Mobile Phone,4,positive,2025-11-23
ORD113289,1137,P0012,Laptop & Accessory,2,negative,2026-04-21
ORD121062,496,P0018,Mobile Phone,3,neutral,2026-02-19
ORD123165,3948,P0016,Mobile Phone,4,positive,2026-06-21
ORD113590,1314,P0048,Fashion,5,positive,2025-08-20
ORD114380,2236,P0014,Mobile Phone,4,positive,2025-11-03
ORD125364,291,P0053,Others,4,positive,2026-05-05
ORD100968,470,P0039,Fashion,3,neutral,2025-10-23
ORD123667,3157,P0038,Fashion,4,positive,2026-01-06
ORD118432,2068,P0030,Household,5,positive,2025-10-08
ORD112540,1749,P0024,Mobile Phone,4,positive,2025-11-07
ORD124745,1436,P0012,Laptop & Accessory,4,positive,2025-12-14
ORD109874,1408,P0010,Laptop & Accessory,5,positive,2026-04-22
ORD110023,1622,P0006,Laptop & Accessory,5,positive,2025-12-21
ORD105766,1882,P0010,Laptop & Accessory,5,positive,2026-06-20
ORD107111,4403,P0018,Mobile Phone,5,positive,2026-01-02
ORD108926,3899,P0008,Laptop & Accessory,5,positive,2025-11-06
ORD109254,2142,P0008,Laptop & Accessory,5,positive,2026-04-24
ORD124285,2907,P0069,Grocery,5,positive,2026-02-12
ORD121764,2383,P0018,Mobile Phone,4,positive,2026-01-26
ORD112346,403,P0010,Laptop & Accessory,5,positive,2026-05-29
ORD118192,342,P0010,Laptop & Accessory,4,positive,2025-09-19
ORD115716,532,P0010,Laptop & Accessory,4,positive,2025-09-09
ORD117067,2529,P0010,Laptop & Accessory,4,positive,2025-08-06
ORD121276,1257,P0006,Laptop & Accessory,4,positive,2026-07-27
ORD108692,1453,P0035,Household,5,positive,2026-01-09
ORD109378,1224,P0071,Grocery,3,neutral,2026-02-01
ORD113858,694,P0007,Laptop & Accessory,5,positive,2026-01-18
ORD107193,3978,P0045,Fashion,4,positive,2025-11-05
ORD125279,3793,P0023,Mobile Phone,3,neutral,2025-08-21
ORD117599,1797,P0009,Laptop & Accessory,4,positive,2026-03-13
ORD108743,1396,P0007,Laptop & Accessory,3,neutral,2026-03-31
ORD111075,3278,P0029,Household,4,positive,2025-12-02
ORD121651,3329,P0034,Household,4,positive,2026-06-02
ORD124504,3436,P0008,Laptop & Accessory,5,positive,2026-05-13
ORD105845,422,P0069,Grocery,4,positive,2025-12-22
ORD122547,367,P0064,Grocery,5,positive,2026-02-02
ORD105639,399,P0060,Others,4,positive,2026-06-19
ORD107827,1731,P0005,Laptop & Accessory,3,neutral,2026-01-16
ORD104988,1084,P0007,Laptop & Accessory,4,positive,2025-10-21
ORD120576,3126,P0011,Laptop & Accessory,5,positive,2026-07-13
ORD124842,1950,P0006,Laptop & Accessory,4,positive,2025-08-23
ORD105521,1476,P0015,Mobile Phone,3,neutral,2026-04-23
ORD105524,569,P0010,Laptop & Accessory,5,positive,2026-05-17
ORD109188,3994,P0006,Laptop & Accessory,5,positive,2026-05-12
ORD124122,4149,P0043,Fashion,2,negative,2026-06-24
ORD109848,708,P0019,Mobile Phone,3,neutral,2026-03-10
ORD118845,1047,P0012,Laptop & Accessory,5,positive,2026-06-18
ORD101323,170,P0052,Others,5,positive,2026-01-12
ORD108011,50,P0005,Laptop & Accessory,4,positive,2025-10-17
ORD109155,1750,P0050,Others,5,positive,2025-09-11
ORD104179,238,P0011,Laptop & Accessory,5,positive,2026-01-07
ORD116339,3587,P0065,Grocery,5,positive,2025-09-12
ORD111695,2571,P0022,Mobile Phone,5,positive,2026-06-25
ORD109684,566,P0010,Laptop & Accessory,5,positive,2025-11-06
ORD109056,1502,P0009,Laptop & Accessory,5,positive,2026-07-28
ORD110149,1328,P0010,Laptop & Accessory,4,positive,2025-11-05
ORD123530,4179,P0031,Household,5,positive,2025-11-19
ORD112399,3458,P0071,Grocery,5,positive,2026-06-15
ORD110967,906,P0048,Fashion,3,neutral,2026-07-01
ORD104073,38,P0048,Fashion,4,positive,2026-03-25
ORD117673,1642,P0050,Others,4,positive,2025-12-09
ORD112457,4173,P0006,Laptop & Accessory,5,positive,2026-03-25
ORD122963,4288,P0010,Laptop & Accessory,3,neutral,2026-06-22
ORD103162,4007,P0006,Laptop & Accessory,5,positive,2026-01-14
ORD114531,2263,P0059,Others,4,positive,2026-01-19
ORD123225,4445,P0014,Mobile Phone,5,positive,2025-11-12
ORD123365,4472,P0035,Household,3,neutral,2025-11-10
ORD102538,3425,P0005,Laptop & Accessory,4,positive,2026-07-09
ORD119119,193,P0010,Laptop & Accessory,4,positive,2025-10-14
ORD105431,3476,P0006,Laptop & Accessory,4,positive,2025-09-10
ORD104581,4203,P0069,Grocery,5,positive,2026-01-26
ORD107655,1975,P0035,Household,4,positive,2025-08-23
ORD111535,2635,P0006,Laptop & Accessory,5,positive,2025-09-25
ORD104484,1955,P0010,Laptop & Accessory,4,positive,2026-08-22
ORD112486,3115,P0029,Household,5,positive,2026-05-06
ORD111572,3607,P0019,Mobile Phone,5,positive,2026-06-10
ORD120448,2946,P0035,Household,4,positive,2026-07-28
ORD110176,2783,P0018,Mobile Phone,4,positive,2026-03-11
ORD101851,3747,P0034,Household,4,positive,2026-08-19
ORD112116,3205,P0031,Household,4,positive,2026-05-03
ORD102504,1512,P0018,Mobile Phone,2,negative,2026-02-10
ORD115215,3664,P0069,Grocery,5,positive,2026-04-21
ORD108467,1515,P0013,Mobile Phone,5,positive,2026-07-01
ORD108242,470,P0012,Laptop & Accessory,4,positive,2026-04-17
ORD116343,3842,P0018,Mobile Phone,4,positive,2025-08-10
ORD111020,573,P0010,Laptop & Accessory,4,positive,2026-01-07
ORD112184,1659,P0033,Household,4,positive,2026-04-24
ORD100712,4118,P0021,Mobile Phone,5,positive,2026-03-15
ORD103643,1005,P0007,Laptop & Accessory,4,positive,2025-09-10
ORD106321,2875,P0038,Fashion,5,positive,2026-03-17
ORD104436,2100,P0020,Mobile Phone,5,positive,2025-10-01
ORD100440,3799,P0014,Mobile Phone,4,positive,2026-06-25
ORD115929,3425,P0012,Laptop & Accessory,4,positive,2025-11-05
ORD103370,1772,P0013,Mobile Phone,3,neutral,2025-12-16
ORD123853,12,P0033,Household,4,positive,2026-05-25
ORD125883,4018,P0037,Fashion,5,positive,2025-09-06
ORD110841,4391,P0006,Laptop & Accessory,4,positive,2025-11-10
ORD125075,1624,P0010,Laptop & Accessory,3,neutral,2026-08-11
ORD111181,2316,P0013,Mobile Phone,4,positive,2026-05-15
ORD123032,2049,P0024,Mobile Phone,3,neutral,2025-12-03
ORD118315,3219,P0008,Laptop & Accessory,5,positive,2026-07-22
ORD107526,835,P0029,Household,4,positive,2026-06-18
ORD119297,2203,P0006,Laptop & Accessory,4,positive,2026-06-25
ORD122435,2681,P0026,Household,4,positive,2025-11-16
ORD118226,1191,P0008,Laptop & Accessory,4,positive,2025-09-18
ORD113612,300,P0046,Fashion,5,positive,2025-12-26
ORD114009,4027,P0012,Laptop & Accessory,5,positive,2026-08-20
ORD125038,519,P0046,Fashion,5,positive,2025-11-17
ORD108032,1059,P0010,Laptop & Accessory,4,positive,2025-12-16
ORD124717,287,P0005,Laptop & Accessory,4,positive,2026-06-24
ORD118244,2057,P0020,Mobile Phone,4,positive,2025-11-12
ORD100228,1142,P0042,Fashion,5,positive,2025-11-12
ORD109895,3912,P0005,Laptop & Accessory,4,positive,2025-11-14
ORD110266,2079,P0013,Mobile Phone,5,positive,2026-06-16
ORD110361,257,P0017,Mobile Phone,4,positive,2025-12-30
ORD104667,612,P0004,Laptop & Accessory,5,positive,2025-11-23
ORD107620,112,P0039,Fashion,4,positive,2025-11-11
ORD101262,301,P0010,Laptop & Accessory,2,negative,2026-01-29
ORD102872,2015,P0007,Laptop & Accessory,4,positive,2026-02-26
ORD125679,11,P0038,Fashion,5,positive,2026-08-18
ORD118825,201,P0012,Laptop & Accessory,4,positive,2025-11-15
ORD116430,4124,P0017,Mobile Phone,4,positive,2026-05-10
ORD102934,4182,P0029,Household,3,neutral,2025-08-04
ORD112484,1766,P0010,Laptop & Accessory,4,positive,2026-02-21
ORD120060,4273,P0004,Laptop & Accessory,5,positive,2025-11-18
ORD117813,2177,P0010,Laptop & Accessory,5,positive,2026-04-22
ORD117164,333,P0018,Mobile Phone,4,positive,2026-07-17
ORD113318,3745,P0046,Fashion,4,positive,2026-03-10
ORD119945,2136,P0010,Laptop & Accessory,5,positive,2025-08-28
ORD110752,2214,P0018,Mobile Phone,4,positive,2026-03-24
ORD121520,2424,P0017,Mobile Phone,4,positive,2025-08-19
ORD106017,129,P0010,Laptop & Accessory,5,positive,2025-11-06
ORD118475,2631,P0037,Fashion,4,positive,2025-11-18
ORD121905,527,P0048,Fashion,4,positive,2026-07-11
ORD102969,595,P0038,Fashion,5,positive,2025-09-10
ORD122124,3093,P0031,Household,5,positive,2025-09-27
ORD116472,1452,P0046,Fashion,5,positive,2026-02-09
ORD114659,2427,P0017,Mobile Phone,5,positive,2026-05-07
ORD116119,290,P0001,Laptop & Accessory,5,positive,2025-11-18
ORD122018,1693,P0005,Laptop & Accessory,4,positive,2026-03-09
ORD115793,1678,P0059,Others,3,neutral,2026-05-14
ORD108441,3917,P0053,Others,4,positive,2026-01-31
ORD119094,208,P0010,Laptop & Accessory,5,positive,2025-09-13
ORD102525,78,P0029,Household,4,positive,2026-06-23
ORD102161,708,P0012,Laptop & Accessory,4,positive,2026-03-24
ORD116240,2066,P0017,Mobile Phone,4,positive,2026-06-15
ORD106171,2840,P0020,Mobile Phone,4,positive,2025-10-01
ORD111645,3538,P0029,Household,3,neutral,2026-08-31
ORD110309,987,P0066,Grocery,5,positive,2026-01-05
ORD112468,2971,P0058,Others,4,positive,2025-09-27
ORD107118,3737,P0059,Others,5,positive,2025-12-15
ORD106976,571,P0001,Laptop & Accessory,4,positive,2026-03-01
ORD108919,1024,P0015,Mobile Phone,4,positive,2026-05-06
ORD108836,185,P0010,Laptop & Accessory,4,positive,2026-07-27
ORD107815,181,P0037,Fashion,3,neutral,2025-12-04
ORD115111,898,P0002,Laptop & Accessory,3,neutral,2025-09-19
ORD103294,500,P0005,Laptop & Accessory,5,positive,2026-08-13
ORD108265,2378,P0071,Grocery,3,neutral,2025-10-23
ORD100456,3856,P0005,Laptop & Accessory,4,positive,2026-09-01
ORD120741,166,P0050,Others,4,positive,2026-01-13
ORD110934,4165,P0042,Fashion,5,positive,2025-10-07
ORD100947,2622,P0005,Laptop & Accessory,5,positive,2025-10-20
ORD114737,3761,P0022,Mobile Phone,5,positive,2025-11-18
ORD101363,2957,P0013,Mobile Phone,4,positive,2026-07-05
ORD125000,1127,P0010,Laptop & Accessory,4,positive,2026-03-24
ORD111010,1339,P0013,Mobile Phone,5,positive,2025-11-14
ORD110331,1557,P0071,Grocery,4,positive,2025-12-17
ORD122453,4141,P0029,Household,4,positive,2026-03-17
ORD103339,983,P0010,Laptop & Accessory,4,positive,2026-06-16
ORD108413,679,P0039,Fashion,5,positive,2026-07-01
ORD112418,2017,P0004,Laptop & Accessory,5,positive,2025-09-17
ORD119030,1387,P0029,Household,4,positive,2025-08-13
ORD111998,730,P0031,Household,5,positive,2026-02-03
ORD104816,3876,P0010,Laptop & Accessory,3,neutral,2025-08-25
ORD125377,628,P0006,Laptop & Accessory,4,positive,2026-02-04
ORD112753,2361,P0008,Laptop & Accessory,4,positive,2025-12-06
ORD121279,428,P0049,Others,4,positive,2025-11-08
ORD107636,426,P0011,Laptop & Accessory,4,positive,2026-03-14
ORD124941,1992,P0028,Household,4,positive,2025-09-01
ORD100833,1000,P0038,Fashion,5,positive,2025-11-09
ORD120999,2691,P0030,Household,5,positive,2026-05-22
ORD109642,121,P0036,Household,4,positive,2026-02-13
ORD112425,301,P0007,Laptop & Accessory,5,positive,2026-02-12
ORD117123,1901,P0021,Mobile Phone,4,positive,2025-10-11
ORD115323,4338,P0031,Household,5,positive,2026-08-02
ORD103796,3648,P0004,Laptop & Accessory,4,positive,2026-07-31
ORD103715,5,P0017,Mobile Phone,4,positive,2026-03-16
ORD107847,257,P0018,Mobile Phone,4,positive,2026-06-03
ORD110606,2007,P0010,Laptop & Accessory,4,positive,2025-10-27
ORD117664,1004,P0046,Fashion,4,positive,2026-01-05
ORD124267,23,P0069,Grocery,5,positive,2025-11-16
ORD121622,477,P0005,Laptop & Accessory,4,positive,2026-03-18
ORD121491,1083,P0005,Laptop & Accessory,3,neutral,2026-06-25
ORD124494,4267,P0046,Fashion,5,positive,2026-06-21
ORD102196,290,P0002,Laptop & Accessory,4,positive,2025-12-28
ORD103427,2200,P0003,Laptop & Accessory,5,positive,2025-10-24
ORD120300,187,P0006,Laptop & Accessory,5,positive,2025-10-12
ORD117256,566,P0010,Laptop & Accessory,4,positive,2026-04-04
ORD116379,166,P0041,Fashion,4,positive,2025-12-08
ORD125885,3412,P0056,Others,3,neutral,2026-07-06
ORD115064,4333,P0010,Laptop & Accessory,5,positive,2026-06-17
ORD112408,574,P0008,Laptop & Accessory,4,positive,2026-08-05
ORD100716,3667,P0015,Mobile Phone,5,positive,2025-12-23
ORD108030,982,P0039,Fashion,4,positive,2025-10-14
ORD119078,1077,P0012,Laptop & Accessory,3,neutral,2025-10-15
ORD117425,146,P0018,Mobile Phone,4,positive,2026-08-09
ORD123507,2129,P0009,Laptop & Accessory,5,positive,2026-02-14
ORD107325,662,P0059,Others,4,positive,2025-12-12
ORD119602,1410,P0069,Grocery,5,positive,2026-06-12
ORD118228,273,P0045,Fashion,4,positive,2026-06-20
ORD100600,1336,P0012,Laptop & Accessory,4,positive,2026-07-08
ORD116246,149,P0008,Laptop & Accessory,4,positive,2025-10-09
ORD113160,84,P0005,Laptop & Accessory,4,positive,2025-11-04
ORD101234,3068,P0020,Mobile Phone,3,neutral,2026-06-16
ORD117393,4477,P0004,Laptop & Accessory,4,positive,2025-12-26
ORD123534,1909,P0008,Laptop & Accessory,3,neutral,2026-08-23
ORD121400,181,P0037,Fashion,5,positive,2025-08-13
ORD114764,343,P0010,Laptop & Accessory,4,positive,2025-08-15
ORD110817,1678,P0004,Laptop & Accessory,3,neutral,2026-02-18
ORD106511,670,P0008,Laptop & Accessory,4,positive,2025-11-12
ORD106516,1677,P0039,Fashion,3,neutral,2026-06-26
ORD100991,1385,P0059,Others,4,positive,2026-01-29
ORD102292,4450,P0035,Household,4,positive,2026-02-19
ORD111067,4178,P0033,Household,4,positive,2025-09-08
ORD115557,3716,P0064,Grocery,4,positive,2025-09-27
ORD123369,2193,P0056,Others,3,neutral,2026-03-06
ORD109100,2700,P0067,Grocery,4,positive,2026-07-11
ORD111996,176,P0016,Mobile Phone,5,positive,2026-04-26
ORD105429,705,P0069,Grocery,4,positive,2025-11-06
ORD104158,483,P0023,Mobile Phone,3,neutral,2026-03-18
ORD124635,495,P0011,Laptop & Accessory,4,positive,2026-02-02
ORD111803,2552,P0018,Mobile Phone,5,positive,2025-11-05
ORD124012,2324,P0007,Laptop & Accessory,4,positive,2025-09-12
ORD122156,1868,P0013,Mobile Phone,5,positive,2026-01-23
ORD113770,716,P0066,Grocery,3,neutral,2025-08-30
ORD120366,4302,P0039,Fashion,3,neutral,2025-10-08
ORD102256,4481,P0012,Laptop & Accessory,4,positive,2026-05-19
ORD119105,909,P0001,Laptop & Accessory,5,positive,2026-01-08
ORD107088,1077,P0010,Laptop & Accessory,5,positive,2026-02-19
ORD122242,777,P0006,Laptop & Accessory,5,positive,2025-08-10
ORD106945,1393,P0052,Others,5,positive,2026-01-12
ORD122159,2584,P0020,Mobile Phone,4,positive,2026-04-09
ORD113314,2977,P0017,Mobile Phone,5,positive,2026-06-14
ORD110624,307,P0013,Mobile Phone,4,positive,2026-06-11
ORD123579,3680,P0021,Mobile Phone,5,positive,2026-04-15
ORD111312,2368,P0018,Mobile Phone,2,negative,2026-06-09
ORD109328,2320,P0018,Mobile Phone,4,positive,2026-03-21
ORD103635,808,P0010,Laptop & Accessory,4,positive,2025-11-12
ORD112840,19,P0005,Laptop & Accessory,4,positive,2025-08-15
ORD107217,1125,P0043,Fashion,5,positive,2025-10-04
ORD120758,2366,P0013,Mobile Phone,3,neutral,2026-08-27
ORD124651,944,P0010,Laptop & Accessory,3,neutral,2025-10-14
ORD117023,1899,P0009,Laptop & Accessory,4,positive,2025-08-08
ORD111103,3946,P0016,Mobile Phone,5,positive,2025-11-09
ORD106185,1888,P0003,Laptop & Accessory,5,positive,2025-11-04
ORD116288,1408,P0041,Fashion,4,positive,2026-01-10
ORD111345,3676,P0013,Mobile Phone,5,positive,2026-02-25
ORD104344,662,P0010,Laptop & Accessory,4,positive,2026-08-28
ORD116258,3021,P0023,Mobile Phone,4,positive,2026-02-10
ORD119656,1432,P0066,Grocery,5,positive,2026-06-14
ORD118767,3398,P0033,Household,4,positive,2025-08-04
ORD110208,762,P0020,Mobile Phone,5,positive,2026-03-30
ORD109318,1829,P0038,Fashion,4,positive,2026-07-25
ORD100279,3200,P0009,Laptop & Accessory,3,neutral,2026-02-27
ORD115434,1085,P0029,Household,4,positive,2026-03-31
ORD113143,4518,P0026,Household,5,positive,2025-09-15
ORD119379,2999,P0014,Mobile Phone,4,positive,2026-06-26
ORD112621,1155,P0030,Household,5,positive,2025-11-13
ORD110642,124,P0040,Fashion,3,neutral,2026-04-26
ORD117167,476,P0005,Laptop & Accessory,5,positive,2026-06-17
ORD108203,2488,P0018,Mobile Phone,2,negative,2025-09-16
ORD106147,4086,P0004,Laptop & Accessory,5,positive,2025-10-02
ORD123645,2963,P0025,Household,5,positive,2025-12-18
ORD110603,1008,P0069,Grocery,4,positive,2025-11-29
ORD119128,2856,P0016,Mobile Phone,4,positive,2026-04-14
ORD106239,1981,P0026,Household,4,positive,2026-05-29
ORD125884,3217,P0043,Fashion,4,positive,2025-08-07
ORD116689,324,P0005,Laptop & Accessory,4,positive,2025-11-03
ORD115416,2285,P0018,Mobile Phone,4,positive,2025-10-04
ORD106657,313,P0007,Laptop & Accessory,5,positive,2025-11-27
ORD111088,1899,P0057,Others,4,positive,2026-06-11
ORD100197,4098,P0042,Fashion,4,positive,2026-07-16
ORD123661,47,P0010,Laptop & Accessory,5,positive,2026-06-18
ORD115873,4265,P0040,Fashion,5,positive,2025-11-13
ORD115671,2700,P0046,Fashion,4,positive,2025-09-13
ORD113966,4097,P0037,Fashion,4,positive,2026-03-10
ORD107859,1105,P0006,Laptop & Accessory,4,positive,2026-01-30
ORD111347,4117,P0038,Fashion,5,positive,2025-10-30
ORD122356,697,P0022,Mobile Phone,3,neutral,2025-10-06
ORD123951,37,P0006,Laptop & Accessory,4,positive,2026-05-18
ORD104759,1786,P0022,Mobile Phone,4,positive,2025-12-25
ORD102869,3576,P0039,Fashion,3,neutral,2025-11-17
ORD116449,1561,P0010,Laptop & Accessory,4,positive,2025-09-25
ORD123302,1633,P0010,Laptop & Accessory,4,positive,2026-01-06
ORD109039,2232,P0023,Mobile Phone,4,positive,2025-11-04
ORD107043,1727,P0022,Mobile Phone,4,positive,2025-08-27
ORD114157,3575,P0021,Mobile Phone,5,positive,2025-09-29
ORD111326,614,P0030,Household,4,positive,2026-01-02
ORD120141,660,P0010,Laptop & Accessory,3,neutral,2026-08-19
ORD110618,4225,P0013,Mobile Phone,5,positive,2025-11-18
ORD123354,326,P0035,Household,5,positive,2026-08-26
ORD100480,293,P0012,Laptop & Accessory,5,positive,2026-05-27
ORD120745,2474,P0018,Mobile Phone,4,positive,2025-11-13
ORD108643,100,P0006,Laptop & Accessory,5,positive,2025-11-04
ORD107287,2958,P0018,Mobile Phone,4,positive,2026-01-09
ORD102293,251,P0046,Fashion,4,positive,2026-04-11
ORD122437,1676,P0046,Fashion,4,positive,2026-02-23
ORD113079,2824,P0029,Household,4,positive,2025-11-10
ORD121955,3190,P0031,Household,5,positive,2026-03-28
ORD115826,1732,P0030,Household,4,positive,2025-10-30
ORD110718,4169,P0029,Household,4,positive,2025-12-15
ORD102364,3901,P0021,Mobile Phone,4,positive,2025-08-15
ORD107435,4298,P0010,Laptop & Accessory,4,positive,2025-11-06
ORD116924,3165,P0010,Laptop & Accessory,4,positive,2026-07-06
ORD113803,1100,P0004,Laptop & Accessory,5,positive,2026-06-19
ORD105928,3047,P0027,Household,4,positive,2026-03-28
ORD122237,1894,P0038,Fashion,3,neutral,2026-01-26
ORD121368,1293,P0010,Laptop & Accessory,4,positive,2025-09-12
ORD116792,1377,P0001,Laptop & Accessory,3,neutral,2026-04-09
ORD104815,3525,P0042,Fashion,5,positive,2026-06-25
ORD123452,3150,P0010,Laptop & Accessory,3,neutral,2026-03-26
ORD125399,4320,P0031,Household,5,positive,2026-09-01
ORD109112,558,P0019,Mobile Phone,5,positive,2025-08-27
ORD119188,1113,P0001,Laptop & Accessory,4,positive,2026-02-25
ORD100250,3095,P0033,Household,4,positive,2026-04-14
ORD110306,3375,P0029,Household,4,positive,2025-08-12
ORD102116,4170,P0035,Household,3,neutral,2026-06-20
ORD124112,957,P0038,Fashion,4,positive,2026-01-15
ORD104579,2135,P0042,Fashion,4,positive,2025-10-26
ORD122240,4538,P0028,Household,4,positive,2025-09-17
ORD112336,1644,P0014,Mobile Phone,5,positive,2026-04-05
ORD125908,998,P0042,Fashion,5,positive,2026-05-20
ORD123183,3338,P0031,Household,4,positive,2025-12-16
ORD102244,1730,P0011,Laptop & Accessory,4,positive,2026-07-05
ORD110365,1290,P0049,Others,4,positive,2025-12-27
ORD112539,107,P0011,Laptop & Accessory,4,positive,2026-06-16
ORD110109,933,P0029,Household,3,neutral,2025-08-05
ORD112702,1696,P0010,Laptop & Accessory,4,positive,2025-11-13
ORD111854,2160,P0032,Household,4,positive,2026-05-10
ORD121865,2315,P0010,Laptop & Accessory,4,positive,2025-09-30
ORD115944,210,P0037,Fashion,3,neutral,2025-10-26
ORD120910,801,P0050,Others,3,neutral,2026-06-01
ORD120703,1324,P0010,Laptop & Accessory,4,positive,2025-12-25
ORD125615,4473,P0028,Household,3,neutral,2026-05-12
ORD121983,1119,P0048,Fashion,4,positive,2026-06-18
ORD117337,1013,P0031,Household,4,positive,2025-12-20
ORD105844,2193,P0069,Grocery,4,positive,2026-04-08
ORD112362,2538,P0010,Laptop & Accessory,4,positive,2025-11-12
ORD101466,3604,P0024,Mobile Phone,3,neutral,2026-05-30
ORD115854,659,P0019,Mobile Phone,4,positive,2025-08-22
ORD101373,615,P0041,Fashion,5,positive,2025-10-21
ORD112401,779,P0063,Grocery,4,positive,2026-01-25
ORD122680,988,P0010,Laptop & Accessory,4,positive,2025-11-16
ORD113439,1201,P0012,Laptop & Accessory,5,positive,2025-10-28
ORD121218,1027,P0037,Fashion,4,positive,2025-12-16
ORD104128,3454,P0017,Mobile Phone,4,positive,2026-05-21
ORD100129,3830,P0010,Laptop & Accessory,5,positive,2026-06-16
ORD116043,4325,P0049,Others,4,positive,2026-06-17
ORD120721,26,P0028,Household,4,positive,2026-08-22
ORD107264,1332,P0006,Laptop & Accessory,5,positive,2026-02-05
ORD108644,260,P0018,Mobile Phone,4,positive,2025-11-05
ORD125964,1278,P0013,Mobile Phone,4,positive,2026-02-11
ORD111882,354,P0017,Mobile Phone,4,positive,2026-07-01
ORD111553,2978,P0018,Mobile Phone,4,positive,2025-11-06
ORD121740,301,P0001,Laptop & Accessory,5,positive,2026-03-17
ORD114237,740,P0045,Fashion,5,positive,2026-03-10
ORD100997,2955,P0011,Laptop & Accessory,4,positive,2025-12-13
ORD102407,117,P0038,Fashion,4,positive,2026-08-01
ORD103769,325,P0021,Mobile Phone,4,positive,2025-09-05
ORD122493,982,P0059,Others,4,positive,2025-11-11
ORD103508,1338,P0010,Laptop & Accessory,4,positive,2026-06-19
ORD118176,4182,P0011,Laptop & Accessory,3,neutral,2025-11-05
ORD109649,1173,P0038,Fashion,4,positive,2025-12-31
ORD113844,1693,P0036,Household,3,neutral,2025-10-13
ORD123221,3781,P0041,Fashion,3,neutral,2025-11-29
ORD113710,3425,P0001,Laptop & Accessory,4,positive,2025-12-19
ORD109286,568,P0002,Laptop & Accessory,5,positive,2026-04-06
ORD122703,2403,P0024,Mobile Phone,5,positive,2025-10-22
ORD118250,1520,P0044,Fashion,5,positive,2025-11-11
ORD105897,852,P0043,Fashion,4,positive,2026-08-11
ORD122191,1406,P0018,Mobile Phone,4,positive,2026-05-06
ORD104279,1608,P0008,Laptop & Accessory,4,positive,2025-12-01
ORD106036,690,P0018,Mobile Phone,4,positive,2026-01-03
ORD112221,4247,P0026,Household,4,positive,2025-08-12
ORD116177,1217,P0001,Laptop & Accessory,4,positive,2026-08-24
ORD120735,1278,P0011,Laptop & Accessory,5,positive,2026-07-25
ORD110553,2316,P0023,Mobile Phone,5,positive,2026-06-16
ORD105618,1884,P0006,Laptop & Accessory,4,positive,2026-02-27
ORD117377,2121,P0002,Laptop & Accessory,4,positive,2026-03-03
ORD112470,713,P0010,Laptop & Accessory,5,positive,2026-05-28
ORD100315,990,P0047,Fashion,4,positive,2026-05-10
ORD116492,3031,P0010,Laptop & Accessory,4,positive,2026-04-12
ORD104055,3677,P0018,Mobile Phone,5,positive,2026-01-26
ORD113449,291,P0009,Laptop & Accessory,4,positive,2025-11-15
ORD102663,2457,P0023,Mobile Phone,3,neutral,2025-08-04
ORD125898,430,P0005,Laptop & Accessory,4,positive,2025-09-30
ORD122567,2346,P0018,Mobile Phone,5,positive,2025-08-16
ORD122605,4391,P0007,Laptop & Accessory,4,positive,2026-04-22
ORD108627,1367,P0012,Laptop & Accessory,4,positive,2026-03-22
ORD119946,151,P0012,Laptop & Accessory,4,positive,2025-12-27
ORD123838,2370,P0019,Mobile Phone,3,neutral,2026-08-25
ORD107154,2007,P0012,Laptop & Accessory,5,positive,2025-11-15
ORD112654,4008,P0016,Mobile Phone,4,positive,2026-07-18
ORD115618,10,P0033,Household,5,positive,2025-08-16
ORD100251,1780,P0014,Mobile Phone,4,positive,2026-08-05
ORD123560,3847,P0023,Mobile Phone,4,positive,2025-10-10
ORD102875,418,P0018,Mobile Phone,4,positive,2026-07-25
ORD108229,2574,P0019,Mobile Phone,4,positive,2025-08-13
ORD111868,1790,P0004,Laptop & Accessory,4,positive,2026-07-11
ORD125583,2816,P0012,Laptop & Accessory,4,positive,2025-12-07
ORD101263,1080,P0017,Mobile Phone,4,positive,2026-01-25
ORD109124,2959,P0069,Grocery,4,positive,2025-08-28
ORD122117,2759,P0010,Laptop & Accessory,4,positive,2026-02-23
ORD117680,2915,P0024,Mobile Phone,4,positive,2026-08-10
ORD102834,657,P0062,Grocery,4,positive,2026-07-11
ORD103076,3862,P0065,Grocery,4,positive,2026-03-13
ORD122164,1888,P0029,Household,4,positive,2025-12-19
ORD122053,1083,P0012,Laptop & Accessory,4,positive,2025-12-22
ORD123139,502,P0029,Household,5,positive,2025-08-20
ORD114863,2357,P0001,Laptop & Accessory,4,positive,2025-09-14
ORD110211,539,P0040,Fashion,2,negative,2026-06-14
ORD107648,2280,P0006,Laptop & Accessory,5,positive,2026-05-29
ORD100573,1613,P0038,Fashion,4,positive,2026-03-23
ORD123676,4084,P0027,Household,4,positive,2026-01-21
ORD106627,1652,P0010,Laptop & Accessory,4,positive,2025-11-22
ORD107530,4092,P0029,Household,4,positive,2026-02-24
ORD106565,103,P0039,Fashion,5,positive,2025-12-13
ORD103826,189,P0008,Laptop & Accessory,4,positive,2025-10-05
ORD112380,1778,P0002,Laptop & Accessory,4,positive,2026-08-12
ORD118241,2856,P0020,Mobile Phone,3,neutral,2025-11-16
ORD120242,711,P0006,Laptop & Accessory,3,neutral,2026-06-13
ORD115768,948,P0009,Laptop & Accessory,4,positive,2025-11-11
ORD118858,10,P0040,Fashion,5,positive,2025-10-15
ORD117940,4162,P0018,Mobile Phone,3,neutral,2026-05-27
ORD124913,300,P0048,Fashion,5,positive,2026-05-23
ORD114061,2599,P0016,Mobile Phone,3,neutral,2025-10-22
ORD106273,705,P0009,Laptop & Accessory,5,positive,2026-08-28
ORD100283,2137,P0039,Fashion,3,neutral,2026-02-10
ORD104248,1740,P0063,Grocery,3,neutral,2025-10-23
ORD114931,3129,P0010,Laptop & Accessory,4,positive,2026-08-15
ORD116020,2968,P0023,Mobile Phone,3,neutral,2026-06-22
ORD103514,2490,P0012,Laptop & Accessory,3,neutral,2026-08-03
ORD112752,1065,P0002,Laptop & Accessory,4,positive,2025-08-29
ORD104706,4439,P0005,Laptop & Accessory,5,positive,2025-11-12
ORD109008,120,P0003,Laptop & Accessory,5,positive,2025-08-26
ORD122312,1815,P0013,Mobile Phone,5,positive,2025-08-31
ORD123016,384,P0065,Grocery,4,positive,2026-08-11
ORD120606,582,P0004,Laptop & Accessory,4,positive,2026-05-12
ORD120763,2666,P0037,Fashion,5,positive,2026-06-15
ORD110862,3637,P0024,Mobile Phone,5,positive,2025-11-06
ORD112921,819,P0069,Grocery,4,positive,2025-11-04
ORD112896,2510,P0005,Laptop & Accessory,5,positive,2025-08-27
ORD110580,2702,P0040,Fashion,3,neutral,2025-10-27
ORD124307,526,P0006,Laptop & Accessory,3,neutral,2026-07-28
ORD109982,1560,P0010,Laptop & Accessory,4,positive,2026-04-05
ORD100451,3159,P0027,Household,4,positive,2026-09-01
ORD106859,3024,P0005,Laptop & Accessory,3,neutral,2026-01-18
ORD111713,4322,P0021,Mobile Phone,5,positive,2026-06-21
ORD102513,2137,P0020,Mobile Phone,5,positive,2026-07-14
ORD110180,408,P0016,Mobile Phone,4,positive,2025-08-28
ORD123189,2737,P0053,Others,5,positive,2025-12-04
ORD107161,2069,P0057,Others,5,positive,2026-08-12
ORD124274,3836,P0016,Mobile Phone,4,positive,2026-03-29
ORD106200,874,P0069,Grocery,4,positive,2026-01-12
ORD119941,1774,P0004,Laptop & Accessory,5,positive,2026-06-05
ORD122267,4216,P0071,Grocery,5,positive,2026-06-21
ORD108855,4278,P0028,Household,5,positive,2025-11-18
ORD102660,2237,P0015,Mobile Phone,3,neutral,2025-11-12
ORD109029,1025,P0039,Fashion,5,positive,2026-03-19
ORD117930,320,P0010,Laptop & Accessory,5,positive,2026-06-17
ORD101719,959,P0035,Household,5,positive,2025-09-20
ORD124665,3540,P0067,Grocery,4,positive,2026-08-08
ORD121942,1875,P0026,Household,4,positive,2025-09-27
ORD106879,928,P0046,Fashion,4,positive,2025-11-11
ORD121711,3805,P0018,Mobile Phone,5,positive,2025-11-06
ORD117059,981,P0046,Fashion,5,positive,2026-04-01
ORD103380,3653,P0062,Grocery,5,positive,2026-07-03
ORD107855,1815,P0018,Mobile Phone,4,positive,2026-02-20
ORD124461,296,P0018,Mobile Phone,4,positive,2026-05-18
ORD122056,1535,P0012,Laptop & Accessory,3,neutral,2025-11-13
ORD123861,1453,P0004,Laptop & Accessory,3,neutral,2025-11-06
ORD105633,3471,P0028,Household,4,positive,2026-06-14
ORD113728,460,P0003,Laptop & Accessory,4,positive,2025-08-30
ORD118800,1077,P0009,Laptop & Accessory,5,positive,2026-03-31
ORD103356,494,P0018,Mobile Phone,3,neutral,2025-11-16
ORD105580,25,P0039,Fashion,4,positive,2026-02-13
ORD102232,2057,P0024,Mobile Phone,4,positive,2026-03-15
ORD119448,2043,P0046,Fashion,5,positive,2025-11-04
ORD110076,4293,P0031,Household,4,positive,2026-06-23
ORD116513,1932,P0030,Household,3,neutral,2026-06-18
ORD114379,2178,P0031,Household,4,positive,2026-04-16
ORD125260,389,P0010,Laptop & Accessory,4,positive,2025-11-16
ORD116263,277,P0014,Mobile Phone,4,positive,2025-12-04
ORD120057,1248,P0007,Laptop & Accessory,4,positive,2025-11-04
ORD122019,2263,P0024,Mobile Phone,4,positive,2025-11-17
ORD124264,1661,P0009,Laptop & Accessory,3,neutral,2026-07-28
ORD121528,1497,P0065,Grocery,5,positive,2026-01-27
ORD123381,2679,P0010,Laptop & Accessory,5,positive,2026-01-11
ORD114377,3443,P0005,Laptop & Accessory,4,positive,2026-07-24
ORD123313,1630,P0008,Laptop & Accessory,4,positive,2026-01-27
ORD117355,592,P0036,Household,4,positive,2025-10-24
ORD105289,3416,P0030,Household,5,positive,2025-12-03
ORD121822,3900,P0007,Laptop & Accessory,3,neutral,2026-01-16
ORD109291,1339,P0012,Laptop & Accessory,5,positive,2025-10-28
ORD120908,2653,P0010,Laptop & Accessory,4,positive,2026-08-05
ORD116944,3182,P0048,Fashion,4,positive,2026-06-16
ORD101288,2224,P0005,Laptop & Accessory,5,positive,2026-06-18
ORD114075,2270,P0011,Laptop & Accessory,5,positive,2025-12-27
ORD118802,1675,P0002,Laptop & Accessory,4,positive,2025-10-26
ORD125612,1082,P0038,Fashion,4,positive,2026-07-17
ORD119474,2876,P0035,Household,4,positive,2026-04-09
ORD108874,471,P0024,Mobile Phone,5,positive,2026-04-20
ORD118208,588,P0010,Laptop & Accessory,4,positive,2026-04-22
ORD107993,1306,P0009,Laptop & Accessory,4,positive,2026-08-14
ORD121993,2103,P0018,Mobile Phone,3,neutral,2026-06-13
ORD108704,173,P0010,Laptop & Accessory,4,positive,2025-12-25
ORD114626,142,P0010,Laptop & Accessory,3,neutral,2025-11-20
ORD104261,44,P0046,Fashion,4,positive,2025-11-08
ORD124815,3481,P0026,Household,4,positive,2025-08-19
ORD106906,485,P0024,Mobile Phone,4,positive,2026-08-12
ORD117743,1256,P0010,Laptop & Accessory,4,positive,2026-03-26
ORD104719,2110,P0010,Laptop & Accessory,2,negative,2025-10-14
ORD118399,2370,P0019,Mobile Phone,4,positive,2025-11-18
ORD109034,176,P0006,Laptop & Accessory,5,positive,2025-11-08
ORD124565,1079,P0004,Laptop & Accessory,3,neutral,2025-11-08
ORD109477,1823,P0010,Laptop & Accessory,5,positive,2025-08-30
ORD115902,16,P0018,Mobile Phone,4,positive,2026-07-31
ORD117195,2056,P0019,Mobile Phone,5,positive,2026-08-12
ORD100509,1124,P0010,Laptop & Accessory,4,positive,2025-08-22
ORD122186,499,P0029,Household,4,positive,2026-04-22
ORD105220,1057,P0010,Laptop & Accessory,5,positive,2026-06-21
ORD106029,4233,P0013,Mobile Phone,5,positive,2025-09-15
ORD103916,906,P0040,Fashion,3,neutral,2026-01-02
ORD108693,462,P0042,Fashion,4,positive,2025-11-07
ORD116239,596,P0003,Laptop & Accessory,4,positive,2026-05-15
ORD112637,566,P0005,Laptop & Accessory,4,positive,2025-11-09
ORD121384,2128,P0029,Household,4,positive,2025-12-03
ORD102148,3815,P0006,Laptop & Accessory,3,neutral,2026-04-22
ORD102782,2107,P0016,Mobile Phone,4,positive,2026-08-23
ORD116098,4013,P0029,Household,4,positive,2025-09-10
ORD102909,1049,P0041,Fashion,3,neutral,2025-10-31
ORD124284,292,P0043,Fashion,4,positive,2026-04-27
ORD100680,3148,P0031,Household,5,positive,2025-11-12
ORD115774,70,P0012,Laptop & Accessory,5,positive,2025-11-04
ORD104203,678,P0005,Laptop & Accessory,4,positive,2026-02-10
ORD106946,1411,P0060,Others,2,negative,2026-03-09
ORD109959,3073,P0010,Laptop & Accessory,4,positive,2026-05-01
ORD112281,3015,P0019,Mobile Phone,3,neutral,2025-12-16
ORD100849,1082,P0036,Household,4,positive,2026-08-21
ORD111607,3735,P0044,Fashion,4,positive,2026-04-17
ORD125565,1667,P0001,Laptop & Accessory,4,positive,2025-08-07
ORD108444,1351,P0015,Mobile Phone,4,positive,2025-11-12
ORD106211,533,P0010,Laptop & Accessory,3,neutral,2025-12-18
ORD109829,4295,P0053,Others,4,positive,2026-01-22
ORD116951,657,P0012,Laptop & Accessory,5,positive,2025-11-07
ORD122364,2819,P0005,Laptop & Accessory,5,positive,2025-08-31
ORD117892,375,P0069,Grocery,5,positive,2026-03-21
ORD122615,1737,P0054,Others,4,positive,2026-05-24
ORD112544,2363,P0010,Laptop & Accessory,4,positive,2026-06-18
ORD118150,1272,P0013,Mobile Phone,4,positive,2026-08-27
ORD111142,305,P0051,Others,4,positive,2025-11-04
ORD118573,1531,P0013,Mobile Phone,3,neutral,2026-06-27
ORD103224,830,P0008,Laptop & Accessory,4,positive,2025-11-11
ORD125644,3203,P0010,Laptop & Accessory,5,positive,2025-10-04
ORD109239,3605,P0005,Laptop & Accessory,4,positive,2025-10-06
ORD121522,2014,P0034,Household,4,positive,2025-08-25
ORD101646,2382,P0026,Household,4,positive,2026-08-28
ORD102067,570,P0016,Mobile Phone,4,positive,2026-05-09
ORD118146,918,P0060,Others,5,positive,2025-08-24
ORD121849,536,P0066,Grocery,4,positive,2026-01-24
ORD116694,4011,P0024,Mobile Phone,4,positive,2026-01-18
ORD124605,2650,P0030,Household,4,positive,2025-11-10
ORD100449,1478,P0003,Laptop & Accessory,4,positive,2026-05-16
ORD117776,1438,P0010,Laptop & Accessory,4,positive,2026-04-25
ORD115297,3337,P0009,Laptop & Accessory,5,positive,2025-12-09
ORD112195,1365,P0029,Household,5,positive,2026-06-13
ORD123358,667,P0050,Others,4,positive,2025-08-26
ORD119704,873,P0069,Grocery,4,positive,2025-09-06
ORD115303,282,P0004,Laptop & Accessory,3,neutral,2026-05-31
ORD105077,1330,P0037,Fashion,5,positive,2026-04-23
ORD108450,347,P0010,Laptop & Accessory,3,neutral,2026-01-15
ORD104369,530,P0041,Fashion,5,positive,2026-06-09
ORD119796,2014,P0005,Laptop & Accessory,4,positive,2025-12-03
ORD102952,2565,P0004,Laptop & Accessory,4,positive,2025-09-08
ORD100894,3737,P0040,Fashion,4,positive,2025-10-14
ORD105747,2655,P0064,Grocery,5,positive,2025-11-16
ORD124211,2025,P0051,Others,4,positive,2025-12-30
ORD119526,634,P0039,Fashion,4,positive,2025-09-28
ORD114435,1004,P0041,Fashion,5,positive,2025-09-23
ORD119726,4344,P0021,Mobile Phone,5,positive,2025-09-27
ORD110036,338,P0026,Household,3,neutral,2026-07-22
ORD120625,1664,P0045,Fashion,5,positive,2025-09-13
ORD117188,3098,P0028,Household,3,neutral,2025-11-13
ORD125259,1431,P0037,Fashion,4,positive,2025-10-16
ORD114706,3136,P0010,Laptop & Accessory,4,positive,2025-12-12
ORD112619,1019,P0044,Fashion,4,positive,2025-10-01
ORD104370,1919,P0029,Household,4,positive,2026-02-07
ORD102820,3768,P0046,Fashion,5,positive,2026-03-31
ORD107183,44,P0039,Fashion,4,positive,2026-06-09
ORD114910,589,P0048,Fashion,5,positive,2026-06-23
ORD106202,4422,P0005,Laptop & Accessory,3,neutral,2026-07-07
ORD108939,2798,P0036,Household,5,positive,2026-07-24
ORD116207,263,P0046,Fashion,3,neutral,2026-01-27
ORD113948,2080,P0011,Laptop & Accessory,4,positive,2025-09-19
ORD118266,67,P0065,Grocery,5,positive,2026-01-13
ORD124017,2929,P0048,Fashion,5,positive,2026-04-15
ORD103077,257,P0013,Mobile Phone,4,positive,2026-01-31
ORD109423,10,P0037,Fashion,5,positive,2025-11-14
ORD103044,203,P0010,Laptop & Accessory,4,positive,2025-09-09
ORD122754,929,P0045,Fashion,5,positive,2025-08-17
ORD124802,4378,P0069,Grocery,5,positive,2025-11-04
ORD115867,371,P0006,Laptop & Accessory,4,positive,2026-06-30
ORD106836,949,P0015,Mobile Phone,4,positive,2025-12-06
ORD116532,2137,P0019,Mobile Phone,4,positive,2026-04-13
ORD116187,931,P0035,Household,4,positive,2026-03-03
ORD103190,3582,P0069,Grocery,5,positive,2026-02-11
ORD109163,53,P0036,Household,4,positive,2025-10-22
ORD111357,2492,P0024,Mobile Phone,4,positive,2026-07-18
ORD115321,1878,P0018,Mobile Phone,5,positive,2025-08-20
ORD118974,3733,P0068,Grocery,5,positive,2026-08-04
ORD112606,3566,P0023,Mobile Phone,4,positive,2025-09-02
ORD118397,69,P0046,Fashion,4,positive,2026-07-12
ORD107093,4335,P0009,Laptop & Accessory,4,positive,2025-12-17
ORD114324,1828,P0010,Laptop & Accessory,5,positive,2026-06-15
ORD119256,3848,P0020,Mobile Phone,4,positive,2026-01-06
ORD111587,1366,P0037,Fashion,5,positive,2026-05-26
ORD113767,2157,P0009,Laptop & Accessory,4,positive,2026-05-08
ORD117738,2182,P0023,Mobile Phone,3,neutral,2026-08-28
ORD124742,1104,P0004,Laptop & Accessory,3,neutral,2026-04-01
ORD107257,2365,P0010,Laptop & Accessory,4,positive,2026-01-17
ORD108521,2475,P0049,Others,2,negative,2025-11-20
ORD114472,2057,P0013,Mobile Phone,3,neutral,2026-06-07
ORD111407,1487,P0004,Laptop & Accessory,5,positive,2026-04-26
ORD116227,4185,P0058,Others,4,positive,2026-06-20
ORD122769,1857,P0015,Mobile Phone,3,neutral,2026-07-15
ORD117085,3124,P0010,Laptop & Accessory,5,positive,2025-12-17
ORD105068,3923,P0012,Laptop & Accessory,4,positive,2025-11-04
ORD105171,3002,P0029,Household,4,positive,2025-10-30
ORD108251,4176,P0013,Mobile Phone,5,positive,2026-02-05
ORD113041,4495,P0018,Mobile Phone,5,positive,2026-05-06
ORD103174,2187,P0021,Mobile Phone,3,neutral,2025-10-06
ORD101681,578,P0010,Laptop & Accessory,2,negative,2025-11-12
ORD101723,1177,P0006,Laptop & Accessory,4,positive,2025-08-23
ORD118497,3218,P0035,Household,4,positive,2026-02-21
ORD123905,421,P0039,Fashion,4,positive,2025-09-11
ORD114373,3359,P0002,Laptop & Accessory,4,positive,2026-01-13
ORD122811,3775,P0018,Mobile Phone,3,neutral,2026-05-29
ORD115524,1769,P0018,Mobile Phone,5,positive,2026-03-02
ORD101583,2745,P0005,Laptop & Accessory,4,positive,2026-04-01
ORD124171,465,P0004,Laptop & Accessory,5,positive,2026-04-19
ORD113191,205,P0013,Mobile Phone,3,neutral,2026-03-25
ORD106062,3747,P0037,Fashion,4,positive,2026-05-31
ORD111893,1022,P0011,Laptop & Accessory,5,positive,2025-08-12
ORD105235,2389,P0045,Fashion,4,positive,2026-03-11
ORD104301,2919,P0031,Household,4,positive,2025-11-15
ORD116360,1490,P0010,Laptop & Accessory,4,positive,2025-08-27
ORD125856,2219,P0026,Household,4,positive,2025-08-18
ORD104471,3054,P0039,Fashion,4,positive,2026-01-14
ORD118524,4172,P0035,Household,5,positive,2026-06-06
ORD123436,3081,P0009,Laptop & Accessory,4,positive,2026-06-30
ORD101100,1744,P0018,Mobile Phone,3,neutral,2026-03-05
ORD102794,3334,P0015,Mobile Phone,5,positive,2025-11-14
ORD108139,1023,P0054,Others,5,positive,2026-06-16
ORD115582,942,P0007,Laptop & Accessory,3,neutral,2025-08-06
ORD115403,3308,P0069,Grocery,4,positive,2025-11-15
ORD111756,568,P0019,Mobile Phone,3,neutral,2026-08-05
ORD109297,4104,P0004,Laptop & Accessory,5,positive,2026-06-17
ORD115857,528,P0040,Fashion,5,positive,2025-11-17
ORD111378,186,P0059,Others,4,positive,2025-12-28
ORD114821,3738,P0046,Fashion,4,positive,2025-08-29
ORD117398,2955,P0025,Household,3,neutral,2025-11-27
ORD106055,2694,P0019,Mobile Phone,4,positive,2025-11-06
ORD105092,561,P0045,Fashion,5,positive,2025-10-28
ORD122368,3625,P0003,Laptop & Accessory,3,neutral,2025-08-12
ORD117653,4453,P0030,Household,4,positive,2026-06-10
ORD118237,3123,P0025,Household,4,positive,2026-06-23
ORD112347,2197,P0018,Mobile Phone,5,positive,2026-08-05
ORD123807,560,P0010,Laptop & Accessory,3,neutral,2025-11-27
ORD104236,2342,P0016,Mobile Phone,5,positive,2026-04-16
ORD108420,558,P0046,Fashion,5,positive,2025-11-11
ORD109384,1832,P0037,Fashion,3,neutral,2026-02-18
ORD104329,2390,P0023,Mobile Phone,5,positive,2025-11-12
ORD122031,920,P0029,Household,5,positive,2025-11-18
ORD111220,412,P0048,Fashion,5,positive,2025-11-21
ORD121679,51,P0010,Laptop & Accessory,4,positive,2026-06-13
ORD119032,160,P0008,Laptop & Accessory,4,positive,2026-05-15
ORD101557,455,P0008,Laptop & Accessory,5,positive,2026-07-09
ORD120597,1510,P0010,Laptop & Accessory,4,positive,2025-11-17
ORD122902,2568,P0012,Laptop & Accessory,4,positive,2025-12-03
ORD117617,648,P0046,Fashion,4,positive,2025-10-07
ORD106195,177,P0010,Laptop & Accessory,3,neutral,2026-06-03
ORD124152,1653,P0001,Laptop & Accessory,4,positive,2026-08-12
ORD115669,4212,P0026,Household,5,positive,2026-03-29
ORD106417,2538,P0010,Laptop & Accessory,4,positive,2026-03-13
ORD123684,2392,P0012,Laptop & Accessory,3,neutral,2025-09-02
ORD120285,1345,P0032,Household,3,neutral,2025-09-08
ORD122957,2089,P0023,Mobile Phone,3,neutral,2026-02-10
ORD120904,2636,P0015,Mobile Phone,5,positive,2025-08-09
ORD123824,1710,P0072,Grocery,3,neutral,2025-12-02
ORD122125,2841,P0004,Laptop & Accessory,4,positive,2026-07-18
ORD105006,1784,P0015,Mobile Phone,4,positive,2025-09-18
ORD101522,3949,P0023,Mobile Phone,4,positive,2026-02-19
ORD123042,161,P0069,Grocery,3,neutral,2026-07-05
ORD110476,1700,P0005,Laptop & Accessory,4,positive,2025-09-04
ORD121269,302,P0043,Fashion,4,positive,2026-04-06
ORD104603,3736,P0028,Household,3,neutral,2026-03-01
ORD114884,178,P0010,Laptop & Accessory,4,positive,2026-04-07
ORD118199,2447,P0013,Mobile Phone,3,neutral,2026-02-04
ORD112950,1347,P0031,Household,4,positive,2025-10-28
ORD119748,2514,P0042,Fashion,4,positive,2025-11-06
ORD119854,180,P0010,Laptop & Accessory,3,neutral,2025-11-06
ORD112884,3871,P0010,Laptop & Accessory,4,positive,2025-08-20
ORD105385,153,P0047,Fashion,5,positive,2025-09-03
ORD124770,3438,P0027,Household,3,neutral,2026-04-12
ORD109524,1960,P0012,Laptop & Accessory,3,neutral,2026-02-09
ORD118284,1184,P0018,Mobile Phone,4,positive,2025-12-03
ORD122956,3377,P0010,Laptop & Accessory,5,positive,2026-06-05
ORD123180,2990,P0006,Laptop & Accessory,5,positive,2026-01-07
ORD124834,2749,P0069,Grocery,4,positive,2025-11-17
ORD109024,4021,P0036,Household,5,positive,2025-11-14
ORD104854,4392,P0030,Household,4,positive,2025-11-14
ORD109379,21,P0065,Grocery,3,neutral,2026-01-28
ORD118906,3782,P0020,Mobile Phone,4,positive,2026-08-25
ORD112002,1239,P0010,Laptop & Accessory,5,positive,2026-08-26
ORD102142,2286,P0022,Mobile Phone,4,positive,2026-08-27
ORD111391,2621,P0019,Mobile Phone,4,positive,2025-12-17
ORD121513,2244,P0021,Mobile Phone,3,neutral,2025-12-24
ORD109226,4060,P0003,Laptop & Accessory,4,positive,2026-05-10
ORD113273,1208,P0042,Fashion,3,neutral,2026-08-29
ORD107146,107,P0007,Laptop & Accessory,4,positive,2026-07-16
ORD102679,1640,P0022,Mobile Phone,4,positive,2025-09-13
ORD110442,1457,P0006,Laptop & Accessory,3,neutral,2026-01-15
ORD109530,1908,P0014,Mobile Phone,5,positive,2026-04-21
ORD119733,1043,P0010,Laptop & Accessory,3,neutral,2026-07-19
ORD120012,2006,P0011,Laptop & Accessory,4,positive,2025-11-14
ORD105641,1061,P0039,Fashion,3,neutral,2026-02-11
ORD122969,4245,P0025,Household,4,positive,2025-11-13
ORD108997,159,P0065,Grocery,2,negative,2025-09-23
ORD101592,2918,P0010,Laptop & Accessory,3,neutral,2025-12-24
ORD121300,1074,P0059,Others,5,positive,2026-06-09
ORD115982,333,P0015,Mobile Phone,5,positive,2025-10-28
ORD104769,214,P0010,Laptop & Accessory,4,positive,2025-11-19
ORD112588,24,P0047,Fashion,4,positive,2026-04-08
ORD111532,3568,P0009,Laptop & Accessory,4,positive,2025-11-16
ORD114190,1736,P0020,Mobile Phone,4,positive,2025-11-16
ORD106714,2769,P0004,Laptop & Accessory,4,positive,2025-11-08
ORD121162,1331,P0012,Laptop & Accessory,4,positive,2026-01-13
ORD116109,693,P0053,Others,4,positive,2026-02-03
ORD117326,4398,P0002,Laptop & Accessory,4,positive,2025-11-15
ORD125196,367,P0002,Laptop & Accessory,5,positive,2026-07-07
ORD115044,278,P0037,Fashion,4,positive,2025-11-16
ORD123572,327,P0018,Mobile Phone,5,positive,2025-10-09
ORD121574,161,P0010,Laptop & Accessory,4,positive,2026-02-24
ORD106591,2922,P0010,Laptop & Accessory,5,positive,2026-08-10
ORD125099,3861,P0012,Laptop & Accessory,5,positive,2026-01-04
ORD115866,3884,P0012,Laptop & Accessory,5,positive,2026-05-06
ORD123114,1455,P0009,Laptop & Accessory,4,positive,2025-10-02
ORD101434,1050,P0048,Fashion,5,positive,2025-11-11
ORD113216,5,P0013,Mobile Phone,5,positive,2025-11-26
ORD109741,3437,P0060,Others,5,positive,2025-10-04
ORD121071,1545,P0004,Laptop & Accessory,4,positive,2026-02-24
ORD106019,2282,P0018,Mobile Phone,4,positive,2025-09-07
ORD100206,1853,P0055,Others,5,positive,2025-08-06
ORD119990,2178,P0010,Laptop & Accessory,4,positive,2026-08-18
ORD115705,3103,P0013,Mobile Phone,4,positive,2026-05-27
ORD115887,312,P0048,Fashion,5,positive,2025-12-04
ORD113494,1427,P0046,Fashion,4,positive,2025-11-04
ORD110377,1673,P0039,Fashion,5,positive,2026-01-02
ORD120798,2017,P0023,Mobile Phone,4,positive,2026-07-10
ORD103653,4414,P0010,Laptop & Accessory,3,neutral,2026-01-20
ORD118739,355,P0038,Fashion,4,positive,2026-06-13
ORD109278,310,P0042,Fashion,5,positive,2025-09-10
ORD108462,22,P0019,Mobile Phone,4,positive,2026-06-12
ORD125422,1355,P0010,Laptop & Accessory,5,positive,2025-08-20
ORD102734,2663,P0034,Household,3,neutral,2025-10-14
ORD122087,549,P0018,Mobile Phone,5,positive,2026-01-26
ORD101882,3492,P0069,Grocery,4,positive,2025-09-30
ORD124691,529,P0047,Fashion,5,positive,2026-02-24
ORD100455,1939,P0010,Laptop & Accessory,3,neutral,2026-03-11
ORD106615,4255,P0035,Household,4,positive,2026-03-31
ORD107340,3371,P0010,Laptop & Accessory,4,positive,2025-11-15
ORD114025,2570,P0024,Mobile Phone,5,positive,2025-09-03
ORD112745,2171,P0049,Others,5,positive,2026-03-29
ORD115555,141,P0020,Mobile Phone,4,positive,2025-08-05
ORD122842,68,P0046,Fashion,4,positive,2025-10-01
ORD105389,2237,P0013,Mobile Phone,5,positive,2026-03-03
ORD101351,30,P0046,Fashion,4,positive,2025-08-11
ORD119172,1741,P0006,Laptop & Accessory,4,positive,2025-11-15
ORD115514,542,P0019,Mobile Phone,4,positive,2025-12-28
ORD100695,4371,P0001,Laptop & Accessory,4,positive,2026-07-07
ORD108386,478,P0004,Laptop & Accessory,5,positive,2025-11-15
ORD100623,1325,P0012,Laptop & Accessory,4,positive,2026-02-11
ORD122774,6,P0024,Mobile Phone,4,positive,2026-02-16
ORD125077,1885,P0016,Mobile Phone,4,positive,2026-03-31
ORD120656,2176,P0033,Household,4,positive,2026-02-03
ORD125343,1642,P0008,Laptop & Accessory,4,positive,2025-09-07
ORD100769,551,P0008,Laptop & Accessory,4,positive,2026-07-27
ORD117912,3538,P0005,Laptop & Accessory,5,positive,2026-08-23
ORD119385,3813,P0029,Household,3,neutral,2026-08-25
ORD104117,3133,P0030,Household,4,positive,2026-01-23
ORD114305,1482,P0017,Mobile Phone,5,positive,2025-11-15
ORD120921,90,P0019,Mobile Phone,4,positive,2026-07-28
ORD111048,1055,P0026,Household,5,positive,2025-09-01
ORD108006,1951,P0044,Fashion,4,positive,2025-11-18
ORD110206,292,P0030,Household,3,neutral,2025-12-31
ORD114612,2016,P0020,Mobile Phone,3,neutral,2026-01-08
ORD110988,642,P0069,Grocery,4,positive,2025-09-27
ORD119718,1543,P0013,Mobile Phone,4,positive,2026-05-17
ORD109393,2783,P0008,Laptop & Accessory,4,positive,2025-12-04
ORD123761,3815,P0030,Household,4,positive,2025-10-06
ORD114781,146,P0024,Mobile Phone,4,positive,2025-09-24
ORD110174,588,P0049,Others,4,positive,2026-04-30
ORD102069,1127,P0006,Laptop & Accessory,4,positive,2025-09-16
ORD105710,2162,P0017,Mobile Phone,3,neutral,2026-06-19
ORD109375,950,P0021,Mobile Phone,4,positive,2025-09-17
ORD117082,2365,P0010,Laptop & Accessory,4,positive,2025-11-12
ORD117902,3589,P0044,Fashion,4,positive,2025-12-06
ORD115500,1246,P0012,Laptop & Accessory,4,positive,2025-09-18
ORD104649,660,P0010,Laptop & Accessory,4,positive,2025-09-25
ORD123230,1053,P0066,Grocery,4,positive,2025-11-15
ORD123971,1236,P0018,Mobile Phone,3,neutral,2026-04-15
ORD113396,2728,P0031,Household,5,positive,2026-03-29
ORD115820,3928,P0010,Laptop & Accessory,4,positive,2025-11-07
ORD107089,2273,P0019,Mobile Phone,5,positive,2026-01-13
ORD114850,77,P0007,Laptop & Accessory,4,positive,2026-06-20
ORD102983,3303,P0039,Fashion,4,positive,2026-08-01
ORD121817,191,P0057,Others,5,positive,2026-01-02
ORD115763,1013,P0012,Laptop & Accessory,3,neutral,2026-08-23
ORD106877,3817,P0013,Mobile Phone,3,neutral,2026-06-09
ORD105318,176,P0008,Laptop & Accessory,4,positive,2026-06-22
ORD107500,4082,P0009,Laptop & Accessory,4,positive,2026-02-23
ORD123496,174,P0005,Laptop & Accessory,4,positive,2026-03-31
ORD116461,133,P0055,Others,5,positive,2025-12-14
ORD110067,128,P0010,Laptop & Accessory,4,positive,2026-08-12
ORD118586,690,P0004,Laptop & Accessory,4,positive,2025-10-11
ORD111432,1794,P0041,Fashion,4,positive,2025-11-22
ORD108998,976,P0044,Fashion,5,positive,2025-08-06
ORD114688,3944,P0016,Mobile Phone,4,positive,2025-11-26
ORD101732,2098,P0040,Fashion,5,positive,2025-08-12
ORD111385,535,P0010,Laptop & Accessory,4,positive,2025-10-01
ORD105545,262,P0017,Mobile Phone,4,positive,2026-07-22
ORD124002,2301,P0040,Fashion,4,positive,2025-08-06
ORD114077,2474,P0052,Others,4,positive,2026-07-06
ORD119355,339,P0007,Laptop & Accessory,2,negative,2026-06-07
ORD116847,2023,P0055,Others,4,positive,2026-03-07
ORD117615,1057,P0010,Laptop & Accessory,4,positive,2025-10-11
ORD104185,3363,P0029,Household,4,positive,2026-05-29
ORD103054,3699,P0022,Mobile Phone,3,neutral,2026-08-14
ORD100221,2278,P0010,Laptop & Accessory,3,neutral,2026-02-06
ORD120225,1691,P0060,Others,4,positive,2026-06-14
ORD114238,918,P0045,Fashion,5,positive,2026-05-30
ORD119280,2923,P0028,Household,5,positive,2025-08-31
ORD109143,563,P0021,Mobile Phone,4,positive,2025-09-04
ORD125119,1854,P0010,Laptop & Accessory,5,positive,2026-06-10
ORD115599,1796,P0010,Laptop & Accessory,5,positive,2026-06-12
ORD107656,848,P0072,Grocery,5,positive,2025-11-11
ORD107327,3006,P0008,Laptop & Accessory,4,positive,2026-08-21
ORD113231,3278,P0006,Laptop & Accessory,4,positive,2025-10-01
ORD117198,1541,P0018,Mobile Phone,5,positive,2026-04-18
ORD118267,1868,P0012,Laptop & Accessory,4,positive,2026-04-29
ORD115636,1100,P0010,Laptop & Accessory,4,positive,2026-06-17
ORD103468,1436,P0006,Laptop & Accessory,4,positive,2025-10-28
ORD115518,113,P0010,Laptop & Accessory,4,positive,2026-06-22
ORD111112,1640,P0046,Fashion,4,positive,2026-06-21
ORD108640,192,P0010,Laptop & Accessory,4,positive,2026-07-09
ORD113457,1890,P0067,Grocery,5,positive,2025-11-02
ORD108136,1549,P0026,Household,4,positive,2026-06-17
ORD114682,243,P0072,Grocery,4,positive,2025-08-22
ORD110209,794,P0039,Fashion,3,neutral,2026-01-28
ORD120503,1735,P0021,Mobile Phone,3,neutral,2025-08-09
ORD100663,40,P0038,Fashion,4,positive,2026-03-14
ORD114008,2196,P0014,Mobile Phone,4,positive,2025-12-31
ORD103960,3581,P0010,Laptop & Accessory,4,positive,2026-03-28
ORD105411,1093,P0031,Household,4,positive,2026-06-09
ORD123986,1071,P0006,Laptop & Accessory,4,positive,2026-01-26
ORD109036,2613,P0020,Mobile Phone,4,positive,2026-05-10
ORD121333,216,P0069,Grocery,5,positive,2026-02-19
ORD120386,3970,P0039,Fashion,4,positive,2025-08-04
ORD120538,3099,P0033,Household,5,positive,2026-03-25
ORD109972,3628,P0013,Mobile Phone,4,positive,2025-11-08
ORD118847,593,P0033,Household,4,positive,2026-08-30
ORD101511,1407,P0018,Mobile Phone,4,positive,2026-07-01
ORD112413,2160,P0018,Mobile Phone,5,positive,2026-05-25
ORD101188,564,P0044,Fashion,5,positive,2025-10-30
ORD107366,1617,P0001,Laptop & Accessory,5,positive,2025-10-16
ORD109675,2977,P0014,Mobile Phone,4,positive,2026-02-06
ORD100343,2858,P0046,Fashion,5,positive,2026-02-01
ORD124471,1336,P0010,Laptop & Accessory,4,positive,2025-11-08
ORD119516,3634,P0015,Mobile Phone,4,positive,2025-11-17
ORD114235,747,P0037,Fashion,5,positive,2026-07-22
ORD101459,1340,P0005,Laptop & Accessory,4,positive,2026-08-04
ORD103285,2529,P0006,Laptop & Accessory,3,neutral,2026-03-09
ORD105859,756,P0012,Laptop & Accessory,4,positive,2026-02-15
ORD125689,43,P0046,Fashion,3,neutral,2026-03-14
ORD106509,1189,P0010,Laptop & Accessory,4,positive,2025-12-16
ORD125927,1918,P0029,Household,4,positive,2026-01-17
ORD122197,2307,P0021,Mobile Phone,5,positive,2026-07-01
ORD122876,1548,P0008,Laptop & Accessory,4,positive,2025-08-31
ORD102907,587,P0010,Laptop & Accessory,4,positive,2026-01-14
ORD100108,3281,P0020,Mobile Phone,4,positive,2026-06-24
ORD116171,4302,P0031,Household,4,positive,2025-12-08
ORD103397,1702,P0015,Mobile Phone,4,positive,2026-07-13
ORD115580,2336,P0020,Mobile Phone,3,neutral,2025-08-24
ORD115286,2042,P0060,Others,3,neutral,2025-12-28
ORD125382,10,P0039,Fashion,5,positive,2026-05-05
ORD124675,983,P0010,Laptop & Accessory,5,positive,2026-05-27
ORD106560,3196,P0014,Mobile Phone,4,positive,2025-12-18
ORD108187,4014,P0011,Laptop & Accessory,4,positive,2026-06-21
ORD112648,996,P0015,Mobile Phone,4,positive,2026-03-29
ORD120475,3348,P0041,Fashion,4,positive,2025-10-17
ORD105916,250,P0010,Laptop & Accessory,4,positive,2026-05-19
ORD101141,3153,P0031,Household,4,positive,2026-01-19
ORD100820,2843,P0058,Others,3,neutral,2025-11-24
ORD117116,4024,P0056,Others,4,positive,2025-11-05
ORD116655,3246,P0010,Laptop & Accessory,5,positive,2026-04-27
ORD116672,3991,P0010,Laptop & Accessory,5,positive,2025-09-12
ORD117779,4230,P0008,Laptop & Accessory,4,positive,2025-09-10
ORD121220,676,P0029,Household,5,positive,2026-02-01
ORD102098,4029,P0026,Household,3,neutral,2025-11-28
ORD111833,376,P0022,Mobile Phone,5,positive,2026-05-09
ORD124791,1532,P0008,Laptop & Accessory,5,positive,2026-06-26
ORD122372,2015,P0012,Laptop & Accessory,2,negative,2025-12-02
ORD110418,264,P0043,Fashion,5,positive,2026-04-08
ORD122225,14,P0036,Household,4,positive,2026-07-08
ORD108442,262,P0019,Mobile Phone,2,negative,2026-03-06
ORD123598,3138,P0026,Household,3,neutral,2026-02-11
ORD124218,4202,P0029,Household,4,positive,2025-09-04
ORD112832,4082,P0005,Laptop & Accessory,4,positive,2026-08-22
ORD111438,75,P0037,Fashion,4,positive,2025-11-05
ORD101361,879,P0048,Fashion,4,positive,2026-06-23
ORD102025,319,P0018,Mobile Phone,4,positive,2025-08-31
ORD123554,2282,P0023,Mobile Phone,4,positive,2025-10-26
ORD110570,3646,P0013,Mobile Phone,4,positive,2026-05-25
ORD119089,2966,P0018,Mobile Phone,5,positive,2025-11-16
ORD114669,2942,P0029,Household,4,positive,2026-05-03
ORD108963,257,P0014,Mobile Phone,4,positive,2025-08-20
ORD111007,2034,P0023,Mobile Phone,5,positive,2026-01-27
ORD113762,3060,P0007,Laptop & Accessory,3,neutral,2026-08-19
ORD122658,4034,P0015,Mobile Phone,4,positive,2025-11-21
ORD117407,3759,P0050,Others,4,positive,2026-04-28
ORD108559,4534,P0031,Household,4,positive,2025-10-25
ORD118728,341,P0052,Others,4,positive,2025-12-16
ORD121102,1828,P0003,Laptop & Accessory,4,positive,2026-04-10
ORD118756,1370,P0010,Laptop & Accessory,5,positive,2025-09-11
ORD110173,393,P0006,Laptop & Accessory,3,neutral,2025-10-31
ORD101633,3583,P0017,Mobile Phone,4,positive,2026-06-04
ORD116479,1437,P0069,Grocery,4,positive,2026-01-01
ORD120792,2502,P0013,Mobile Phone,3,neutral,2026-03-01
ORD118392,33,P0010,Laptop & Accessory,5,positive,2026-08-22
ORD124824,2597,P0004,Laptop & Accessory,5,positive,2025-10-02
ORD107523,1330,P0044,Fashion,4,positive,2026-01-08
ORD104091,3318,P0016,Mobile Phone,4,positive,2025-11-25
ORD110683,3994,P0012,Laptop & Accessory,4,positive,2025-09-20
ORD112684,2635,P0002,Laptop & Accessory,3,neutral,2025-11-08
ORD103028,3446,P0003,Laptop & Accessory,5,positive,2025-09-25
ORD111287,2520,P0035,Household,4,positive,2026-03-28
ORD103480,253,P0010,Laptop & Accessory,5,positive,2025-11-15
ORD114719,4402,P0003,Laptop & Accessory,4,positive,2025-08-16
ORD124079,3729,P0045,Fashion,3,neutral,2026-03-02
ORD115936,3620,P0003,Laptop & Accessory,4,positive,2025-12-10
ORD122949,327,P0018,Mobile Phone,4,positive,2025-11-12
ORD115164,4377,P0034,Household,4,positive,2025-11-12
ORD117006,2092,P0037,Fashion,5,positive,2025-11-08
ORD111773,3629,P0019,Mobile Phone,4,positive,2026-04-22
ORD109606,2263,P0014,Mobile Phone,4,positive,2026-02-20
ORD109962,102,P0008,Laptop & Accessory,5,positive,2025-11-11
ORD120264,3679,P0018,Mobile Phone,5,positive,2025-12-25
ORD124377,210,P0027,Household,4,positive,2026-07-18
ORD122787,3380,P0038,Fashion,3,neutral,2025-09-27
ORD111697,3169,P0069,Grocery,5,positive,2025-11-11
ORD119331,4357,P0035,Household,4,positive,2026-02-11
ORD116990,2616,P0004,Laptop & Accessory,4,positive,2026-07-15
ORD115127,3735,P0038,Fashion,4,positive,2025-10-19
ORD124968,3021,P0014,Mobile Phone,4,positive,2026-06-22
ORD118407,1312,P0016,Mobile Phone,4,positive,2026-03-17
ORD108659,717,P0047,Fashion,4,positive,2025-11-15
ORD110166,1215,P0010,Laptop & Accessory,5,positive,2025-08-13
ORD108519,1741,P0007,Laptop & Accessory,5,positive,2025-11-12
ORD104884,4462,P0003,Laptop & Accessory,4,positive,2026-03-05
ORD123056,2251,P0013,Mobile Phone,5,positive,2026-06-16
ORD102517,1204,P0010,Laptop & Accessory,3,neutral,2025-11-19
ORD121781,80,P0046,Fashion,5,positive,2026-01-24
ORD104298,2271,P0022,Mobile Phone,4,positive,2025-09-25
ORD124779,4129,P0027,Household,3,neutral,2025-08-08
ORD104589,3269,P0009,Laptop & Accessory,4,positive,2026-05-21
ORD113424,3097,P0010,Laptop & Accessory,5,positive,2025-10-02
ORD124947,3195,P0016,Mobile Phone,5,positive,2025-09-12
ORD122103,112,P0046,Fashion,3,neutral,2026-04-02
ORD117484,430,P0004,Laptop & Accessory,5,positive,2026-06-11
ORD107766,3747,P0046,Fashion,4,positive,2026-07-29
ORD124081,3597,P0026,Household,5,positive,2026-06-19
ORD103553,956,P0046,Fashion,5,positive,2026-04-06
ORD114002,3113,P0037,Fashion,4,positive,2026-05-24
ORD103722,3839,P0003,Laptop & Accessory,5,positive,2026-02-03
ORD115005,2028,P0047,Fashion,4,positive,2026-04-13
ORD112287,3591,P0015,Mobile Phone,4,positive,2026-07-11
ORD107098,3534,P0028,Household,4,positive,2025-11-16
ORD110835,720,P0039,Fashion,4,positive,2025-12-04
ORD105261,2988,P0008,Laptop & Accessory,4,positive,2026-01-13
ORD106854,55,P0011,Laptop & Accessory,4,positive,2026-04-22
ORD119114,1030,P0036,Household,4,positive,2026-05-20
ORD119520,278,P0038,Fashion,4,positive,2026-04-10
ORD107837,3871,P0066,Grocery,4,positive,2026-05-09
ORD123115,1551,P0012,Laptop & Accessory,3,neutral,2026-07-25
ORD114790,1899,P0003,Laptop & Accessory,5,positive,2025-11-16
ORD112480,1026,P0010,Laptop & Accessory,1,negative,2026-05-04
ORD107659,3051,P0006,Laptop & Accessory,5,positive,2025-09-30
ORD115666,1406,P0041,Fashion,3,neutral,2025-11-13
ORD106499,1700,P0003,Laptop & Accessory,3,neutral,2026-06-22
ORD103818,197,P0003,Laptop & Accessory,3,neutral,2025-09-30
ORD120849,472,P0029,Household,5,positive,2026-05-19
ORD116321,275,P0039,Fashion,5,positive,2026-07-09
ORD104328,1592,P0019,Mobile Phone,4,positive,2025-11-30
ORD118633,266,P0002,Laptop & Accessory,5,positive,2025-09-18
ORD100730,1344,P0038,Fashion,5,positive,2026-05-12
ORD119146,2285,P0045,Fashion,4,positive,2026-03-27
ORD120066,3306,P0031,Household,4,positive,2026-05-05
ORD117298,770,P0010,Laptop & Accessory,3,neutral,2026-03-27
ORD110134,2835,P0018,Mobile Phone,4,positive,2025-11-11
ORD110010,133,P0056,Others,5,positive,2026-05-26
ORD101904,3472,P0045,Fashion,4,positive,2025-11-12
ORD101375,2489,P0013,Mobile Phone,5,positive,2025-08-30
ORD121855,490,P0020,Mobile Phone,4,positive,2025-09-27
ORD100089,2093,P0018,Mobile Phone,4,positive,2026-01-18
ORD118273,2270,P0001,Laptop & Accessory,5,positive,2025-10-12
ORD113663,3205,P0029,Household,4,positive,2025-11-18
ORD105959,3101,P0010,Laptop & Accessory,5,positive,2026-08-28
ORD115070,3070,P0035,Household,5,positive,2026-08-03
ORD110482,3977,P0010,Laptop & Accessory,4,positive,2026-07-07
ORD107420,1,P0017,Mobile Phone,5,positive,2026-02-03
ORD114152,2268,P0021,Mobile Phone,4,positive,2026-08-02
ORD102410,1461,P0036,Household,4,positive,2026-03-04
ORD107809,761,P0010,Laptop & Accessory,4,positive,2026-01-29
ORD101973,3314,P0039,Fashion,5,positive,2026-07-31
ORD104010,1457,P0006,Laptop & Accessory,5,positive,2026-03-24
ORD122651,494,P0023,Mobile Phone,4,positive,2026-04-08
ORD105677,1226,P0046,Fashion,3,neutral,2026-06-23
ORD104274,1654,P0014,Mobile Phone,4,positive,2026-02-16
ORD109356,3963,P0024,Mobile Phone,5,positive,2025-12-29
ORD102113,1826,P0010,Laptop & Accessory,4,positive,2026-02-03
ORD105822,2642,P0035,Household,3,neutral,2025-11-05
ORD109142,649,P0029,Household,5,positive,2026-03-25
ORD121557,336,P0008,Laptop & Accessory,5,positive,2025-11-05
ORD111723,1719,P0018,Mobile Phone,5,positive,2026-05-19
ORD125854,4030,P0035,Household,5,positive,2026-06-30
ORD106294,3325,P0044,Fashion,4,positive,2026-06-14
ORD115785,1665,P0002,Laptop & Accessory,4,positive,2025-12-04
ORD107026,920,P0010,Laptop & Accessory,4,positive,2026-05-09
ORD118585,1111,P0043,Fashion,5,positive,2025-08-31
ORD104985,325,P0044,Fashion,4,positive,2025-10-22
ORD125531,144,P0002,Laptop & Accessory,5,positive,2026-07-29
ORD118007,2222,P0059,Others,4,positive,2026-07-16
ORD110495,377,P0001,Laptop & Accessory,4,positive,2026-01-06
ORD113686,1956,P0011,Laptop & Accessory,4,positive,2026-04-14
ORD108350,3867,P0024,Mobile Phone,4,positive,2026-07-16
ORD115521,4281,P0010,Laptop & Accessory,5,positive,2026-08-16
ORD123376,1840,P0010,Laptop & Accessory,5,positive,2025-08-18
ORD114989,105,P0038,Fashion,5,positive,2026-04-23
ORD118294,748,P0069,Grocery,4,positive,2026-03-10
ORD108732,278,P0046,Fashion,5,positive,2026-01-12
ORD102522,3690,P0016,Mobile Phone,4,positive,2026-05-11
ORD117648,3093,P0036,Household,3,neutral,2026-07-23
ORD109677,1368,P0004,Laptop & Accessory,5,positive,2026-07-16
ORD124841,2288,P0069,Grocery,4,positive,2026-06-18
ORD121438,491,P0038,Fashion,4,positive,2025-10-13
ORD102930,1390,P0018,Mobile Phone,4,positive,2026-05-24
ORD107376,122,P0029,Household,4,positive,2026-06-19
ORD109481,1600,P0018,Mobile Phone,5,positive,2025-12-31
ORD122441,3276,P0034,Household,4,positive,2025-11-22
ORD118605,1088,P0043,Fashion,5,positive,2026-04-07
ORD120593,1714,P0010,Laptop & Accessory,5,positive,2025-10-22
ORD108300,4286,P0035,Household,4,positive,2026-07-30
ORD112018,729,P0023,Mobile Phone,3,neutral,2026-07-25
ORD114606,441,P0069,Grocery,4,positive,2025-12-11
ORD101311,3735,P0043,Fashion,4,positive,2026-01-26
ORD115344,2564,P0010,Laptop & Accessory,3,neutral,2025-09-01
ORD101720,496,P0024,Mobile Phone,2,negative,2026-01-24
ORD101265,2676,P0006,Laptop & Accessory,5,positive,2025-09-03
ORD125603,3741,P0005,Laptop & Accessory,5,positive,2026-03-04
ORD109934,418,P0019,Mobile Phone,4,positive,2026-01-24
ORD105992,570,P0022,Mobile Phone,3,neutral,2025-08-18
ORD116328,3599,P0006,Laptop & Accessory,4,positive,2026-07-30
ORD118491,4156,P0031,Household,4,positive,2025-11-06
ORD101013,696,P0012,Laptop & Accessory,5,positive,2025-08-31
ORD104572,3909,P0065,Grocery,4,positive,2025-10-06
ORD119669,3002,P0023,Mobile Phone,4,positive,2025-09-17
ORD100295,1726,P0046,Fashion,4,positive,2026-06-23
ORD114641,546,P0008,Laptop & Accessory,4,positive,2025-11-05
ORD121914,4001,P0016,Mobile Phone,5,positive,2026-07-23
ORD112956,42,P0017,Mobile Phone,4,positive,2026-06-24
ORD123922,2522,P0047,Fashion,4,positive,2025-11-10
ORD103158,721,P0010,Laptop & Accessory,4,positive,2026-02-08
ORD105918,990,P0037,Fashion,5,positive,2025-11-18
ORD110463,1089,P0046,Fashion,5,positive,2026-01-02
ORD115035,3887,P0037,Fashion,5,positive,2025-10-14
ORD116717,1553,P0019,Mobile Phone,4,positive,2026-02-18
ORD106240,1672,P0044,Fashion,5,positive,2026-01-22
ORD119655,1548,P0002,Laptop & Accessory,4,positive,2026-03-14
ORD113055,136,P0071,Grocery,4,positive,2026-04-02
ORD125799,2653,P0029,Household,3,neutral,2026-04-15
ORD110058,2154,P0007,Laptop & Accessory,4,positive,2025-10-29
ORD110390,490,P0020,Mobile Phone,5,positive,2025-12-08
ORD104720,1011,P0018,Mobile Phone,4,positive,2025-12-03
ORD125945,3783,P0020,Mobile Phone,4,positive,2026-01-30
ORD111182,3434,P0065,Grocery,4,positive,2025-10-11
ORD121148,2291,P0012,Laptop & Accessory,4,positive,2026-04-10
ORD125156,2533,P0013,Mobile Phone,5,positive,2025-09-26
ORD108728,4141,P0030,Household,4,positive,2026-06-14
ORD118414,4071,P0034,Household,2,negative,2025-11-06
ORD122818,2722,P0005,Laptop & Accessory,2,negative,2026-02-25
ORD100389,3253,P0015,Mobile Phone,4,positive,2026-06-13
ORD120355,620,P0042,Fashion,4,positive,2025-09-08
ORD115789,20,P0004,Laptop & Accessory,4,positive,2026-08-13
ORD103196,2525,P0018,Mobile Phone,5,positive,2026-02-10
ORD122619,2503,P0033,Household,5,positive,2025-11-13
ORD110805,942,P0056,Others,3,neutral,2026-08-02
ORD109683,691,P0009,Laptop & Accessory,5,positive,2026-07-27
ORD109415,4113,P0006,Laptop & Accessory,4,positive,2026-08-18
ORD104372,619,P0048,Fashion,4,positive,2026-04-12
ORD100725,612,P0010,Laptop & Accessory,5,positive,2026-06-23
ORD117121,255,P0004,Laptop & Accessory,4,positive,2026-04-06
ORD120486,3960,P0008,Laptop & Accessory,3,neutral,2026-02-26
ORD125230,574,P0010,Laptop & Accessory,5,positive,2026-06-22
ORD113021,1692,P0019,Mobile Phone,5,positive,2026-04-23
ORD114516,324,P0009,Laptop & Accessory,5,positive,2025-10-06
ORD116631,2335,P0037,Fashion,4,positive,2025-09-20
ORD112386,717,P0057,Others,4,positive,2026-07-26
ORD109238,932,P0037,Fashion,4,positive,2026-02-19
ORD124891,1032,P0010,Laptop & Accessory,5,positive,2026-08-29
ORD109687,2356,P0024,Mobile Phone,4,positive,2026-02-05
ORD109207,102,P0059,Others,5,positive,2025-11-04
ORD112263,4460,P0007,Laptop & Accessory,4,positive,2026-01-22
ORD124597,4193,P0022,Mobile Phone,4,positive,2025-11-11
ORD124424,962,P0018,Mobile Phone,4,positive,2025-11-17
ORD118038,1384,P0006,Laptop & Accessory,3,neutral,2026-07-03
ORD120243,110,P0035,Household,4,positive,2026-06-30
ORD105753,220,P0047,Fashion,5,positive,2026-06-16
ORD116145,1531,P0019,Mobile Phone,4,positive,2025-11-17
ORD117304,4200,P0013,Mobile Phone,4,positive,2026-01-18
ORD120477,2849,P0011,Laptop & Accessory,3,neutral,2026-06-30
ORD111892,2504,P0012,Laptop & Accessory,3,neutral,2025-11-15
ORD109210,1862,P0006,Laptop & Accessory,5,positive,2025-10-06
ORD119358,932,P0011,Laptop & Accessory,3,neutral,2026-07-02
ORD108456,1426,P0001,Laptop & Accessory,4,positive,2026-08-26
ORD103421,1704,P0008,Laptop & Accessory,4,positive,2025-11-05
ORD116310,785,P0072,Grocery,2,negative,2025-11-03
ORD107534,2323,P0022,Mobile Phone,4,positive,2026-06-27
ORD108468,3771,P0018,Mobile Phone,4,positive,2025-11-09
ORD106155,1106,P0008,Laptop & Accessory,4,positive,2025-08-27
ORD110012,1915,P0018,Mobile Phone,4,positive,2025-09-02
ORD125806,1585,P0011,Laptop & Accessory,4,positive,2025-08-06
ORD114721,1281,P0047,Fashion,4,positive,2025-08-30
ORD107704,162,P0054,Others,4,positive,2026-04-15
ORD123205,766,P0004,Laptop & Accessory,4,positive,2025-08-07
ORD102563,3089,P0018,Mobile Phone,5,positive,2025-10-05
ORD107660,1101,P0056,Others,4,positive,2026-04-14
ORD110189,5,P0023,Mobile Phone,4,positive,2025-11-04
ORD123332,3698,P0018,Mobile Phone,4,positive,2026-03-25
ORD113960,3377,P0028,Household,5,positive,2026-02-26
ORD109170,1575,P0018,Mobile Phone,4,positive,2026-07-11
ORD102333,4297,P0035,Household,5,positive,2025-11-14
ORD100308,107,P0002,Laptop & Accessory,4,positive,2025-09-28
ORD116113,2902,P0022,Mobile Phone,4,positive,2025-09-16
ORD124541,484,P0043,Fashion,4,positive,2025-11-04
ORD105048,1713,P0021,Mobile Phone,5,positive,2025-12-05
ORD109102,4407,P0068,Grocery,4,positive,2026-06-12
ORD111840,1691,P0007,Laptop & Accessory,4,positive,2025-12-01
ORD115181,2564,P0058,Others,3,neutral,2025-11-11
ORD112873,2826,P0039,Fashion,5,positive,2026-06-20
ORD116093,675,P0009,Laptop & Accessory,4,positive,2026-08-12
ORD119132,619,P0037,Fashion,4,positive,2026-06-18
ORD107772,634,P0006,Laptop & Accessory,4,positive,2026-04-22
ORD101159,289,P0069,Grocery,4,positive,2025-09-10
ORD117236,1325,P0029,Household,4,positive,2026-08-09
ORD105868,3295,P0017,Mobile Phone,4,positive,2025-09-17
ORD119125,1463,P0011,Laptop & Accessory,3,neutral,2026-02-14
ORD107545,3566,P0002,Laptop & Accessory,3,neutral,2026-08-05
ORD125461,1738,P0059,Others,4,positive,2026-04-27
ORD113047,3620,P0048,Fashion,5,positive,2025-11-22
ORD116700,1104,P0002,Laptop & Accessory,4,positive,2025-11-11
ORD109748,52,P0069,Grocery,5,positive,2025-08-11
ORD106755,1881,P0057,Others,4,positive,2025-12-02
ORD105018,1762,P0018,Mobile Phone,3,neutral,2026-05-13
ORD104152,3838,P0010,Laptop & Accessory,3,neutral,2025-10-10
ORD117678,3337,P0010,Laptop & Accessory,4,positive,2025-10-23
ORD109116,188,P0037,Fashion,5,positive,2025-12-10
ORD110756,1891,P0012,Laptop & Accessory,2,negative,2026-07-23
ORD101396,356,P0028,Household,4,positive,2026-06-10
ORD115762,421,P0010,Laptop & Accessory,4,positive,2025-09-08
ORD100257,1164,P0008,Laptop & Accessory,4,positive,2025-10-04
ORD123610,4012,P0017,Mobile Phone,5,positive,2026-04-06
ORD119252,160,P0009,Laptop & Accessory,4,positive,2026-04-29
ORD115609,494,P0020,Mobile Phone,4,positive,2026-03-30
ORD101911,1346,P0034,Household,4,positive,2025-11-18
ORD111305,3158,P0044,Fashion,4,positive,2025-08-28
ORD105406,905,P0001,Laptop & Accessory,2,negative,2026-04-11
ORD111069,3649,P0024,Mobile Phone,3,neutral,2025-11-13
ORD115978,3641,P0012,Laptop & Accessory,4,positive,2026-01-27
ORD107215,947,P0010,Laptop & Accessory,4,positive,2026-04-14
ORD107448,32,P0064,Grocery,5,positive,2025-10-09
ORD106405,576,P0010,Laptop & Accessory,5,positive,2025-11-12
ORD105441,3595,P0039,Fashion,3,neutral,2026-06-16
ORD106436,1316,P0039,Fashion,5,positive,2026-04-23
ORD107405,2957,P0057,Others,4,positive,2026-05-27
ORD118378,1503,P0015,Mobile Phone,4,positive,2025-09-02
ORD113385,1846,P0036,Household,5,positive,2025-08-27
ORD106442,2680,P0006,Laptop & Accessory,4,positive,2026-06-14
ORD112171,503,P0029,Household,4,positive,2026-03-16
ORD124067,919,P0035,Household,5,positive,2025-10-28
ORD120391,1408,P0010,Laptop & Accessory,5,positive,2025-11-11
ORD115443,258,P0023,Mobile Phone,5,positive,2026-06-10
ORD117807,2207,P0039,Fashion,5,positive,2026-04-28
ORD104989,23,P0066,Grocery,4,positive,2025-08-12
ORD108341,23,P0067,Grocery,4,positive,2026-05-25
ORD102259,1702,P0022,Mobile Phone,3,neutral,2025-08-27
ORD122887,2986,P0045,Fashion,5,positive,2026-06-11
ORD109737,3149,P0024,Mobile Phone,3,neutral,2026-01-29
ORD110635,2608,P0010,Laptop & Accessory,4,positive,2025-12-30
ORD104522,236,P0035,Household,4,positive,2025-10-03
ORD121401,2011,P0046,Fashion,4,positive,2026-01-24
ORD106081,763,P0069,Grocery,4,positive,2026-04-12
ORD120683,1437,P0069,Grocery,5,positive,2025-08-10
ORD109194,2713,P0058,Others,4,positive,2025-11-24
ORD109615,1126,P0040,Fashion,5,positive,2025-11-06
ORD105479,1797,P0002,Laptop & Accessory,4,positive,2025-11-14
ORD118270,1117,P0001,Laptop & Accessory,4,positive,2026-07-05
ORD117449,3871,P0010,Laptop & Accessory,4,positive,2025-11-06
ORD102341,1741,P0009,Laptop & Accessory,4,positive,2025-11-11
ORD104280,1033,P0009,Laptop & Accessory,5,positive,2026-01-26
ORD119784,2544,P0002,Laptop & Accessory,2,negative,2026-05-27
ORD100870,3898,P0057,Others,3,neutral,2026-06-07
ORD109980,4149,P0045,Fashion,3,neutral,2025-09-18
ORD100590,1585,P0069,Grocery,4,positive,2026-05-05
ORD106896,2474,P0018,Mobile Phone,5,positive,2026-04-28
ORD115016,4093,P0027,Household,5,positive,2025-11-11
ORD121521,45,P0002,Laptop & Accessory,4,positive,2025-09-23
ORD111260,4185,P0031,Household,5,positive,2025-10-13
ORD111203,3024,P0010,Laptop & Accessory,5,positive,2026-08-05
ORD112212,3330,P0015,Mobile Phone,3,neutral,2026-09-01
ORD106198,4307,P0035,Household,4,positive,2026-02-20
ORD108347,129,P0006,Laptop & Accessory,4,positive,2025-11-09
ORD106663,3795,P0006,Laptop & Accessory,5,positive,2025-09-23
ORD115993,2492,P0019,Mobile Phone,4,positive,2025-08-04
ORD119352,341,P0010,Laptop & Accessory,4,positive,2026-08-12
ORD100817,4497,P0022,Mobile Phone,5,positive,2026-07-21
ORD110006,543,P0035,Household,4,positive,2026-04-21
ORD111582,2765,P0029,Household,3,neutral,2025-10-19
ORD101383,4217,P0033,Household,5,positive,2025-11-11
ORD118816,2415,P0001,Laptop & Accessory,4,positive,2026-05-14
ORD104951,543,P0008,Laptop & Accessory,5,positive,2026-05-29
ORD114366,3511,P0008,Laptop & Accessory,5,positive,2026-01-22
ORD100531,3282,P0043,Fashion,5,positive,2026-01-04
ORD107818,1150,P0015,Mobile Phone,4,positive,2025-08-04
ORD117305,484,P0011,Laptop & Accessory,4,positive,2026-02-04
ORD122927,4038,P0001,Laptop & Accessory,4,positive,2026-01-24
ORD113510,3136,P0007,Laptop & Accessory,3,neutral,2026-01-16
ORD113694,503,P0032,Household,3,neutral,2026-04-26
ORD118665,2702,P0043,Fashion,5,positive,2026-04-01
ORD102921,3834,P0015,Mobile Phone,5,positive,2025-08-29
ORD119333,2230,P0054,Others,4,positive,2025-09-10
ORD104636,3794,P0020,Mobile Phone,4,positive,2026-06-17
ORD125463,4279,P0059,Others,5,positive,2025-11-18
ORD110876,1488,P0005,Laptop & Accessory,5,positive,2026-04-28
ORD101028,949,P0029,Household,5,positive,2025-12-01
ORD121045,3746,P0010,Laptop & Accessory,4,positive,2025-12-09
ORD116049,2985,P0007,Laptop & Accessory,5,positive,2025-11-12
ORD115158,1521,P0009,Laptop & Accessory,4,positive,2026-05-26
ORD100376,3873,P0013,Mobile Phone,4,positive,2025-11-16
ORD119010,1079,P0012,Laptop & Accessory,5,positive,2025-08-26
ORD108966,3045,P0038,Fashion,4,positive,2025-12-21
ORD104500,2769,P0010,Laptop & Accessory,4,positive,2025-11-25
ORD111130,1166,P0069,Grocery,5,positive,2026-05-24
ORD115740,138,P0046,Fashion,5,positive,2026-05-17
ORD111092,2363,P0044,Fashion,5,positive,2025-08-08
ORD122023,4009,P0013,Mobile Phone,4,positive,2025-09-26
ORD101342,2684,P0010,Laptop & Accessory,4,positive,2026-04-11
ORD122102,2167,P0013,Mobile Phone,4,positive,2025-11-13
ORD117330,589,P0037,Fashion,3,neutral,2025-11-01
ORD124945,1320,P0014,Mobile Phone,4,positive,2026-06-06
ORD123308,535,P0006,Laptop & Accessory,3,neutral,2026-08-23
ORD116915,536,P0055,Others,4,positive,2025-10-18
ORD116495,2425,P0019,Mobile Phone,5,positive,2026-01-31
ORD120584,3982,P0002,Laptop & Accessory,4,positive,2025-09-02
ORD121358,3242,P0046,Fashion,4,positive,2026-06-04
ORD105826,3682,P0028,Household,5,positive,2026-06-13
ORD110853,2318,P0006,Laptop & Accessory,5,positive,2025-12-14
ORD102582,1563,P0006,Laptop & Accessory,5,positive,2026-04-28
ORD113823,4125,P0010,Laptop & Accessory,4,positive,2025-11-16
ORD104233,2343,P0038,Fashion,4,positive,2025-08-13
ORD110104,971,P0008,Laptop & Accessory,3,neutral,2026-06-17
ORD115450,2171,P0024,Mobile Phone,5,positive,2026-05-05
ORD123938,2190,P0013,Mobile Phone,4,positive,2025-11-15
ORD113126,3780,P0006,Laptop & Accessory,5,positive,2025-09-01
ORD124444,1419,P0036,Household,4,positive,2025-11-18
ORD114369,3082,P0018,Mobile Phone,5,positive,2025-11-16
ORD111137,2844,P0029,Household,4,positive,2025-10-10
ORD117518,3591,P0023,Mobile Phone,5,positive,2026-08-02
ORD101144,2816,P0008,Laptop & Accessory,4,positive,2026-04-23
ORD111114,4133,P0013,Mobile Phone,4,positive,2026-03-26
ORD120268,545,P0010,Laptop & Accessory,4,positive,2026-06-17
ORD102383,1368,P0004,Laptop & Accessory,5,positive,2026-08-10
ORD119386,489,P0018,Mobile Phone,4,positive,2026-08-31
ORD114098,3848,P0020,Mobile Phone,4,positive,2026-08-12
ORD112282,948,P0066,Grocery,5,positive,2025-11-07
ORD120843,3740,P0045,Fashion,1,negative,2025-09-16
ORD117514,171,P0002,Laptop & Accessory,3,neutral,2025-12-21
ORD104896,4005,P0015,Mobile Phone,5,positive,2026-06-02
ORD102081,2155,P0006,Laptop & Accessory,5,positive,2025-08-23
ORD122284,1289,P0008,Laptop & Accessory,5,positive,2026-02-20
ORD125650,3932,P0015,Mobile Phone,3,neutral,2026-03-01
ORD122432,656,P0024,Mobile Phone,3,neutral,2025-11-06
ORD111453,2276,P0005,Laptop & Accessory,4,positive,2026-04-23
ORD101517,986,P0053,Others,2,negative,2025-11-10
ORD113204,1644,P0017,Mobile Phone,4,positive,2025-12-14
ORD111890,302,P0031,Household,5,positive,2026-05-06
ORD122930,2373,P0024,Mobile Phone,4,positive,2025-12-12
ORD106807,2522,P0010,Laptop & Accessory,4,positive,2026-01-27
ORD123066,334,P0046,Fashion,4,positive,2026-04-10
ORD101464,60,P0019,Mobile Phone,5,positive,2026-05-28
ORD110064,453,P0006,Laptop & Accessory,5,positive,2026-04-24
ORD103788,302,P0038,Fashion,5,positive,2026-02-22
ORD118482,2173,P0015,Mobile Phone,4,positive,2025-12-05
ORD120187,1012,P0048,Fashion,5,positive,2025-11-08
ORD111841,474,P0010,Laptop & Accessory,5,positive,2026-07-21
ORD114318,2548,P0031,Household,4,positive,2026-07-23
ORD114945,2302,P0029,Household,4,positive,2025-11-09
ORD109404,1019,P0043,Fashion,4,positive,2025-10-20
ORD110402,3114,P0034,Household,4,positive,2026-08-14
ORD119765,1847,P0018,Mobile Phone,4,positive,2026-02-12
ORD103593,3114,P0036,Household,4,positive,2026-06-16
ORD112070,485,P0013,Mobile Phone,4,positive,2026-02-26
ORD102629,4084,P0033,Household,4,positive,2026-03-17
ORD122039,532,P0004,Laptop & Accessory,5,positive,2026-07-01
ORD106740,2466,P0013,Mobile Phone,3,neutral,2025-11-13
ORD123372,71,P0006,Laptop & Accessory,3,neutral,2025-11-08
ORD113681,3746,P0006,Laptop & Accessory,5,positive,2025-11-25
ORD101207,3357,P0023,Mobile Phone,4,positive,2025-12-14
ORD114387,179,P0069,Grocery,4,positive,2026-07-29
ORD108438,1863,P0017,Mobile Phone,3,neutral,2025-11-25
ORD118114,520,P0023,Mobile Phone,3,neutral,2025-09-10
ORD110055,2064,P0028,Household,5,positive,2026-06-25
ORD110280,3410,P0011,Laptop & Accessory,5,positive,2025-11-25
ORD125747,1756,P0006,Laptop & Accessory,3,neutral,2025-10-30
ORD109756,3045,P0069,Grocery,3,neutral,2026-08-25
ORD100510,2249,P0013,Mobile Phone,5,positive,2025-11-09
ORD101662,1431,P0039,Fashion,3,neutral,2026-02-26
ORD104617,2714,P0003,Laptop & Accessory,4,positive,2026-05-26
ORD114494,1702,P0059,Others,3,neutral,2025-10-25
ORD109368,1013,P0029,Household,5,positive,2026-06-17
ORD117297,1865,P0008,Laptop & Accessory,3,neutral,2025-11-26
ORD125814,4543,P0026,Household,4,positive,2026-03-19
ORD113857,530,P0044,Fashion,4,positive,2026-03-07
ORD116231,3609,P0058,Others,4,positive,2025-09-21
ORD120869,136,P0006,Laptop & Accessory,4,positive,2025-11-25
ORD123047,944,P0006,Laptop & Accessory,4,positive,2025-11-24
ORD107495,3602,P0013,Mobile Phone,4,positive,2026-06-13
ORD124136,754,P0012,Laptop & Accessory,4,positive,2026-03-25
ORD118996,295,P0008,Laptop & Accessory,4,positive,2026-08-23
ORD101801,160,P0068,Grocery,5,positive,2025-08-18
ORD110203,4228,P0061,Grocery,4,positive,2026-05-19
ORD103411,280,P0037,Fashion,5,positive,2026-04-25
ORD102124,2633,P0013,Mobile Phone,4,positive,2025-10-21
ORD120971,4469,P0021,Mobile Phone,5,positive,2026-06-25
ORD112536,3592,P0014,Mobile Phone,3,neutral,2026-03-11
ORD123881,2177,P0010,Laptop & Accessory,5,positive,2025-12-20
ORD103401,543,P0010,Laptop & Accessory,4,positive,2025-10-16
ORD113879,3633,P0024,Mobile Phone,4,positive,2025-12-11
ORD102771,292,P0006,Laptop & Accessory,4,positive,2026-02-27
ORD110359,1222,P0010,Laptop & Accessory,4,positive,2026-04-28
ORD119421,2233,P0010,Laptop & Accessory,4,positive,2026-06-30
ORD119002,3019,P0002,Laptop & Accessory,5,positive,2026-08-23
ORD122077,1112,P0051,Others,5,positive,2025-12-04
ORD122138,1346,P0069,Grocery,4,positive,2026-07-05
ORD117288,1410,P0018,Mobile Phone,5,positive,2025-11-23
ORD100601,286,P0010,Laptop & Accessory,5,positive,2026-02-21
ORD107046,614,P0032,Household,5,positive,2026-02-26
ORD105721,3120,P0008,Laptop & Accessory,4,positive,2025-12-17
ORD106026,1899,P0012,Laptop & Accessory,4,positive,2025-08-20
ORD109529,1043,P0010,Laptop & Accessory,3,neutral,2026-06-15
ORD112887,3358,P0040,Fashion,3,neutral,2026-05-16
ORD106802,1524,P0022,Mobile Phone,5,positive,2025-08-16
ORD120816,1339,P0006,Laptop & Accessory,4,positive,2025-09-03
ORD112511,478,P0012,Laptop & Accessory,4,positive,2026-04-21
ORD108594,45,P0045,Fashion,4,positive,2026-06-19
ORD100495,3387,P0028,Household,4,positive,2026-04-26
ORD108940,1748,P0005,Laptop & Accessory,5,positive,2026-01-18
ORD100413,3835,P0010,Laptop & Accessory,5,positive,2026-06-16
ORD121345,3415,P0001,Laptop & Accessory,3,neutral,2026-06-19
ORD125784,676,P0061,Grocery,3,neutral,2025-11-08
ORD125424,1553,P0018,Mobile Phone,3,neutral,2026-02-14
ORD118783,156,P0017,Mobile Phone,3,neutral,2026-03-31
ORD116898,3484,P0031,Household,4,positive,2025-11-13
ORD123154,1300,P0042,Fashion,4,positive,2025-09-22
ORD124707,2096,P0017,Mobile Phone,4,positive,2025-09-11
ORD103286,2334,P0024,Mobile Phone,5,positive,2025-08-04
ORD101284,1706,P0010,Laptop & Accessory,4,positive,2026-04-25
ORD105096,1113,P0010,Laptop & Accessory,4,positive,2025-11-26
ORD109217,1029,P0046,Fashion,5,positive,2026-01-14
ORD111662,2993,P0043,Fashion,4,positive,2025-08-26
ORD121222,911,P0037,Fashion,5,positive,2025-11-10
ORD111224,2157,P0002,Laptop & Accessory,4,positive,2025-11-18
ORD115405,1720,P0050,Others,4,positive,2025-12-23
ORD120985,3044,P0029,Household,4,positive,2025-08-04
ORD107184,284,P0011,Laptop & Accessory,3,neutral,2026-02-22
ORD114240,2005,P0010,Laptop & Accessory,5,positive,2025-11-11
ORD113576,1314,P0039,Fashion,4,positive,2025-11-11
ORD111123,1371,P0001,Laptop & Accessory,5,positive,2025-11-05
ORD105280,616,P0066,Grocery,4,positive,2026-08-16
ORD118181,467,P0012,Laptop & Accessory,4,positive,2026-01-15
ORD112157,1698,P0053,Others,3,neutral,2025-08-09
ORD102080,479,P0057,Others,5,positive,2026-05-21
ORD113392,1086,P0027,Household,3,neutral,2025-12-18
ORD120912,2986,P0023,Mobile Phone,5,positive,2026-01-02
ORD118041,199,P0069,Grocery,4,positive,2026-02-18
ORD114120,3922,P0039,Fashion,4,positive,2026-01-03
ORD104869,1329,P0037,Fashion,5,positive,2025-12-26
ORD112089,1990,P0005,Laptop & Accessory,3,neutral,2025-12-09
ORD108163,572,P0010,Laptop & Accessory,4,positive,2025-12-31
ORD114400,3682,P0019,Mobile Phone,4,positive,2025-12-02
ORD105474,898,P0006,Laptop & Accessory,4,positive,2026-02-25
ORD105971,2573,P0069,Grocery,3,neutral,2025-11-11
ORD116494,1371,P0002,Laptop & Accessory,3,neutral,2025-10-18
ORD110672,2436,P0012,Laptop & Accessory,4,positive,2025-12-10
ORD120911,195,P0046,Fashion,4,positive,2026-02-11
ORD123742,187,P0046,Fashion,5,positive,2026-03-31
ORD100009,484,P0046,Fashion,4,positive,2026-07-29
ORD107253,3425,P0008,Laptop & Accessory,4,positive,2026-03-22
ORD124287,3955,P0012,Laptop & Accessory,3,neutral,2026-08-24
ORD108402,941,P0019,Mobile Phone,3,neutral,2025-10-24
ORD114149,390,P0003,Laptop & Accessory,5,positive,2026-06-12
ORD113904,1455,P0010,Laptop & Accessory,3,neutral,2026-01-24
ORD122865,2289,P0027,Household,4,positive,2025-12-07
ORD117520,948,P0067,Grocery,4,positive,2025-09-29
ORD110212,3567,P0045,Fashion,5,positive,2026-01-01
ORD100183,1450,P0020,Mobile Phone,4,positive,2026-01-08
ORD101803,2438,P0023,Mobile Phone,5,positive,2025-12-08
ORD101905,1766,P0033,Household,3,neutral,2025-08-19
ORD115565,566,P0060,Others,4,positive,2026-03-17
ORD118807,1583,P0006,Laptop & Accessory,4,positive,2026-02-11
ORD113776,1430,P0010,Laptop & Accessory,3,neutral,2026-03-03
ORD101909,3484,P0025,Household,3,neutral,2025-12-13
ORD103632,64,P0037,Fashion,4,positive,2025-11-07
ORD110449,578,P0010,Laptop & Accessory,3,neutral,2026-04-02
ORD105834,4222,P0032,Household,4,positive,2026-01-04
ORD109776,1724,P0024,Mobile Phone,4,positive,2025-12-06
ORD111104,3769,P0018,Mobile Phone,5,positive,2025-11-27
ORD116553,3831,P0055,Others,3,neutral,2025-10-11
ORD119994,1973,P0041,Fashion,4,positive,2026-07-24
ORD100230,4284,P0013,Mobile Phone,4,positive,2026-08-23
ORD123929,3748,P0008,Laptop & Accessory,5,positive,2026-05-06
ORD124521,932,P0010,Laptop & Accessory,3,neutral,2025-08-07
ORD119201,184,P0001,Laptop & Accessory,4,positive,2025-11-14
ORD110282,1679,P0010,Laptop & Accessory,4,positive,2026-04-20
ORD103489,2088,P0066,Grocery,5,positive,2025-10-13
ORD104548,2487,P0018,Mobile Phone,3,neutral,2026-01-07
ORD123849,537,P0010,Laptop & Accessory,4,positive,2026-05-30
ORD118934,1412,P0018,Mobile Phone,3,neutral,2025-12-03
ORD102587,3814,P0023,Mobile Phone,4,positive,2026-03-20
ORD122318,605,P0008,Laptop & Accessory,4,positive,2026-06-17
ORD100977,559,P0001,Laptop & Accessory,5,positive,2026-08-21
ORD118813,1758,P0006,Laptop & Accessory,4,positive,2026-06-21
ORD101376,660,P0023,Mobile Phone,4,positive,2026-08-09
ORD113698,375,P0017,Mobile Phone,4,positive,2026-09-01
ORD125283,1668,P0013,Mobile Phone,4,positive,2026-06-16
ORD116615,1743,P0013,Mobile Phone,4,positive,2026-05-03
ORD113087,755,P0040,Fashion,4,positive,2026-07-13
ORD100390,597,P0040,Fashion,4,positive,2026-07-02
ORD117045,3100,P0009,Laptop & Accessory,5,positive,2025-11-17
ORD114270,2797,P0012,Laptop & Accessory,5,positive,2025-10-20
ORD101165,3725,P0037,Fashion,4,positive,2025-08-20
ORD109383,3432,P0006,Laptop & Accessory,3,neutral,2026-02-24
ORD121751,935,P0054,Others,4,positive,2025-11-06
ORD123422,699,P0005,Laptop & Accessory,4,positive,2026-03-15
ORD112119,2452,P0037,Fashion,3,neutral,2026-01-30
ORD118489,4346,P0027,Household,4,positive,2026-01-02
ORD115449,3999,P0002,Laptop & Accessory,3,neutral,2026-06-16
ORD118293,1207,P0016,Mobile Phone,4,positive,2026-08-14
ORD112132,3225,P0018,Mobile Phone,3,neutral,2026-07-28
ORD108031,1599,P0024,Mobile Phone,4,positive,2025-09-06
ORD113956,1348,P0031,Household,4,positive,2026-03-30
ORD107289,1059,P0001,Laptop & Accessory,2,negative,2026-05-24
ORD102415,2300,P0060,Others,4,positive,2026-02-03
ORD121988,4192,P0018,Mobile Phone,5,positive,2025-09-29
ORD122688,2556,P0010,Laptop & Accessory,5,positive,2026-01-12
ORD115894,68,P0037,Fashion,5,positive,2026-06-23
ORD118713,1770,P0010,Laptop & Accessory,4,positive,2025-12-04
ORD119583,1669,P0019,Mobile Phone,5,positive,2025-11-08
ORD122064,1763,P0010,Laptop & Accessory,4,positive,2026-06-07
ORD105283,2827,P0031,Household,4,positive,2025-11-10
ORD100708,309,P0056,Others,4,positive,2025-10-19
ORD115102,3617,P0018,Mobile Phone,3,neutral,2026-01-14
ORD119995,1907,P0032,Household,4,positive,2026-05-03
ORD115895,3093,P0026,Household,4,positive,2026-02-18
ORD117604,1446,P0006,Laptop & Accessory,4,positive,2026-04-22
ORD106622,1737,P0010,Laptop & Accessory,4,positive,2026-08-25
ORD111969,1130,P0007,Laptop & Accessory,4,positive,2025-12-16
ORD106087,3325,P0010,Laptop & Accessory,4,positive,2025-10-17
ORD101992,4343,P0010,Laptop & Accessory,5,positive,2025-10-15
ORD105291,2178,P0010,Laptop & Accessory,5,positive,2025-12-20
ORD121057,4351,P0010,Laptop & Accessory,4,positive,2025-11-17
ORD118527,481,P0069,Grocery,5,positive,2026-08-08
ORD115501,390,P0010,Laptop & Accessory,4,positive,2026-06-20
ORD115150,3000,P0022,Mobile Phone,3,neutral,2026-06-17
ORD122976,1581,P0010,Laptop & Accessory,4,positive,2025-11-14
ORD110808,2150,P0030,Household,4,positive,2025-11-08
ORD119400,4438,P0031,Household,4,positive,2026-07-09
ORD103071,2574,P0012,Laptop & Accessory,4,positive,2025-12-30
ORD100971,2115,P0029,Household,5,positive,2026-08-28
ORD124154,1043,P0011,Laptop & Accessory,5,positive,2025-09-19
ORD120305,493,P0008,Laptop & Accessory,4,positive,2025-10-17
ORD117453,3052,P0031,Household,4,positive,2026-04-21
ORD112044,1370,P0010,Laptop & Accessory,5,positive,2025-12-28
ORD101777,4065,P0010,Laptop & Accessory,4,positive,2025-09-05
ORD119738,2852,P0025,Household,4,positive,2026-05-18
ORD100945,423,P0047,Fashion,4,positive,2026-04-15
ORD100431,3072,P0016,Mobile Phone,4,positive,2026-02-11
ORD119091,2295,P0008,Laptop & Accessory,3,neutral,2025-10-19
ORD113203,3789,P0069,Grocery,4,positive,2026-02-21
ORD109640,2601,P0005,Laptop & Accessory,4,positive,2026-04-19
ORD121225,656,P0001,Laptop & Accessory,5,positive,2026-04-06
ORD121698,4382,P0028,Household,4,positive,2025-10-05
ORD114162,1097,P0029,Household,4,positive,2026-07-20
ORD109374,3567,P0053,Others,4,positive,2026-05-19
ORD101544,287,P0042,Fashion,4,positive,2025-11-19
ORD114155,284,P0010,Laptop & Accessory,4,positive,2025-11-24
ORD112130,1046,P0008,Laptop & Accessory,3,neutral,2025-10-13
ORD101589,2144,P0018,Mobile Phone,4,positive,2026-04-29
ORD116945,671,P0038,Fashion,4,positive,2026-04-08
ORD118907,624,P0037,Fashion,3,neutral,2025-08-11
ORD118663,4331,P0020,Mobile Phone,4,positive,2026-02-04
ORD103061,656,P0010,Laptop & Accessory,5,positive,2026-02-19
ORD112735,776,P0008,Laptop & Accessory,5,positive,2025-10-02
ORD113040,3346,P0008,Laptop & Accessory,4,positive,2026-01-19
ORD112402,14,P0029,Household,3,neutral,2025-11-12
ORD108192,3700,P0012,Laptop & Accessory,4,positive,2026-07-08
ORD118588,4388,P0006,Laptop & Accessory,3,neutral,2025-12-30
ORD119095,3420,P0045,Fashion,4,positive,2026-06-19
ORD103610,1040,P0010,Laptop & Accessory,4,positive,2025-11-12
ORD114173,2790,P0047,Fashion,5,positive,2025-08-27
ORD106111,549,P0002,Laptop & Accessory,4,positive,2026-03-13
ORD124503,3292,P0010,Laptop & Accessory,4,positive,2025-11-12
ORD117826,4344,P0020,Mobile Phone,3,neutral,2026-03-06
ORD106460,1775,P0044,Fashion,5,positive,2026-01-06
ORD120642,337,P0013,Mobile Phone,4,positive,2025-10-07
ORD120017,3882,P0010,Laptop & Accessory,5,positive,2026-03-28
ORD103782,4335,P0009,Laptop & Accessory,5,positive,2025-11-22
ORD106831,3266,P0035,Household,4,positive,2025-11-18
ORD109941,3989,P0044,Fashion,4,positive,2026-06-15
ORD125901,974,P0029,Household,3,neutral,2025-11-12
ORD121899,93,P0038,Fashion,5,positive,2025-11-07
ORD117057,3955,P0008,Laptop & Accessory,4,positive,2026-04-15
ORD117834,966,P0010,Laptop & Accessory,4,positive,2026-07-30
ORD125977,646,P0024,Mobile Phone,5,positive,2025-10-25
ORD119220,2583,P0017,Mobile Phone,4,positive,2026-04-11
ORD121579,4134,P0013,Mobile Phone,4,positive,2025-10-19
ORD110877,114,P0008,Laptop & Accessory,4,positive,2025-12-09
ORD110108,277,P0053,Others,4,positive,2025-11-05
ORD117600,1000,P0043,Fashion,5,positive,2026-04-01
ORD113631,439,P0059,Others,4,positive,2025-11-04
ORD106641,3755,P0029,Household,4,positive,2025-11-18
ORD113534,4490,P0025,Household,5,positive,2026-04-01
ORD112685,1369,P0008,Laptop & Accessory,5,positive,2026-05-19
ORD107049,1781,P0018,Mobile Phone,2,negative,2025-08-28
ORD109260,112,P0037,Fashion,4,positive,2026-02-26
ORD118546,2974,P0004,Laptop & Accessory,5,positive,2026-05-26
ORD108871,3558,P0006,Laptop & Accessory,4,positive,2026-06-19
ORD107649,190,P0043,Fashion,4,positive,2026-01-19
ORD106745,288,P0006,Laptop & Accessory,4,positive,2025-10-23
ORD114858,3097,P0010,Laptop & Accessory,5,positive,2026-03-09
ORD102893,684,P0008,Laptop & Accessory,3,neutral,2026-08-04
ORD105724,1018,P0060,Others,4,positive,2026-05-05
ORD112587,3666,P0010,Laptop & Accessory,4,positive,2025-10-10
ORD120077,160,P0001,Laptop & Accessory,3,neutral,2025-09-10
ORD122421,2154,P0010,Laptop & Accessory,4,positive,2026-01-13
ORD116414,982,P0042,Fashion,4,positive,2025-08-10
ORD120701,1255,P0047,Fashion,5,positive,2025-08-21
ORD103343,4204,P0064,Grocery,4,positive,2026-02-11
ORD107895,2223,P0008,Laptop & Accessory,4,positive,2025-11-11
ORD117905,2170,P0022,Mobile Phone,3,neutral,2025-11-17
ORD119652,2677,P0066,Grocery,5,positive,2026-07-27
ORD111555,1174,P0012,Laptop & Accessory,3,neutral,2026-02-07
ORD106698,3215,P0029,Household,5,positive,2026-05-31
ORD114316,3815,P0006,Laptop & Accessory,4,positive,2026-03-15
ORD115247,3594,P0022,Mobile Phone,4,positive,2025-08-28
ORD112015,2452,P0018,Mobile Phone,5,positive,2026-07-29
ORD123925,2727,P0040,Fashion,3,neutral,2026-08-24
ORD120919,4145,P0002,Laptop & Accessory,4,positive,2026-02-15
ORD104165,3733,P0072,Grocery,5,positive,2025-11-17
ORD105218,1444,P0010,Laptop & Accessory,5,positive,2026-05-22
ORD111098,58,P0010,Laptop & Accessory,3,neutral,2025-09-21
ORD112230,1491,P0010,Laptop & Accessory,3,neutral,2026-04-22
ORD120457,3741,P0012,Laptop & Accessory,3,neutral,2025-08-08
ORD124643,2061,P0027,Household,3,neutral,2025-11-07
ORD123113,682,P0031,Household,5,positive,2026-07-07
ORD114136,2108,P0008,Laptop & Accessory,5,positive,2026-03-10
ORD111878,4492,P0060,Others,4,positive,2026-02-03
ORD102163,1358,P0010,Laptop & Accessory,5,positive,2026-05-05
ORD114358,1502,P0018,Mobile Phone,4,positive,2026-01-28
ORD110700,1510,P0035,Household,5,positive,2026-01-01
ORD103218,1790,P0004,Laptop & Accessory,4,positive,2025-09-08
ORD111358,1138,P0010,Laptop & Accessory,4,positive,2026-06-17
ORD102101,2008,P0010,Laptop & Accessory,4,positive,2026-06-06
ORD101231,630,P0040,Fashion,5,positive,2026-02-22
ORD121471,46,P0016,Mobile Phone,5,positive,2026-05-22
ORD113045,225,P0023,Mobile Phone,4,positive,2025-10-19
ORD116123,3321,P0061,Grocery,4,positive,2025-09-18
ORD109355,2650,P0032,Household,4,positive,2026-04-16
ORD114935,3612,P0024,Mobile Phone,4,positive,2026-08-24
ORD120067,1949,P0035,Household,4,positive,2025-08-30
ORD121175,1810,P0017,Mobile Phone,3,neutral,2026-06-09
ORD105377,3803,P0018,Mobile Phone,5,positive,2025-08-07
ORD109317,2008,P0012,Laptop & Accessory,4,positive,2026-02-02
ORD125192,1690,P0020,Mobile Phone,5,positive,2026-06-04
ORD113264,4343,P0010,Laptop & Accessory,4,positive,2025-11-27
ORD119015,4260,P0064,Grocery,5,positive,2026-06-06
ORD122378,2403,P0013,Mobile Phone,4,positive,2025-12-16
ORD109475,2220,P0008,Laptop & Accessory,3,neutral,2025-10-28
ORD109139,773,P0066,Grocery,4,positive,2025-11-16
ORD124709,434,P0038,Fashion,4,positive,2026-06-04
ORD106912,221,P0001,Laptop & Accessory,4,positive,2026-06-25
ORD113498,2369,P0010,Laptop & Accessory,4,positive,2026-04-14
ORD119566,1839,P0010,Laptop & Accessory,4,positive,2025-11-14
ORD110247,2149,P0004,Laptop & Accessory,4,positive,2026-05-10
ORD124292,1582,P0013,Mobile Phone,5,positive,2026-06-22
ORD124919,4327,P0005,Laptop & Accessory,4,positive,2026-02-15
ORD109916,2990,P0006,Laptop & Accessory,4,positive,2026-01-28
ORD124013,511,P0010,Laptop & Accessory,4,positive,2026-05-11
ORD121695,609,P0034,Household,3,neutral,2026-04-10
ORD112045,1805,P0069,Grocery,4,positive,2026-01-21
ORD118749,4543,P0029,Household,3,neutral,2026-08-19
ORD119038,4090,P0031,Household,4,positive,2025-11-04
ORD104491,2955,P0010,Laptop & Accessory,4,positive,2026-01-02
ORD106863,646,P0008,Laptop & Accessory,4,positive,2026-08-12
ORD121971,4396,P0040,Fashion,3,neutral,2026-01-14
ORD100439,1935,P0001,Laptop & Accessory,5,positive,2025-11-26
ORD105080,381,P0043,Fashion,3,neutral,2026-08-28
ORD101683,478,P0001,Laptop & Accessory,5,positive,2025-08-28
ORD100496,1844,P0056,Others,4,positive,2026-06-18
ORD118183,58,P0037,Fashion,5,positive,2026-01-08
ORD116335,2390,P0008,Laptop & Accessory,4,positive,2026-04-01
ORD118670,333,P0015,Mobile Phone,5,positive,2026-03-13
ORD115616,2526,P0006,Laptop & Accessory,4,positive,2026-08-03
ORD118657,2174,P0013,Mobile Phone,5,positive,2026-02-23
ORD121228,3967,P0013,Mobile Phone,4,positive,2026-05-23
ORD119067,1862,P0010,Laptop & Accessory,5,positive,2025-11-13
ORD116862,787,P0053,Others,5,positive,2026-06-20
ORD113073,3679,P0015,Mobile Phone,4,positive,2026-09-01
ORD117362,699,P0002,Laptop & Accessory,2,negative,2026-03-31
ORD116596,2553,P0013,Mobile Phone,4,positive,2026-06-23
ORD109783,1673,P0039,Fashion,5,positive,2026-01-27
ORD115861,1182,P0005,Laptop & Accessory,5,positive,2025-11-26
ORD115696,1048,P0011,Laptop & Accessory,4,positive,2025-11-11
ORD119833,681,P0008,Laptop & Accessory,4,positive,2026-04-05
ORD123090,580,P0014,Mobile Phone,4,positive,2026-02-22
ORD125072,236,P0012,Laptop & Accessory,3,neutral,2025-08-16
ORD112889,439,P0066,Grocery,4,positive,2026-05-28
ORD112174,3604,P0023,Mobile Phone,3,neutral,2025-11-30
ORD125239,3740,P0040,Fashion,5,positive,2026-04-28
ORD121527,1980,P0010,Laptop & Accessory,5,positive,2026-06-15
ORD106658,478,P0003,Laptop & Accessory,5,positive,2025-11-06
ORD109478,1443,P0010,Laptop & Accessory,4,positive,2026-02-27
ORD109559,2541,P0042,Fashion,4,positive,2025-09-22
ORD113105,1567,P0010,Laptop & Accessory,3,neutral,2025-08-13
ORD118837,3566,P0005,Laptop & Accessory,4,positive,2026-05-03
ORD121137,2150,P0010,Laptop & Accessory,3,neutral,2026-04-01
ORD120801,3588,P0017,Mobile Phone,4,positive,2026-06-25
ORD102023,2283,P0010,Laptop & Accessory,3,neutral,2026-02-22
ORD120450,900,P0047,Fashion,4,positive,2026-08-28
ORD124654,3738,P0038,Fashion,5,positive,2025-11-06
ORD110930,4513,P0030,Household,5,positive,2025-09-30
ORD111683,346,P0038,Fashion,5,positive,2026-08-11
ORD124664,1574,P0005,Laptop & Accessory,5,positive,2025-12-10
ORD125515,288,P0010,Laptop & Accessory,5,positive,2026-06-15
ORD115860,1081,P0033,Household,4,positive,2025-09-07
ORD125844,3721,P0008,Laptop & Accessory,5,positive,2026-01-15
ORD116960,498,P0059,Others,4,positive,2026-03-25
ORD114462,997,P0012,Laptop & Accessory,4,positive,2025-10-01
ORD120107,3494,P0002,Laptop & Accessory,4,positive,2026-01-11
ORD111884,2412,P0022,Mobile Phone,5,positive,2025-10-10
ORD122578,3695,P0055,Others,4,positive,2025-11-08
ORD111880,996,P0024,Mobile Phone,5,positive,2025-12-14
ORD122727,2033,P0015,Mobile Phone,4,positive,2026-03-09
ORD119648,3284,P0030,Household,5,positive,2026-06-28
ORD104656,2082,P0013,Mobile Phone,4,positive,2026-05-06
ORD123270,2996,P0024,Mobile Phone,4,positive,2025-11-04
ORD125721,3051,P0012,Laptop & Accessory,4,positive,2026-05-11
ORD123877,2051,P0007,Laptop & Accessory,5,positive,2026-02-13
ORD108271,1855,P0015,Mobile Phone,3,neutral,2025-09-02
ORD117395,2073,P0006,Laptop & Accessory,4,positive,2026-02-21
ORD122575,1011,P0069,Grocery,5,positive,2026-07-11
ORD117925,3833,P0018,Mobile Phone,3,neutral,2026-02-03
ORD101369,2669,P0029,Household,4,positive,2026-08-04
ORD122794,502,P0029,Household,3,neutral,2025-11-05
ORD120850,112,P0046,Fashion,3,neutral,2025-08-10
ORD125492,505,P0037,Fashion,4,positive,2025-11-16
ORD102323,588,P0010,Laptop & Accessory,4,positive,2026-02-09
ORD122461,652,P0058,Others,3,neutral,2026-01-04
ORD116740,304,P0010,Laptop & Accessory,4,positive,2025-10-18
ORD104150,2149,P0006,Laptop & Accessory,4,positive,2026-01-24
ORD125267,2236,P0018,Mobile Phone,5,positive,2025-08-20
ORD117000,2112,P0018,Mobile Phone,5,positive,2025-11-17
ORD108289,1793,P0015,Mobile Phone,4,positive,2025-11-12
ORD111478,3563,P0013,Mobile Phone,4,positive,2025-11-16
ORD117287,1131,P0026,Household,3,neutral,2026-03-08
ORD104223,4145,P0001,Laptop & Accessory,5,positive,2025-11-15
ORD124313,120,P0069,Grocery,4,positive,2026-07-11
ORD118888,772,P0020,Mobile Phone,4,positive,2025-09-02
ORD104729,99,P0010,Laptop & Accessory,4,positive,2026-06-16
ORD105150,949,P0014,Mobile Phone,5,positive,2026-01-02
ORD125280,3062,P0017,Mobile Phone,5,positive,2025-09-17
ORD116175,559,P0022,Mobile Phone,4,positive,2026-07-20
ORD118424,3867,P0022,Mobile Phone,5,positive,2025-10-25
ORD119462,3288,P0007,Laptop & Accessory,5,positive,2026-04-01
ORD124971,3315,P0002,Laptop & Accessory,4,positive,2026-04-13
ORD102470,1245,P0041,Fashion,4,positive,2025-11-08
ORD109113,1941,P0009,Laptop & Accessory,4,positive,2026-03-23
ORD117266,3293,P0070,Grocery,4,positive,2025-10-16
ORD100421,4318,P0060,Others,4,positive,2026-05-14
ORD114300,2790,P0006,Laptop & Accessory,4,positive,2026-03-28
ORD118932,2502,P0018,Mobile Phone,4,positive,2025-12-02
ORD116575,3493,P0010,Laptop & Accessory,5,positive,2026-03-04
ORD104079,575,P0013,Mobile Phone,5,positive,2025-12-22
ORD113684,1067,P0021,Mobile Phone,3,neutral,2025-11-19
ORD115280,4084,P0036,Household,3,neutral,2026-05-16
ORD104828,4016,P0004,Laptop & Accessory,4,positive,2025-11-09
ORD105073,3977,P0024,Mobile Phone,3,neutral,2026-03-26
ORD114966,3413,P0033,Household,4,positive,2026-06-15
ORD100684,1399,P0010,Laptop & Accessory,5,positive,2026-01-21
ORD115131,2608,P0006,Laptop & Accessory,4,positive,2026-01-01
ORD108810,3953,P0013,Mobile Phone,5,positive,2026-06-05
ORD124319,3864,P0021,Mobile Phone,4,positive,2025-11-06
ORD124710,719,P0015,Mobile Phone,3,neutral,2025-08-07
ORD111858,2900,P0014,Mobile Phone,4,positive,2026-03-03
ORD117774,2709,P0008,Laptop & Accessory,5,positive,2025-08-05
ORD122172,2146,P0021,Mobile Phone,5,positive,2025-09-12
ORD124588,1099,P0016,Mobile Phone,4,positive,2025-08-05
ORD100906,2866,P0024,Mobile Phone,3,neutral,2026-06-21
ORD106231,136,P0004,Laptop & Accessory,4,positive,2026-01-21
ORD108484,4388,P0003,Laptop & Accessory,5,positive,2025-11-12
ORD114268,1665,P0010,Laptop & Accessory,5,positive,2026-02-04
ORD112555,4522,P0033,Household,3,neutral,2025-11-11
ORD118198,2591,P0020,Mobile Phone,4,positive,2025-08-11
ORD116787,1856,P0010,Laptop & Accessory,4,positive,2026-08-12
ORD105263,2571,P0018,Mobile Phone,4,positive,2026-09-01
ORD117133,553,P0006,Laptop & Accessory,3,neutral,2025-08-04
ORD110832,164,P0045,Fashion,5,positive,2025-12-06
ORD104862,2711,P0010,Laptop & Accessory,5,positive,2025-11-27
ORD112158,951,P0010,Laptop & Accessory,5,positive,2025-10-26
ORD118400,1007,P0026,Household,5,positive,2025-08-07
ORD114697,75,P0046,Fashion,3,neutral,2025-12-22
ORD125559,3592,P0014,Mobile Phone,4,positive,2026-04-27
ORD119768,2874,P0006,Laptop & Accessory,4,positive,2026-04-11
ORD117101,990,P0046,Fashion,4,positive,2025-11-05
ORD111932,965,P0063,Grocery,4,positive,2025-11-02
ORD105017,4084,P0035,Household,5,positive,2025-12-23
ORD116324,3950,P0013,Mobile Phone,4,positive,2026-08-25
ORD120740,1171,P0001,Laptop & Accessory,4,positive,2025-09-14
ORD111042,3797,P0010,Laptop & Accessory,4,positive,2026-01-29
ORD120632,1941,P0069,Grocery,3,neutral,2025-10-15
ORD120096,639,P0006,Laptop & Accessory,5,positive,2026-01-27
ORD116213,1814,P0004,Laptop & Accessory,4,positive,2025-08-13
ORD120229,4255,P0026,Household,5,positive,2025-12-25
ORD116442,1859,P0001,Laptop & Accessory,5,positive,2026-04-04
ORD121932,1195,P0010,Laptop & Accessory,5,positive,2026-02-20
ORD113411,1983,P0013,Mobile Phone,4,positive,2025-11-16
ORD112990,570,P0020,Mobile Phone,3,neutral,2025-12-16
ORD122379,4017,P0029,Household,5,positive,2025-10-30
ORD115141,532,P0003,Laptop & Accessory,4,positive,2025-11-16
ORD114297,73,P0021,Mobile Phone,5,positive,2026-04-07
ORD105574,2540,P0004,Laptop & Accessory,4,positive,2026-06-19
ORD121063,1441,P0002,Laptop & Accessory,4,positive,2026-06-20
ORD102839,1351,P0057,Others,5,positive,2026-02-03
ORD118297,751,P0054,Others,4,positive,2025-11-06
ORD108509,50,P0002,Laptop & Accessory,4,positive,2026-07-29
ORD110547,2549,P0037,Fashion,4,positive,2026-06-19
ORD113617,2226,P0028,Household,3,neutral,2026-06-23
ORD100261,3243,P0059,Others,5,positive,2026-03-27
ORD114289,3289,P0059,Others,5,positive,2026-04-24
ORD117901,528,P0038,Fashion,5,positive,2025-10-06
ORD105088,4104,P0010,Laptop & Accessory,3,neutral,2025-08-09
ORD114584,2073,P0007,Laptop & Accessory,5,positive,2025-08-30
ORD119260,3921,P0022,Mobile Phone,4,positive,2026-05-06
ORD100703,4436,P0026,Household,3,neutral,2026-03-01
ORD116368,1571,P0069,Grocery,4,positive,2026-08-24
ORD109809,193,P0031,Household,4,positive,2025-10-02
ORD112441,307,P0014,Mobile Phone,4,positive,2026-05-21
ORD113460,1666,P0006,Laptop & Accessory,5,positive,2026-01-31
ORD120401,2587,P0020,Mobile Phone,4,positive,2026-08-03
ORD102623,3032,P0008,Laptop & Accessory,3,neutral,2025-08-25
ORD113007,2547,P0058,Others,4,positive,2025-11-05
ORD110102,1740,P0010,Laptop & Accessory,4,positive,2026-08-20
ORD103231,3644,P0010,Laptop & Accessory,4,positive,2026-06-03
ORD112198,260,P0015,Mobile Phone,2,negative,2026-04-06
ORD118656,2407,P0017,Mobile Phone,5,positive,2026-05-18
ORD102099,201,P0011,Laptop & Accessory,3,neutral,2025-11-13
ORD100885,345,P0010,Laptop & Accessory,4,positive,2025-11-20
ORD102684,3828,P0037,Fashion,4,positive,2025-12-13
ORD111788,2217,P0013,Mobile Phone,4,positive,2025-10-23
ORD103870,501,P0008,Laptop & Accessory,5,positive,2026-02-23
ORD122071,615,P0038,Fashion,5,positive,2025-08-26
ORD101019,2903,P0046,Fashion,4,positive,2025-09-18
ORD101922,1336,P0006,Laptop & Accessory,5,positive,2026-06-07
ORD109917,2512,P0019,Mobile Phone,4,positive,2026-06-23
ORD125860,2960,P0010,Laptop & Accessory,5,positive,2025-11-13
ORD116499,325,P0016,Mobile Phone,5,positive,2025-10-14
ORD104431,2387,P0016,Mobile Phone,4,positive,2025-11-05
ORD124143,3112,P0035,Household,5,positive,2025-09-27
ORD109052,2380,P0002,Laptop & Accessory,5,positive,2026-07-21
ORD107725,1435,P0055,Others,2,negative,2025-12-03
ORD117803,3468,P0031,Household,3,neutral,2026-02-24
ORD111361,2930,P0012,Laptop & Accessory,4,positive,2025-11-05
ORD108156,662,P0008,Laptop & Accessory,4,positive,2025-11-04
ORD112424,1750,P0006,Laptop & Accessory,4,positive,2026-03-09
ORD114443,177,P0008,Laptop & Accessory,4,positive,2025-11-09
ORD116620,170,P0055,Others,5,positive,2026-02-08
ORD122198,790,P0008,Laptop & Accessory,5,positive,2025-11-07
ORD111636,1551,P0010,Laptop & Accessory,4,positive,2025-12-05
ORD103346,4086,P0005,Laptop & Accessory,3,neutral,2026-07-20
ORD106092,3758,P0039,Fashion,4,positive,2025-11-27
ORD118132,4452,P0046,Fashion,4,positive,2025-09-26
ORD106969,173,P0004,Laptop & Accessory,5,positive,2025-12-22
ORD110736,1460,P0048,Fashion,4,positive,2025-12-03
ORD104263,2883,P0032,Household,4,positive,2026-08-19
ORD120455,1775,P0003,Laptop & Accessory,3,neutral,2025-08-11
ORD104537,1632,P0006,Laptop & Accessory,4,positive,2026-01-27
ORD120263,822,P0009,Laptop & Accessory,5,positive,2026-04-27
ORD111422,2840,P0013,Mobile Phone,5,positive,2026-07-23
ORD107999,602,P0046,Fashion,3,neutral,2025-09-02
ORD118336,3419,P0013,Mobile Phone,4,positive,2025-10-17
ORD110571,3259,P0027,Household,4,positive,2025-10-06
ORD119214,708,P0016,Mobile Phone,4,positive,2025-11-22
ORD109496,778,P0020,Mobile Phone,5,positive,2026-06-29
ORD106390,1046,P0069,Grocery,4,positive,2026-07-01
ORD121767,413,P0011,Laptop & Accessory,4,positive,2026-06-15
ORD120814,595,P0039,Fashion,4,positive,2026-08-26
ORD119461,816,P0066,Grocery,5,positive,2026-03-17
ORD106161,1587,P0010,Laptop & Accessory,4,positive,2026-07-06
ORD104551,4070,P0004,Laptop & Accessory,3,neutral,2026-03-09
ORD100785,1135,P0008,Laptop & Accessory,4,positive,2026-01-16
ORD121303,4507,P0010,Laptop & Accessory,4,positive,2026-07-11
ORD102033,161,P0012,Laptop & Accessory,5,positive,2025-11-25
ORD115136,3917,P0008,Laptop & Accessory,5,positive,2026-07-15
ORD107303,2406,P0024,Mobile Phone,5,positive,2025-08-12
ORD114106,3294,P0021,Mobile Phone,5,positive,2026-06-30
ORD100210,2433,P0067,Grocery,3,neutral,2025-11-08
ORD100175,3639,P0018,Mobile Phone,4,positive,2025-09-29
ORD111395,303,P0010,Laptop & Accessory,3,neutral,2026-02-15
ORD116659,4438,P0017,Mobile Phone,4,positive,2025-08-30
ORD114192,2194,P0023,Mobile Phone,4,positive,2025-12-10
ORD123036,2797,P0010,Laptop & Accessory,4,positive,2025-08-14
ORD108449,1807,P0015,Mobile Phone,3,neutral,2026-04-17
ORD121346,4287,P0008,Laptop & Accessory,4,positive,2025-09-21
ORD114602,2023,P0013,Mobile Phone,3,neutral,2026-02-14
ORD107436,94,P0008,Laptop & Accessory,3,neutral,2026-02-17
ORD115134,1049,P0041,Fashion,4,positive,2025-10-17
ORD122928,3269,P0005,Laptop & Accessory,3,neutral,2026-06-20
ORD102945,3593,P0020,Mobile Phone,5,positive,2026-08-16
ORD120462,1580,P0057,Others,4,positive,2026-03-21
ORD106455,1034,P0008,Laptop & Accessory,4,positive,2025-11-18
ORD102478,4312,P0026,Household,4,positive,2026-07-06
ORD119219,182,P0014,Mobile Phone,3,neutral,2026-06-05
ORD100593,2505,P0023,Mobile Phone,3,neutral,2026-08-29
ORD108721,864,P0053,Others,4,positive,2025-08-12
ORD118033,1067,P0033,Household,5,positive,2025-11-13
ORD102186,3148,P0046,Fashion,4,positive,2026-06-01
ORD114214,2148,P0018,Mobile Phone,2,negative,2025-11-22
ORD123187,4212,P0010,Laptop & Accessory,5,positive,2026-08-05
ORD106833,2517,P0013,Mobile Phone,3,neutral,2025-11-14
ORD111212,3286,P0031,Household,5,positive,2025-09-07
ORD121530,1379,P0008,Laptop & Accessory,5,positive,2026-02-14
ORD115162,551,P0010,Laptop & Accessory,4,positive,2025-11-28
ORD121967,1609,P0006,Laptop & Accessory,4,positive,2025-10-29
ORD106429,4190,P0012,Laptop & Accessory,5,positive,2025-09-18
ORD100115,3759,P0017,Mobile Phone,4,positive,2025-11-04
ORD113308,2560,P0006,Laptop & Accessory,4,positive,2025-11-11
ORD112202,2140,P0016,Mobile Phone,4,positive,2026-04-09
ORD104333,1615,P0034,Household,4,positive,2025-11-13
ORD125087,3416,P0032,Household,5,positive,2025-08-21
ORD120738,1256,P0004,Laptop & Accessory,3,neutral,2025-11-11
ORD123888,286,P0034,Household,4,positive,2026-06-05
ORD109432,4122,P0018,Mobile Phone,4,positive,2025-11-04
ORD103243,483,P0016,Mobile Phone,3,neutral,2026-06-15
ORD113699,1190,P0048,Fashion,4,positive,2026-04-04
ORD115673,2396,P0018,Mobile Phone,3,neutral,2025-09-19
ORD111575,207,P0003,Laptop & Accessory,4,positive,2026-04-03
ORD115519,1047,P0010,Laptop & Accessory,5,positive,2026-06-16
ORD109249,596,P0055,Others,4,positive,2025-11-07
ORD121587,2959,P0006,Laptop & Accessory,4,positive,2025-10-14
ORD105667,621,P0010,Laptop & Accessory,4,positive,2026-08-14
ORD107010,4003,P0055,Others,5,positive,2025-08-16
ORD112622,1756,P0017,Mobile Phone,3,neutral,2026-02-05
ORD108466,82,P0037,Fashion,4,positive,2026-06-12
ORD108821,3301,P0027,Household,4,positive,2026-03-04
ORD103737,3436,P0006,Laptop & Accessory,4,positive,2026-05-14
ORD111492,3877,P0013,Mobile Phone,4,positive,2026-01-18
ORD100154,2012,P0038,Fashion,4,positive,2026-06-05
ORD106412,3436,P0001,Laptop & Accessory,4,positive,2025-11-04
ORD110904,3525,P0031,Household,5,positive,2026-07-18
ORD112323,3061,P0002,Laptop & Accessory,4,positive,2026-04-21
ORD108279,2443,P0045,Fashion,4,positive,2026-02-17
ORD114559,29,P0031,Household,4,positive,2025-09-12
ORD106276,3259,P0029,Household,3,neutral,2026-06-24
ORD107623,525,P0010,Laptop & Accessory,5,positive,2025-11-18
ORD115227,2985,P0005,Laptop & Accessory,5,positive,2025-11-11
ORD116392,796,P0013,Mobile Phone,4,positive,2025-08-15
ORD111835,1234,P0063,Grocery,4,positive,2025-10-07
ORD122715,4517,P0068,Grocery,4,positive,2026-06-11
ORD114282,3168,P0018,Mobile Phone,4,positive,2026-01-23
ORD110227,2989,P0014,Mobile Phone,4,positive,2026-03-31
ORD123285,2062,P0035,Household,5,positive,2026-03-04
ORD104401,652,P0004,Laptop & Accessory,4,positive,2026-02-27
ORD119683,750,P0038,Fashion,4,positive,2025-11-13
ORD105887,2802,P0004,Laptop & Accessory,3,neutral,2026-06-22
ORD124243,3851,P0066,Grocery,5,positive,2026-05-11
ORD125526,1843,P0008,Laptop & Accessory,4,positive,2025-09-29
ORD117555,4510,P0053,Others,4,positive,2025-12-31
ORD103400,417,P0010,Laptop & Accessory,4,positive,2025-12-04
ORD107861,1067,P0028,Household,4,positive,2025-11-08
ORD122665,3303,P0008,Laptop & Accessory,3,neutral,2026-08-10
ORD124420,492,P0015,Mobile Phone,3,neutral,2025-12-10
ORD120482,279,P0041,Fashion,5,positive,2026-08-03
ORD114454,1361,P0015,Mobile Phone,3,neutral,2026-01-17
ORD116372,1428,P0058,Others,4,positive,2026-06-16
ORD101108,4516,P0031,Household,5,positive,2025-11-18
ORD116718,919,P0025,Household,4,positive,2026-03-29
ORD104580,3778,P0005,Laptop & Accessory,4,positive,2025-10-29
ORD113825,960,P0038,Fashion,4,positive,2026-06-20
ORD116732,288,P0011,Laptop & Accessory,5,positive,2025-11-06
ORD125995,3664,P0023,Mobile Phone,4,positive,2025-10-02
ORD109022,4350,P0005,Laptop & Accessory,3,neutral,2026-06-14
ORD104168,4008,P0023,Mobile Phone,5,positive,2026-06-23
ORD101533,4165,P0016,Mobile Phone,4,positive,2026-01-12
ORD124434,4226,P0017,Mobile Phone,3,neutral,2026-08-30
ORD116460,2671,P0069,Grocery,4,positive,2026-06-18
ORD121542,4466,P0039,Fashion,5,positive,2026-01-22
ORD102977,3009,P0019,Mobile Phone,4,positive,2026-05-07
ORD114969,549,P0016,Mobile Phone,4,positive,2026-01-19
ORD105640,262,P0018,Mobile Phone,4,positive,2026-03-14
ORD113193,2506,P0018,Mobile Phone,3,neutral,2025-11-03
ORD110493,4265,P0037,Fashion,4,positive,2026-04-28
ORD114627,2982,P0018,Mobile Phone,5,positive,2026-03-30
ORD106095,3756,P0029,Household,4,positive,2026-06-23
ORD119611,268,P0008,Laptop & Accessory,4,positive,2025-10-28
ORD120569,263,P0046,Fashion,3,neutral,2026-02-09
ORD119294,820,P0059,Others,5,positive,2025-11-19
ORD113683,2772,P0032,Household,5,positive,2026-03-04
ORD106469,2418,P0012,Laptop & Accessory,3,neutral,2025-11-28
ORD108180,2967,P0039,Fashion,3,neutral,2026-02-26
ORD119230,1413,P0023,Mobile Phone,3,neutral,2025-11-11
ORD124306,836,P0008,Laptop & Accessory,4,positive,2026-06-22
ORD124825,739,P0006,Laptop & Accessory,4,positive,2025-11-11
ORD118867,283,P0046,Fashion,4,positive,2025-11-06
ORD101289,3992,P0018,Mobile Phone,2,negative,2026-02-07
ORD111160,1064,P0069,Grocery,4,positive,2026-07-16
ORD113539,4332,P0069,Grocery,4,positive,2026-07-01
ORD124490,721,P0010,Laptop & Accessory,3,neutral,2025-11-11
ORD117798,467,P0037,Fashion,3,neutral,2025-09-03
ORD118878,3788,P0015,Mobile Phone,4,positive,2025-10-27
ORD115271,578,P0055,Others,4,positive,2026-03-26
ORD106445,621,P0016,Mobile Phone,4,positive,2026-07-09
ORD123383,42,P0059,Others,4,positive,2026-01-07
ORD113507,2794,P0027,Household,3,neutral,2026-05-30
ORD108117,1551,P0006,Laptop & Accessory,3,neutral,2026-03-16
ORD120725,2028,P0023,Mobile Phone,3,neutral,2026-03-17
ORD114636,3106,P0010,Laptop & Accessory,4,positive,2026-05-01
ORD100615,2587,P0018,Mobile Phone,4,positive,2026-03-01
ORD106927,2270,P0010,Laptop & Accessory,5,positive,2025-09-16
ORD108913,3376,P0035,Household,3,neutral,2026-04-14
ORD109229,59,P0010,Laptop & Accessory,5,positive,2025-11-13
ORD115689,508,P0022,Mobile Phone,3,neutral,2025-08-04
ORD108046,2233,P0011,Laptop & Accessory,5,positive,2026-06-20
ORD108726,2192,P0020,Mobile Phone,4,positive,2025-09-04
ORD106216,2290,P0045,Fashion,5,positive,2025-09-23
ORD110892,3002,P0015,Mobile Phone,4,positive,2026-01-02
ORD101667,472,P0031,Household,4,positive,2026-05-30
ORD116359,2956,P0009,Laptop & Accessory,5,positive,2025-11-18
ORD102956,1677,P0037,Fashion,5,positive,2026-05-13
ORD123449,2204,P0010,Laptop & Accessory,4,positive,2026-02-22
ORD112725,751,P0012,Laptop & Accessory,5,positive,2026-01-10
ORD116289,3151,P0043,Fashion,4,positive,2026-06-15
ORD111993,3542,P0030,Household,4,positive,2025-10-11
ORD118268,1949,P0033,Household,5,positive,2026-06-16
ORD101007,2308,P0029,Household,4,positive,2026-04-13
ORD119203,1899,P0010,Laptop & Accessory,4,positive,2026-06-27
ORD102358,1117,P0008,Laptop & Accessory,4,positive,2026-02-25
ORD113145,500,P0001,Laptop & Accessory,4,positive,2025-08-14
ORD107562,3260,P0033,Household,3,neutral,2025-11-04
ORD102466,198,P0010,Laptop & Accessory,5,positive,2025-10-14
ORD123185,3737,P0037,Fashion,5,positive,2026-07-11
ORD110019,485,P0014,Mobile Phone,4,positive,2025-11-09
ORD107067,721,P0005,Laptop & Accessory,4,positive,2025-10-03
ORD125979,1064,P0007,Laptop & Accessory,3,neutral,2025-11-29
ORD121255,1418,P0031,Household,5,positive,2026-04-13
ORD112037,218,P0013,Mobile Phone,4,positive,2025-08-14
ORD120736,3036,P0012,Laptop & Accessory,5,positive,2026-08-12
ORD107465,124,P0042,Fashion,4,positive,2026-04-23
ORD114107,1098,P0035,Household,3,neutral,2025-11-20
ORD114809,634,P0004,Laptop & Accessory,4,positive,2026-05-11
ORD101195,631,P0029,Household,5,positive,2026-08-21
ORD125969,1863,P0008,Laptop & Accessory,5,positive,2025-10-01
ORD113088,552,P0021,Mobile Phone,4,positive,2026-04-01
ORD109878,1371,P0010,Laptop & Accessory,4,positive,2026-07-03
ORD123494,6,P0018,Mobile Phone,4,positive,2026-06-07
ORD102334,514,P0065,Grocery,4,positive,2026-02-24
ORD117918,4264,P0029,Household,5,positive,2026-08-17
ORD118705,1351,P0006,Laptop & Accessory,5,positive,2025-09-10
ORD125240,161,P0061,Grocery,5,positive,2026-06-18
ORD112315,65,P0004,Laptop & Accessory,5,positive,2026-03-04
ORD116196,1339,P0010,Laptop & Accessory,5,positive,2026-04-21
ORD125200,285,P0013,Mobile Phone,3,neutral,2026-02-10
ORD125940,3382,P0010,Laptop & Accessory,4,positive,2026-02-26
ORD100146,1014,P0046,Fashion,5,positive,2025-09-26
ORD104646,1446,P0057,Others,4,positive,2025-11-12
ORD107711,1982,P0044,Fashion,4,positive,2026-01-08
ORD107695,1502,P0055,Others,5,positive,2025-10-07
ORD101298,1574,P0004,Laptop & Accessory,5,positive,2026-07-15
ORD123606,1366,P0013,Mobile Phone,4,positive,2025-11-20
ORD117622,768,P0010,Laptop & Accessory,4,positive,2026-02-01
ORD112586,3014,P0018,Mobile Phone,3,neutral,2025-09-20
ORD115161,169,P0046,Fashion,4,positive,2025-08-20
ORD120051,184,P0007,Laptop & Accessory,4,positive,2026-06-11
ORD100155,6,P0013,Mobile Phone,4,positive,2025-11-11
ORD115665,2987,P0019,Mobile Phone,2,negative,2026-01-01
ORD123391,814,P0002,Laptop & Accessory,4,positive,2025-11-13
ORD112868,73,P0064,Grocery,4,positive,2026-01-29
ORD115960,1232,P0046,Fashion,4,positive,2026-05-01
ORD112761,1137,P0006,Laptop & Accessory,4,positive,2026-02-04
ORD102328,1804,P0020,Mobile Phone,5,positive,2026-02-17
ORD124402,266,P0069,Grocery,5,positive,2025-11-02
ORD107503,1081,P0004,Laptop & Accessory,4,positive,2026-01-07
ORD125323,3361,P0018,Mobile Phone,4,positive,2026-07-01
ORD102286,2961,P0018,Mobile Phone,4,positive,2026-08-10
ORD100173,4180,P0026,Household,5,positive,2026-06-24
ORD122412,3310,P0031,Household,4,positive,2026-01-06
ORD110681,2376,P0049,Others,3,neutral,2026-06-05
ORD108984,1509,P0002,Laptop & Accessory,4,positive,2025-10-17
ORD108860,708,P0024,Mobile Phone,4,positive,2026-06-19
ORD101290,2878,P0010,Laptop & Accessory,5,positive,2026-05-25
ORD115527,3307,P0006,Laptop & Accessory,4,positive,2026-03-27
ORD111632,3639,P0014,Mobile Phone,5,positive,2025-10-23
ORD112778,3144,P0029,Household,4,positive,2026-06-16
ORD122759,245,P0002,Laptop & Accessory,5,positive,2026-04-06
ORD103794,3039,P0071,Grocery,4,positive,2025-11-11
ORD119676,2307,P0069,Grocery,3,neutral,2026-06-21
ORD121887,1666,P0026,Household,3,neutral,2026-04-02
ORD110614,2969,P0030,Household,4,positive,2026-06-04
ORD121052,989,P0066,Grocery,5,positive,2026-08-05
ORD118706,2375,P0018,Mobile Phone,4,positive,2026-07-21
ORD122002,1600,P0012,Laptop & Accessory,5,positive,2025-11-08
ORD118418,2371,P0037,Fashion,4,positive,2026-07-08
ORD116411,132,P0008,Laptop & Accessory,4,positive,2026-02-24
ORD103477,8,P0018,Mobile Phone,3,neutral,2026-02-24
ORD105019,1615,P0021,Mobile Phone,4,positive,2026-04-04
ORD124499,2199,P0012,Laptop & Accessory,4,positive,2026-03-18
ORD113004,4094,P0033,Household,5,positive,2026-03-02
ORD121511,4347,P0036,Household,4,positive,2026-08-11
ORD122684,4525,P0031,Household,4,positive,2025-10-07
ORD101966,920,P0027,Household,4,positive,2026-06-22
ORD107799,531,P0046,Fashion,3,neutral,2025-11-08
ORD121134,261,P0022,Mobile Phone,4,positive,2025-09-15
ORD119504,880,P0008,Laptop & Accessory,5,positive,2026-01-15
ORD121379,2680,P0012,Laptop & Accessory,4,positive,2025-11-25
ORD100984,2380,P0010,Laptop & Accessory,4,positive,2026-03-07
ORD103221,2385,P0024,Mobile Phone,3,neutral,2025-11-18
ORD116219,656,P0010,Laptop & Accessory,5,positive,2026-05-12
ORD112285,4524,P0030,Household,4,positive,2025-09-09
ORD117350,2169,P0017,Mobile Phone,4,positive,2025-11-09
ORD102750,663,P0010,Laptop & Accessory,5,positive,2025-11-18
ORD106659,758,P0038,Fashion,2,negative,2026-02-04
ORD124477,539,P0006,Laptop & Accessory,5,positive,2025-09-06
ORD122741,2040,P0031,Household,5,positive,2025-11-04
ORD121154,1334,P0039,Fashion,5,positive,2026-03-02
ORD103404,620,P0040,Fashion,4,positive,2026-04-01
ORD120751,838,P0010,Laptop & Accessory,4,positive,2026-01-07
ORD106124,1818,P0018,Mobile Phone,4,positive,2026-07-05
ORD119200,1251,P0006,Laptop & Accessory,5,positive,2026-01-24
ORD113300,541,P0008,Laptop & Accessory,4,positive,2025-11-23
ORD107419,2809,P0037,Fashion,4,positive,2025-08-05
ORD106754,3653,P0010,Laptop & Accessory,3,neutral,2026-06-10
ORD102075,32,P0010,Laptop & Accessory,4,positive,2026-05-12
ORD111530,4340,P0020,Mobile Phone,5,positive,2025-11-13
ORD118319,286,P0047,Fashion,4,positive,2025-09-03
ORD123768,471,P0039,Fashion,4,positive,2026-06-13
ORD110912,3829,P0018,Mobile Phone,4,positive,2025-09-11
ORD101918,3859,P0009,Laptop & Accessory,5,positive,2026-02-06
ORD110454,2422,P0018,Mobile Phone,4,positive,2025-11-02
ORD108499,1857,P0018,Mobile Phone,3,neutral,2025-08-16
ORD102017,3591,P0020,Mobile Phone,2,negative,2026-08-09
ORD113814,478,P0010,Laptop & Accessory,5,positive,2025-12-16
ORD101793,1369,P0003,Laptop & Accessory,4,positive,2026-05-02
ORD111190,324,P0006,Laptop & Accessory,5,positive,2026-04-27
ORD119714,515,P0044,Fashion,3,neutral,2026-08-31
ORD120781,1842,P0029,Household,4,positive,2026-06-13
ORD125233,120,P0008,Laptop & Accessory,4,positive,2026-02-22
ORD119691,1402,P0004,Laptop & Accessory,5,positive,2025-11-04
ORD123795,4141,P0029,Household,3,neutral,2025-11-19
ORD109121,460,P0065,Grocery,4,positive,2026-02-26
ORD124370,3103,P0023,Mobile Phone,3,neutral,2025-11-13
ORD115739,4280,P0025,Household,3,neutral,2026-07-12
ORD123851,1693,P0053,Others,4,positive,2025-11-04
ORD100652,1546,P0021,Mobile Phone,4,positive,2025-09-18
ORD119921,3530,P0029,Household,3,neutral,2025-08-28
ORD109364,1633,P0024,Mobile Phone,4,positive,2026-05-13
ORD100826,1196,P0029,Household,4,positive,2026-04-17
ORD119083,2889,P0035,Household,3,neutral,2026-07-09
ORD123786,2314,P0022,Mobile Phone,3,neutral,2025-10-29
ORD103487,2139,P0022,Mobile Phone,3,neutral,2026-04-30
ORD100247,4495,P0023,Mobile Phone,4,positive,2025-11-15
ORD120387,2622,P0010,Laptop & Accessory,5,positive,2026-07-18
ORD107894,541,P0006,Laptop & Accessory,4,positive,2025-11-14
ORD109177,3343,P0006,Laptop & Accessory,4,positive,2025-11-05
ORD110213,332,P0006,Laptop & Accessory,3,neutral,2026-03-27
ORD121625,595,P0037,Fashion,4,positive,2026-08-27
ORD116200,4373,P0007,Laptop & Accessory,4,positive,2026-01-26
ORD116199,1459,P0006,Laptop & Accessory,3,neutral,2026-04-16
ORD116061,554,P0021,Mobile Phone,5,positive,2026-08-03
ORD105522,4301,P0012,Laptop & Accessory,3,neutral,2026-07-24
ORD101847,633,P0013,Mobile Phone,4,positive,2025-09-14
ORD107307,3217,P0046,Fashion,5,positive,2025-10-20
ORD124548,2859,P0013,Mobile Phone,5,positive,2025-12-02
ORD122063,1641,P0020,Mobile Phone,3,neutral,2026-08-24
ORD105413,3734,P0070,Grocery,4,positive,2025-11-15
ORD111147,538,P0052,Others,4,positive,2025-11-16
ORD108095,695,P0010,Laptop & Accessory,5,positive,2025-11-17
ORD104681,848,P0005,Laptop & Accessory,4,positive,2026-02-07
ORD114976,1292,P0013,Mobile Phone,5,positive,2025-11-18
ORD112352,1310,P0037,Fashion,3,neutral,2026-08-28
ORD115431,1432,P0069,Grocery,4,positive,2026-06-14
ORD121613,2771,P0010,Laptop & Accessory,4,positive,2026-01-14
ORD100213,2045,P0022,Mobile Phone,5,positive,2026-06-16
ORD120215,2206,P0057,Others,5,positive,2026-07-07
ORD125874,1754,P0021,Mobile Phone,4,positive,2025-09-03
ORD102806,2498,P0018,Mobile Phone,3,neutral,2026-01-23
ORD125204,3034,P0010,Laptop & Accessory,4,positive,2025-11-18
ORD109253,1439,P0020,Mobile Phone,5,positive,2025-11-06
ORD102515,1560,P0012,Laptop & Accessory,4,positive,2025-11-15
ORD118265,1585,P0010,Laptop & Accessory,3,neutral,2025-12-06
ORD118923,2184,P0018,Mobile Phone,3,neutral,2026-05-06
ORD122921,1309,P0035,Household,4,positive,2025-09-26
ORD108670,262,P0060,Others,5,positive,2025-08-26
ORD114221,4146,P0037,Fashion,3,neutral,2026-05-07
ORD107816,1289,P0010,Laptop & Accessory,4,positive,2026-03-06
ORD118920,3192,P0072,Grocery,4,positive,2026-07-01
ORD102928,2387,P0021,Mobile Phone,4,positive,2026-06-20
ORD103639,3501,P0057,Others,3,neutral,2025-11-05
ORD108056,4460,P0004,Laptop & Accessory,4,positive,2026-08-21
ORD101468,930,P0036,Household,4,positive,2025-09-27
ORD110215,3924,P0014,Mobile Phone,4,positive,2026-04-04
ORD118885,2162,P0041,Fashion,3,neutral,2025-12-27
ORD104724,2210,P0036,Household,4,positive,2026-06-28
ORD115640,665,P0013,Mobile Phone,4,positive,2026-06-04
ORD115512,4476,P0003,Laptop & Accessory,4,positive,2026-07-29
ORD118598,341,P0005,Laptop & Accessory,5,positive,2026-03-10
ORD108786,977,P0029,Household,4,positive,2026-01-30
ORD124953,4363,P0019,Mobile Phone,5,positive,2025-11-11
ORD107640,1101,P0008,Laptop & Accessory,5,positive,2025-11-02
ORD102475,1010,P0044,Fashion,5,positive,2025-12-11
ORD116420,2574,P0022,Mobile Phone,5,positive,2026-08-24
ORD102608,4026,P0009,Laptop & Accessory,4,positive,2026-08-24
ORD108511,674,P0002,Laptop & Accessory,4,positive,2025-12-02
ORD121617,3809,P0023,Mobile Phone,3,neutral,2025-11-11
ORD113588,2164,P0038,Fashion,4,positive,2026-03-19
ORD115225,3460,P0030,Household,3,neutral,2026-08-05
ORD119432,269,P0011,Laptop & Accessory,4,positive,2026-01-03
ORD111921,4314,P0008,Laptop & Accessory,4,positive,2026-05-31
ORD123217,125,P0043,Fashion,4,positive,2026-02-23
ORD102849,1750,P0010,Laptop & Accessory,5,positive,2026-01-10
ORD103438,4036,P0028,Household,2,negative,2025-11-17
ORD116559,1275,P0045,Fashion,5,positive,2026-07-15
ORD101536,299,P0001,Laptop & Accessory,5,positive,2026-07-12
ORD100328,1256,P0012,Laptop & Accessory,5,positive,2025-10-08
ORD114473,2289,P0019,Mobile Phone,4,positive,2026-07-05
ORD102593,719,P0020,Mobile Phone,5,positive,2025-10-19
ORD103544,179,P0021,Mobile Phone,4,positive,2026-08-27
ORD125338,1754,P0018,Mobile Phone,4,positive,2025-12-10
ORD125139,87,P0010,Laptop & Accessory,5,positive,2026-08-29
ORD123997,2608,P0004,Laptop & Accessory,4,positive,2025-11-18
ORD124327,2196,P0009,Laptop & Accessory,4,positive,2026-01-20
ORD114715,3625,P0032,Household,3,neutral,2025-11-04
ORD111441,279,P0038,Fashion,4,positive,2026-04-17
ORD108134,2750,P0018,Mobile Phone,4,positive,2026-07-19
ORD102822,327,P0037,Fashion,4,positive,2025-10-28
ORD120438,3896,P0008,Laptop & Accessory,5,positive,2026-02-09
ORD107359,4319,P0018,Mobile Phone,4,positive,2026-08-24
ORD106261,1033,P0008,Laptop & Accessory,4,positive,2025-12-31
ORD100331,2855,P0050,Others,4,positive,2025-09-09
ORD109713,4162,P0071,Grocery,4,positive,2026-02-08
ORD109936,2064,P0014,Mobile Phone,5,positive,2025-08-24
ORD112207,3955,P0003,Laptop & Accessory,4,positive,2025-08-08
ORD103432,278,P0010,Laptop & Accessory,4,positive,2025-11-09
ORD115534,1436,P0027,Household,4,positive,2025-08-27
ORD110294,1611,P0009,Laptop & Accessory,5,positive,2026-02-27
ORD102168,933,P0022,Mobile Phone,5,positive,2025-08-25
ORD115559,3204,P0007,Laptop & Accessory,4,positive,2026-06-23
ORD118092,1708,P0039,Fashion,4,positive,2025-12-27
ORD118751,2845,P0010,Laptop & Accessory,4,positive,2026-02-26
ORD123559,203,P0010,Laptop & Accessory,4,positive,2025-08-08
ORD122830,3168,P0013,Mobile Phone,4,positive,2025-11-03
ORD114816,3982,P0033,Household,4,positive,2025-10-24
ORD101652,4123,P0032,Household,3,neutral,2026-02-18
ORD102398,4138,P0026,Household,5,positive,2025-11-12
ORD118509,3885,P0026,Household,4,positive,2026-05-09
ORD103430,2325,P0055,Others,4,positive,2025-11-27
ORD103062,1494,P0013,Mobile Phone,5,positive,2025-11-18
ORD108660,1549,P0020,Mobile Phone,4,positive,2026-07-08
ORD110607,747,P0018,Mobile Phone,4,positive,2026-01-03
ORD122414,1336,P0010,Laptop & Accessory,5,positive,2026-02-15
ORD118570,3422,P0029,Household,3,neutral,2026-05-06
ORD116520,170,P0060,Others,4,positive,2026-05-08
ORD117031,4,P0037,Fashion,4,positive,2025-10-07
ORD109775,746,P0012,Laptop & Accessory,3,neutral,2025-11-26
ORD125745,449,P0042,Fashion,5,positive,2026-06-23
ORD117097,2239,P0055,Others,3,neutral,2026-07-21
ORD109736,4149,P0037,Fashion,4,positive,2026-06-18
ORD107155,1116,P0037,Fashion,5,positive,2026-06-23
ORD100937,985,P0032,Household,4,positive,2025-10-14
ORD115457,3193,P0032,Household,4,positive,2026-02-21
ORD115432,635,P0013,Mobile Phone,4,positive,2026-03-25
ORD104221,826,P0001,Laptop & Accessory,4,positive,2025-11-07
ORD109261,940,P0044,Fashion,5,positive,2026-06-02
ORD113382,1828,P0002,Laptop & Accessory,5,positive,2025-11-24
ORD121406,1782,P0024,Mobile Phone,5,positive,2025-09-15
ORD103405,8,P0010,Laptop & Accessory,4,positive,2025-11-12
ORD121633,2321,P0045,Fashion,5,positive,2025-11-12
ORD124793,171,P0006,Laptop & Accessory,5,positive,2026-04-09
ORD115243,1542,P0065,Grocery,4,positive,2026-01-21
ORD119697,3681,P0045,Fashion,4,positive,2026-06-19
ORD119476,3615,P0022,Mobile Phone,3,neutral,2026-05-09
ORD115183,4265,P0044,Fashion,5,positive,2025-11-11
ORD102598,2212,P0044,Fashion,3,neutral,2025-08-16
ORD109618,3937,P0009,Laptop & Accessory,4,positive,2026-06-24
ORD121202,2104,P0071,Grocery,4,positive,2025-12-23
ORD101309,3002,P0046,Fashion,5,positive,2025-10-23
ORD100177,1900,P0060,Others,4,positive,2026-05-01
ORD112591,4313,P0010,Laptop & Accessory,4,positive,2026-07-27
ORD104365,1808,P0018,Mobile Phone,4,positive,2026-06-15
ORD124058,2441,P0017,Mobile Phone,4,positive,2026-02-06
ORD123103,3916,P0020,Mobile Phone,5,positive,2025-11-16
ORD125804,2118,P0038,Fashion,3,neutral,2026-05-03
ORD103538,994,P0006,Laptop & Accessory,4,positive,2026-01-19
ORD110396,603,P0012,Laptop & Accessory,4,positive,2026-07-08
ORD118746,565,P0011,Laptop & Accessory,4,positive,2026-06-09
ORD114778,542,P0018,Mobile Phone,3,neutral,2026-06-09
ORD123832,2158,P0006,Laptop & Accessory,3,neutral,2025-11-17
ORD108887,3831,P0014,Mobile Phone,4,positive,2026-05-15
ORD116970,415,P0010,Laptop & Accessory,5,positive,2025-11-18
ORD116616,3989,P0010,Laptop & Accessory,3,neutral,2025-10-02
ORD106396,259,P0021,Mobile Phone,5,positive,2026-02-09
ORD103464,546,P0005,Laptop & Accessory,4,positive,2026-05-25
ORD109729,297,P0016,Mobile Phone,4,positive,2025-08-20
ORD117334,2260,P0011,Laptop & Accessory,4,positive,2025-12-15
ORD109486,1219,P0039,Fashion,4,positive,2026-08-22
ORD114650,1528,P0035,Household,4,positive,2026-01-07
ORD101868,4085,P0040,Fashion,4,positive,2026-04-26
ORD108538,3916,P0023,Mobile Phone,5,positive,2025-10-06
ORD116166,1672,P0046,Fashion,5,positive,2026-06-29
ORD116681,573,P0008,Laptop & Accessory,5,positive,2026-08-31
ORD110823,3753,P0048,Fashion,5,positive,2026-06-23
ORD119927,2206,P0023,Mobile Phone,4,positive,2026-06-18
ORD116077,1902,P0010,Laptop & Accessory,4,positive,2026-04-14
ORD115175,1535,P0066,Grocery,3,neutral,2025-11-10
ORD120314,2033,P0014,Mobile Phone,4,positive,2026-03-18
ORD117593,2161,P0034,Household,4,positive,2026-06-13
ORD105330,660,P0010,Laptop & Accessory,4,positive,2026-08-19
ORD103149,182,P0069,Grocery,3,neutral,2025-11-18
ORD104829,453,P0011,Laptop & Accessory,4,positive,2026-09-01
ORD121101,564,P0038,Fashion,4,positive,2026-01-31
ORD115783,1019,P0018,Mobile Phone,4,positive,2026-01-11
ORD115712,702,P0011,Laptop & Accessory,4,positive,2025-12-11
ORD102731,1223,P0044,Fashion,5,positive,2026-06-16
ORD109362,285,P0012,Laptop & Accessory,4,positive,2025-09-28
ORD100965,2456,P0016,Mobile Phone,5,positive,2025-09-27
ORD104477,445,P0012,Laptop & Accessory,5,positive,2026-06-26
ORD114695,307,P0020,Mobile Phone,5,positive,2025-12-23
ORD100120,3162,P0034,Household,5,positive,2025-09-16
ORD111874,183,P0004,Laptop & Accessory,5,positive,2026-02-04
ORD112176,604,P0006,Laptop & Accessory,4,positive,2026-06-06
ORD108164,171,P0023,Mobile Phone,5,positive,2026-02-03
ORD103991,1471,P0020,Mobile Phone,4,positive,2025-09-01
ORD107462,3614,P0016,Mobile Phone,4,positive,2026-07-22
ORD100075,767,P0005,Laptop & Accessory,5,positive,2025-08-27
ORD106985,1677,P0046,Fashion,4,positive,2025-11-25
ORD123576,61,P0006,Laptop & Accessory,4,positive,2026-03-04
ORD109705,315,P0010,Laptop & Accessory,3,neutral,2026-02-20
ORD123370,1507,P0018,Mobile Phone,3,neutral,2025-11-03
ORD112657,2168,P0010,Laptop & Accessory,3,neutral,2026-06-11
ORD111622,3200,P0058,Others,3,neutral,2026-04-08
ORD122325,3003,P0022,Mobile Phone,4,positive,2026-06-14
ORD100748,2521,P0007,Laptop & Accessory,5,positive,2026-08-11
ORD111029,2284,P0018,Mobile Phone,4,positive,2026-01-18
ORD107377,1330,P0056,Others,4,positive,2026-06-17
ORD109974,585,P0004,Laptop & Accessory,4,positive,2026-08-09
ORD110906,877,P0010,Laptop & Accessory,4,positive,2026-04-27
ORD121615,125,P0006,Laptop & Accessory,4,positive,2026-08-04
ORD121128,3053,P0005,Laptop & Accessory,3,neutral,2026-06-23
ORD111688,642,P0013,Mobile Phone,4,positive,2025-11-12
ORD107475,1080,P0013,Mobile Phone,4,positive,2025-12-31
ORD105435,3589,P0046,Fashion,4,positive,2026-01-10
ORD120846,2678,P0027,Household,3,neutral,2026-01-31
ORD104474,1573,P0018,Mobile Phone,4,positive,2026-01-22
ORD102616,143,P0010,Laptop & Accessory,5,positive,2026-01-18
ORD115409,1083,P0018,Mobile Phone,4,positive,2026-02-27
ORD111931,3243,P0021,Mobile Phone,4,positive,2026-06-10
ORD120236,3012,P0007,Laptop & Accessory,4,positive,2025-09-05
ORD106259,3596,P0023,Mobile Phone,5,positive,2025-08-24
ORD124546,1637,P0006,Laptop & Accessory,5,positive,2025-08-14
ORD123263,1324,P0022,Mobile Phone,4,positive,2026-06-22
ORD123796,291,P0052,Others,4,positive,2026-08-19
ORD125902,3434,P0032,Household,4,positive,2026-05-26
ORD103166,2885,P0027,Household,4,positive,2026-07-28
ORD115399,1430,P0002,Laptop & Accessory,4,positive,2026-05-31
ORD103640,3725,P0026,Household,4,positive,2026-06-17
ORD119702,1908,P0016,Mobile Phone,5,positive,2025-08-23
ORD102519,757,P0048,Fashion,4,positive,2026-01-17
ORD103482,1846,P0017,Mobile Phone,4,positive,2025-08-14
ORD114046,3261,P0018,Mobile Phone,5,positive,2025-11-04
ORD113101,1006,P0039,Fashion,4,positive,2025-11-19
ORD103594,2432,P0008,Laptop & Accessory,5,positive,2026-03-08
ORD103695,2104,P0029,Household,5,positive,2026-01-23
ORD105861,88,P0011,Laptop & Accessory,5,positive,2025-12-01
ORD109718,3243,P0002,Laptop & Accessory,4,positive,2026-07-07
ORD107853,3571,P0018,Mobile Phone,5,positive,2026-08-24
ORD101618,1504,P0013,Mobile Phone,4,positive,2025-11-05
ORD102240,3518,P0031,Household,4,positive,2026-03-25
ORD100410,532,P0010,Laptop & Accessory,4,positive,2026-06-15
ORD120945,2156,P0072,Grocery,4,positive,2025-12-13
ORD105885,358,P0010,Laptop & Accessory,4,positive,2025-11-03
ORD101411,3343,P0010,Laptop & Accessory,4,positive,2025-10-29
ORD104705,158,P0012,Laptop & Accessory,4,positive,2025-10-16
ORD110759,1673,P0044,Fashion,5,positive,2025-11-12
ORD100474,1044,P0012,Laptop & Accessory,5,positive,2025-11-13
ORD125640,3290,P0046,Fashion,5,positive,2026-02-05
ORD112955,2614,P0039,Fashion,4,positive,2025-10-18
ORD113745,2086,P0029,Household,4,positive,2025-11-04
ORD102787,384,P0024,Mobile Phone,4,positive,2026-05-28
ORD105860,3044,P0033,Household,4,positive,2026-04-03
ORD106326,619,P0046,Fashion,4,positive,2026-07-28
ORD121088,3051,P0012,Laptop & Accessory,4,positive,2026-03-19
ORD113434,2565,P0010,Laptop & Accessory,5,positive,2026-06-16
ORD122351,3245,P0039,Fashion,4,positive,2025-11-08
ORD124212,24,P0046,Fashion,4,positive,2026-07-27
ORD113748,699,P0001,Laptop & Accessory,4,positive,2026-06-23
ORD120423,1406,P0018,Mobile Phone,4,positive,2026-02-18
ORD123876,4078,P0015,Mobile Phone,3,neutral,2026-04-29
ORD121404,2434,P0069,Grocery,4,positive,2026-06-12
ORD109421,1342,P0029,Household,5,positive,2026-06-17
ORD100444,1401,P0037,Fashion,5,positive,2025-11-12
ORD110486,4484,P0010,Laptop & Accessory,4,positive,2025-10-08
ORD123009,2224,P0021,Mobile Phone,3,neutral,2025-11-07
ORD114667,2456,P0024,Mobile Phone,5,positive,2025-09-22
ORD104277,4461,P0013,Mobile Phone,5,positive,2025-09-22
ORD113692,1915,P0002,Laptop & Accessory,5,positive,2026-01-15
ORD108954,1095,P0037,Fashion,5,positive,2025-10-21
ORD112875,2550,P0010,Laptop & Accessory,5,positive,2026-05-03
ORD124686,4281,P0049,Others,4,positive,2025-09-02
ORD104229,4386,P0015,Mobile Phone,3,neutral,2026-01-16
ORD119279,1015,P0012,Laptop & Accessory,5,positive,2026-02-03
ORD115906,4283,P0007,Laptop & Accessory,4,positive,2025-08-17
ORD105042,1182,P0012,Laptop & Accessory,5,positive,2026-01-01
ORD122573,1072,P0003,Laptop & Accessory,5,positive,2026-03-24
ORD114943,9,P0006,Laptop & Accessory,2,negative,2025-10-10
ORD109430,1748,P0010,Laptop & Accessory,5,positive,2026-01-02
ORD125081,3773,P0055,Others,4,positive,2025-08-26
ORD110030,4117,P0018,Mobile Phone,5,positive,2025-08-26
ORD110715,1705,P0012,Laptop & Accessory,5,positive,2026-06-14
ORD122770,3884,P0069,Grocery,4,positive,2025-08-30
ORD104351,4063,P0043,Fashion,4,positive,2025-08-20
ORD122427,470,P0069,Grocery,5,positive,2026-08-12
ORD121111,1691,P0065,Grocery,5,positive,2026-06-13
ORD105423,3049,P0010,Laptop & Accessory,3,neutral,2026-03-05
ORD100450,203,P0032,Household,4,positive,2026-06-17
ORD104493,986,P0011,Laptop & Accessory,5,positive,2025-11-25
ORD124559,2027,P0022,Mobile Phone,4,positive,2025-10-13
ORD110375,700,P0035,Household,4,positive,2026-06-17
ORD118153,3994,P0002,Laptop & Accessory,5,positive,2025-11-26
ORD102277,3314,P0046,Fashion,4,positive,2026-07-28
ORD104230,580,P0023,Mobile Phone,5,positive,2025-12-11
ORD109293,1679,P0042,Fashion,4,positive,2025-09-06
ORD122417,3257,P0008,Laptop & Accessory,4,positive,2025-11-16
ORD120487,3049,P0010,Laptop & Accessory,4,positive,2026-03-27
ORD114478,90,P0069,Grocery,4,positive,2026-06-13
ORD104598,4261,P0020,Mobile Phone,4,positive,2026-01-02
ORD108354,2038,P0013,Mobile Phone,4,positive,2026-04-04
ORD125057,3950,P0026,Household,5,positive,2025-12-27
ORD108815,3387,P0029,Household,4,positive,2026-07-25
ORD115630,2509,P0010,Laptop & Accessory,5,positive,2025-11-16
ORD100149,1086,P0028,Household,4,positive,2025-12-29
ORD116574,1343,P0039,Fashion,4,positive,2026-04-12
ORD114616,2190,P0029,Household,4,positive,2026-07-05
ORD125344,1376,P0004,Laptop & Accessory,5,positive,2025-12-09
ORD125406,3779,P0046,Fashion,4,positive,2025-11-06
ORD122711,1719,P0018,Mobile Phone,4,positive,2026-05-13
ORD122648,1262,P0029,Household,3,neutral,2025-12-07
ORD115775,2682,P0006,Laptop & Accessory,4,positive,2026-08-18
ORD100632,989,P0044,Fashion,4,positive,2025-10-11
ORD123964,314,P0055,Others,4,positive,2026-08-25
ORD124008,622,P0002,Laptop & Accessory,5,positive,2026-04-25
ORD112578,2090,P0042,Fashion,5,positive,2025-11-01
ORD110389,288,P0008,Laptop & Accessory,4,positive,2025-09-27
ORD118349,4519,P0036,Household,4,positive,2026-03-23
ORD106900,678,P0031,Household,5,positive,2025-12-12
ORD106320,3856,P0007,Laptop & Accessory,3,neutral,2025-09-29
ORD125765,4345,P0036,Household,5,positive,2026-03-26
ORD122776,119,P0011,Laptop & Accessory,5,positive,2026-06-16
ORD108767,687,P0010,Laptop & Accessory,5,positive,2026-06-20
ORD119134,3077,P0057,Others,3,neutral,2025-11-06
ORD121477,594,P0009,Laptop & Accessory,5,positive,2026-06-29
ORD112676,3911,P0022,Mobile Phone,4,positive,2025-11-12
ORD103912,1682,P0046,Fashion,3,neutral,2026-06-16
ORD120589,4336,P0004,Laptop & Accessory,5,positive,2026-08-27
ORD115927,2035,P0021,Mobile Phone,4,positive,2026-08-30
ORD107731,444,P0008,Laptop & Accessory,4,positive,2025-12-26
ORD122866,337,P0019,Mobile Phone,4,positive,2025-11-26
ORD118937,2455,P0010,Laptop & Accessory,3,neutral,2026-04-09
ORD124022,1108,P0006,Laptop & Accessory,4,positive,2026-04-25
ORD123974,3859,P0008,Laptop & Accessory,4,positive,2026-06-08
ORD115841,1579,P0038,Fashion,4,positive,2026-05-26
ORD124816,2696,P0010,Laptop & Accessory,4,positive,2026-04-28
ORD108802,3169,P0021,Mobile Phone,4,positive,2026-05-13
ORD125750,2317,P0019,Mobile Phone,2,negative,2026-07-08
ORD117567,2973,P0006,Laptop & Accessory,3,neutral,2026-08-20
ORD115750,4038,P0010,Laptop & Accessory,3,neutral,2026-03-04
ORD109301,109,P0013,Mobile Phone,5,positive,2025-12-02
ORD100594,2945,P0036,Household,4,positive,2025-08-05
ORD119353,2814,P0010,Laptop & Accessory,4,positive,2026-07-01
ORD121184,2209,P0041,Fashion,4,positive,2026-03-07
ORD117553,1323,P0009,Laptop & Accessory,4,positive,2026-02-27
ORD112793,966,P0006,Laptop & Accessory,5,positive,2025-12-20
ORD123317,705,P0006,Laptop & Accessory,4,positive,2026-06-03
ORD110544,1456,P0019,Mobile Phone,4,positive,2025-10-28
ORD118666,3646,P0019,Mobile Phone,3,neutral,2025-12-14
ORD114796,3547,P0029,Household,4,positive,2026-06-18
ORD117686,3847,P0004,Laptop & Accessory,5,positive,2026-08-18
ORD109504,114,P0002,Laptop & Accessory,5,positive,2026-05-21
ORD120090,1092,P0029,Household,5,positive,2025-11-04
ORD101791,1335,P0010,Laptop & Accessory,4,positive,2025-10-08
ORD122348,2319,P0006,Laptop & Accessory,3,neutral,2026-03-30
ORD109442,3856,P0026,Household,3,neutral,2026-08-01
ORD125229,46,P0006,Laptop & Accessory,4,positive,2026-04-10
ORD112135,5,P0024,Mobile Phone,4,positive,2026-02-06
ORD106694,2221,P0056,Others,5,positive,2026-05-29
ORD107408,124,P0043,Fashion,4,positive,2025-12-28
ORD113649,3927,P0013,Mobile Phone,4,positive,2025-09-30
ORD115675,284,P0006,Laptop & Accessory,3,neutral,2026-04-06
ORD100086,10,P0055,Others,5,positive,2026-02-21
ORD119197,2959,P0051,Others,3,neutral,2026-02-12
ORD113604,105,P0037,Fashion,4,positive,2026-08-31
ORD114469,936,P0005,Laptop & Accessory,4,positive,2026-07-27
ORD111402,2507,P0010,Laptop & Accessory,4,positive,2025-11-13
ORD118110,196,P0009,Laptop & Accessory,3,neutral,2025-12-23
ORD103926,1701,P0039,Fashion,5,positive,2025-08-19
ORD125596,3521,P0029,Household,5,positive,2026-03-30
ORD100218,4479,P0012,Laptop & Accessory,5,positive,2025-08-22
ORD112948,1865,P0059,Others,4,positive,2025-11-13
ORD107967,3853,P0014,Mobile Phone,4,positive,2025-08-19
ORD108497,3341,P0028,Household,4,positive,2026-05-15
ORD110993,773,P0010,Laptop & Accessory,4,positive,2025-10-01
ORD106132,3645,P0018,Mobile Phone,4,positive,2026-02-02
ORD117804,1641,P0018,Mobile Phone,4,positive,2026-07-13
ORD116453,4040,P0029,Household,4,positive,2026-02-17
ORD120078,2668,P0011,Laptop & Accessory,5,positive,2025-09-03
ORD108604,226,P0047,Fashion,3,neutral,2025-12-13
ORD123819,828,P0010,Laptop & Accessory,5,positive,2025-11-04
ORD123130,3013,P0017,Mobile Phone,5,positive,2025-10-03
ORD118752,975,P0011,Laptop & Accessory,4,positive,2026-02-17
ORD124942,95,P0012,Laptop & Accessory,5,positive,2025-08-22
ORD125183,941,P0014,Mobile Phone,4,positive,2026-03-03
ORD118182,2122,P0034,Household,5,positive,2026-07-19
ORD111849,3715,P0009,Laptop & Accessory,5,positive,2026-01-06
ORD108124,727,P0033,Household,4,positive,2025-10-18
ORD110867,2272,P0012,Laptop & Accessory,4,positive,2026-05-12
ORD120726,989,P0052,Others,5,positive,2026-08-09
ORD121573,135,P0001,Laptop & Accessory,3,neutral,2026-08-05
ORD112353,1989,P0064,Grocery,4,positive,2026-01-19
ORD123691,611,P0003,Laptop & Accessory,5,positive,2026-06-22
ORD123738,631,P0006,Laptop & Accessory,5,positive,2026-02-25
ORD109265,4485,P0022,Mobile Phone,3,neutral,2025-12-01
ORD116564,3884,P0002,Laptop & Accessory,4,positive,2026-03-28
ORD110424,2038,P0069,Grocery,4,positive,2026-05-07
ORD100433,788,P0042,Fashion,4,positive,2025-08-17
ORD105209,528,P0042,Fashion,4,positive,2026-04-13
ORD114677,4293,P0033,Household,5,positive,2026-06-23
ORD117663,2347,P0011,Laptop & Accessory,5,positive,2026-01-27
ORD100379,1627,P0010,Laptop & Accessory,5,positive,2025-11-12
ORD102905,4116,P0003,Laptop & Accessory,3,neutral,2025-11-19
ORD123517,3802,P0007,Laptop & Accessory,4,positive,2026-01-19
ORD124100,3786,P0021,Mobile Phone,4,positive,2026-06-16
ORD110978,3270,P0010,Laptop & Accessory,4,positive,2026-04-14
ORD123597,1312,P0061,Grocery,4,positive,2025-12-03
ORD107555,4436,P0029,Household,4,positive,2025-09-15
ORD112029,287,P0015,Mobile Phone,4,positive,2026-03-04
ORD110060,2143,P0022,Mobile Phone,5,positive,2026-05-28
ORD124958,488,P0046,Fashion,4,positive,2025-08-20
ORD125079,3677,P0018,Mobile Phone,5,positive,2026-02-12
ORD105153,538,P0070,Grocery,5,positive,2025-11-17
ORD124397,798,P0003,Laptop & Accessory,5,positive,2025-11-13
ORD107318,1212,P0008,Laptop & Accessory,4,positive,2025-11-19
ORD125775,3329,P0029,Household,4,positive,2026-04-07
ORD125502,3575,P0018,Mobile Phone,3,neutral,2025-08-20
ORD119734,716,P0049,Others,4,positive,2026-06-20
ORD119315,1643,P0010,Laptop & Accessory,4,positive,2026-06-17
ORD114661,2137,P0018,Mobile Phone,2,negative,2026-01-30
ORD106204,938,P0049,Others,4,positive,2025-11-23
ORD122929,565,P0005,Laptop & Accessory,5,positive,2025-09-29
ORD111396,638,P0002,Laptop & Accessory,4,positive,2025-11-07
ORD117349,2918,P0008,Laptop & Accessory,5,positive,2025-12-07
ORD110858,2409,P0014,Mobile Phone,5,positive,2026-08-12
ORD108327,863,P0008,Laptop & Accessory,5,positive,2026-08-20
ORD125786,648,P0048,Fashion,4,positive,2025-09-24
ORD116567,1332,P0009,Laptop & Accessory,3,neutral,2025-10-16
ORD108304,894,P0010,Laptop & Accessory,4,positive,2026-03-31
ORD119376,1592,P0008,Laptop & Accessory,5,positive,2025-11-15
ORD122447,2297,P0023,Mobile Phone,5,positive,2026-01-06
ORD122623,782,P0002,Laptop & Accessory,5,positive,2026-02-18
ORD108892,3308,P0031,Household,5,positive,2026-06-17
ORD116136,72,P0020,Mobile Phone,4,positive,2025-11-12
ORD106934,1360,P0014,Mobile Phone,5,positive,2026-03-03
ORD101849,3796,P0018,Mobile Phone,4,positive,2026-07-31
ORD107036,192,P0010,Laptop & Accessory,5,positive,2026-06-26
ORD118699,538,P0004,Laptop & Accessory,5,positive,2025-10-05
ORD120377,180,P0010,Laptop & Accessory,5,positive,2026-08-29
ORD113913,883,P0012,Laptop & Accessory,5,positive,2025-11-13
ORD113570,1070,P0012,Laptop & Accessory,4,positive,2026-03-04
ORD125053,1804,P0065,Grocery,4,positive,2026-03-30
ORD125123,3746,P0001,Laptop & Accessory,5,positive,2025-11-27
ORD122147,1733,P0012,Laptop & Accessory,3,neutral,2026-06-16
ORD124626,1782,P0018,Mobile Phone,4,positive,2026-02-19
ORD123219,535,P0003,Laptop & Accessory,5,positive,2025-10-02
ORD120269,1310,P0037,Fashion,4,positive,2026-08-07
ORD116075,462,P0041,Fashion,5,positive,2025-11-13
ORD109396,1159,P0031,Household,4,positive,2026-04-07
ORD100420,3355,P0005,Laptop & Accessory,5,positive,2026-04-26
ORD115487,886,P0029,Household,4,positive,2026-06-20
ORD115488,812,P0012,Laptop & Accessory,4,positive,2026-04-06
ORD124641,2661,P0049,Others,3,neutral,2025-12-11
ORD125146,1770,P0007,Laptop & Accessory,4,positive,2025-10-23
ORD106145,3126,P0029,Household,4,positive,2026-04-09
ORD121224,1259,P0018,Mobile Phone,4,positive,2025-08-21
ORD118402,2246,P0005,Laptop & Accessory,3,neutral,2026-02-16
ORD123700,623,P0001,Laptop & Accessory,5,positive,2025-11-12
ORD108543,1679,P0008,Laptop & Accessory,4,positive,2025-10-31
ORD102719,2012,P0047,Fashion,5,positive,2026-01-22
ORD123327,2424,P0041,Fashion,4,positive,2026-06-16
ORD112928,1111,P0010,Laptop & Accessory,3,neutral,2025-12-22
ORD106603,700,P0029,Household,3,neutral,2026-08-18
ORD122014,2451,P0019,Mobile Phone,4,positive,2026-06-03
ORD102366,558,P0013,Mobile Phone,4,positive,2025-09-08
ORD102404,4034,P0023,Mobile Phone,4,positive,2026-07-07
ORD109940,289,P0016,Mobile Phone,3,neutral,2026-01-29
ORD116762,964,P0046,Fashion,3,neutral,2026-07-20
ORD115937,1247,P0012,Laptop & Accessory,4,positive,2026-01-29
ORD103629,2976,P0017,Mobile Phone,5,positive,2026-02-08
ORD118789,1324,P0038,Fashion,4,positive,2026-06-09
ORD122959,3922,P0040,Fashion,5,positive,2026-07-27
ORD108856,2281,P0018,Mobile Phone,5,positive,2026-04-21
ORD108707,1092,P0030,Household,4,positive,2025-11-25
ORD104736,3792,P0010,Laptop & Accessory,3,neutral,2025-11-08
ORD124975,3802,P0008,Laptop & Accessory,4,positive,2025-08-13
ORD113643,4332,P0008,Laptop & Accessory,4,positive,2026-06-30
ORD122913,4140,P0011,Laptop & Accessory,4,positive,2025-11-13
ORD108658,2005,P0008,Laptop & Accessory,5,positive,2025-08-14
ORD118952,1055,P0032,Household,5,positive,2026-06-23
ORD107567,3261,P0006,Laptop & Accessory,3,neutral,2025-11-06
ORD114438,1811,P0017,Mobile Phone,5,positive,2025-09-10
ORD114410,2326,P0004,Laptop & Accessory,3,neutral,2026-06-05
ORD103935,609,P0013,Mobile Phone,5,positive,2026-02-22
ORD111265,212,P0031,Household,4,positive,2026-04-02
ORD102743,1924,P0010,Laptop & Accessory,4,positive,2026-07-24
ORD106387,1711,P0006,Laptop & Accessory,4,positive,2025-10-16
ORD114082,286,P0037,Fashion,3,neutral,2025-09-16
ORD103111,3636,P0015,Mobile Phone,5,positive,2026-06-24
ORD110956,3869,P0019,Mobile Phone,5,positive,2026-06-17
ORD123191,2477,P0022,Mobile Phone,4,positive,2025-12-15
ORD104097,2509,P0025,Household,5,positive,2026-06-19
ORD119027,2006,P0018,Mobile Phone,5,positive,2026-06-12
ORD113944,4063,P0011,Laptop & Accessory,4,positive,2026-02-04
ORD116134,1459,P0020,Mobile Phone,5,positive,2025-08-13
ORD105961,74,P0065,Grocery,4,positive,2025-12-02
ORD120223,1462,P0006,Laptop & Accessory,4,positive,2025-08-14
ORD101250,137,P0003,Laptop & Accessory,4,positive,2026-01-06
ORD125869,1894,P0017,Mobile Phone,5,positive,2025-11-14
ORD123338,644,P0005,Laptop & Accessory,4,positive,2026-04-02
ORD105827,4284,P0019,Mobile Phone,5,positive,2026-08-31
ORD105506,4304,P0030,Household,4,positive,2025-09-04
ORD113074,3861,P0029,Household,4,positive,2026-06-08
ORD120652,2154,P0004,Laptop & Accessory,4,positive,2025-11-12
ORD105996,2019,P0036,Household,5,positive,2025-12-12
ORD122738,656,P0006,Laptop & Accessory,4,positive,2026-03-02
ORD123848,1752,P0010,Laptop & Accessory,3,neutral,2026-05-09
ORD105187,497,P0010,Laptop & Accessory,3,neutral,2025-10-10
ORD101773,2973,P0006,Laptop & Accessory,4,positive,2025-10-12
ORD112498,4441,P0014,Mobile Phone,4,positive,2025-10-13
ORD122795,38,P0046,Fashion,5,positive,2025-08-10
ORD111613,310,P0013,Mobile Phone,3,neutral,2025-09-14
ORD100610,3418,P0029,Household,4,positive,2026-03-20
ORD110896,1276,P0010,Laptop & Accessory,4,positive,2025-09-22
ORD119324,1012,P0040,Fashion,4,positive,2025-08-19
ORD102637,3705,P0022,Mobile Phone,4,positive,2025-11-18
ORD103164,2225,P0010,Laptop & Accessory,5,positive,2025-11-13
ORD118821,3561,P0018,Mobile Phone,4,positive,2025-09-19
ORD115950,789,P0022,Mobile Phone,5,positive,2026-03-25
ORD109623,25,P0031,Household,4,positive,2026-08-17
ORD110360,1631,P0018,Mobile Phone,5,positive,2026-06-10
ORD124046,29,P0033,Household,5,positive,2026-04-11
ORD114415,1746,P0004,Laptop & Accessory,4,positive,2025-08-25
ORD124924,1925,P0006,Laptop & Accessory,5,positive,2025-12-17
ORD107715,1585,P0008,Laptop & Accessory,5,positive,2026-03-03
ORD107125,108,P0032,Household,4,positive,2025-11-13
ORD123914,306,P0024,Mobile Phone,3,neutral,2026-07-12
ORD115401,1136,P0019,Mobile Phone,4,positive,2025-11-04
ORD121512,3234,P0006,Laptop & Accessory,3,neutral,2026-04-29
ORD109345,1243,P0010,Laptop & Accessory,3,neutral,2025-10-07
ORD119741,291,P0010,Laptop & Accessory,4,positive,2025-11-05
ORD111401,2925,P0065,Grocery,5,positive,2025-10-10
ORD122200,2075,P0006,Laptop & Accessory,5,positive,2026-07-04
ORD122328,1128,P0010,Laptop & Accessory,3,neutral,2025-11-14
ORD117614,3331,P0046,Fashion,3,neutral,2026-04-30
ORD114807,3010,P0028,Household,4,positive,2026-04-23
ORD117897,543,P0011,Laptop & Accessory,5,positive,2025-11-26
ORD123265,151,P0004,Laptop & Accessory,4,positive,2026-07-09
ORD109644,1045,P0010,Laptop & Accessory,4,positive,2025-10-13
ORD111920,3739,P0029,Household,4,positive,2026-01-27
ORD106828,327,P0018,Mobile Phone,3,neutral,2026-08-15
ORD111694,4500,P0047,Fashion,4,positive,2026-07-14
ORD109698,540,P0005,Laptop & Accessory,4,positive,2025-11-18
ORD120753,4408,P0010,Laptop & Accessory,4,positive,2025-09-03
ORD117252,2069,P0016,Mobile Phone,4,positive,2026-06-13
ORD100735,812,P0005,Laptop & Accessory,4,positive,2025-11-09
ORD119614,2537,P0012,Laptop & Accessory,4,positive,2026-04-15
ORD109526,2294,P0025,Household,5,positive,2026-03-11
ORD111938,3582,P0017,Mobile Phone,4,positive,2026-05-10
ORD124754,11,P0045,Fashion,4,positive,2026-01-28
ORD118762,3254,P0033,Household,5,positive,2025-09-29
ORD114905,332,P0008,Laptop & Accessory,4,positive,2026-03-08
ORD108093,494,P0024,Mobile Phone,5,positive,2026-08-19
ORD119588,1948,P0058,Others,4,positive,2025-09-04
ORD118099,3534,P0035,Household,5,positive,2026-05-04
ORD119035,395,P0006,Laptop & Accessory,4,positive,2025-11-10
ORD108991,80,P0037,Fashion,4,positive,2025-12-28
ORD124276,3109,P0012,Laptop & Accessory,3,neutral,2026-01-16
ORD115834,4139,P0058,Others,4,positive,2026-05-16
ORD110311,611,P0010,Laptop & Accessory,5,positive,2026-04-15
ORD117916,1690,P0013,Mobile Phone,4,positive,2025-10-26
ORD110158,2244,P0019,Mobile Phone,4,positive,2026-05-20
ORD122596,98,P0010,Laptop & Accessory,4,positive,2026-04-08
ORD122112,1774,P0001,Laptop & Accessory,4,positive,2026-04-29
ORD120447,634,P0010,Laptop & Accessory,2,negative,2025-11-08
ORD100161,2491,P0004,Laptop & Accessory,5,positive,2026-01-07
ORD104015,2117,P0009,Laptop & Accessory,4,positive,2025-08-19
ORD107590,922,P0043,Fashion,4,positive,2026-06-13
ORD123061,3863,P0018,Mobile Phone,5,positive,2026-05-28
ORD121510,387,P0018,Mobile Phone,4,positive,2026-06-24
ORD110573,2611,P0010,Laptop & Accessory,5,positive,2025-10-23
ORD114141,534,P0010,Laptop & Accessory,4,positive,2026-08-16
ORD106567,3851,P0010,Laptop & Accessory,5,positive,2025-09-01
ORD120389,4338,P0069,Grocery,4,positive,2026-03-25
ORD125232,2252,P0024,Mobile Phone,4,positive,2025-11-12
ORD120354,3504,P0008,Laptop & Accessory,4,positive,2026-02-01
ORD115735,3974,P0004,Laptop & Accessory,4,positive,2025-10-24
ORD101151,3758,P0002,Laptop & Accessory,4,positive,2025-10-07
ORD116443,4011,P0015,Mobile Phone,5,positive,2026-01-06
ORD113012,1504,P0010,Laptop & Accessory,4,positive,2025-10-25
ORD116875,3645,P0019,Mobile Phone,4,positive,2026-07-27
ORD125186,3448,P0010,Laptop & Accessory,4,positive,2025-12-08
ORD108172,2883,P0055,Others,3,neutral,2026-01-03
ORD118295,715,P0029,Household,5,positive,2026-02-08
ORD119317,737,P0010,Laptop & Accessory,3,neutral,2026-05-19
ORD119088,4206,P0008,Laptop & Accessory,4,positive,2026-08-23
ORD121076,29,P0030,Household,3,neutral,2025-08-06
ORD104748,3487,P0010,Laptop & Accessory,4,positive,2025-11-07
ORD113361,559,P0001,Laptop & Accessory,5,positive,2026-08-26
ORD124374,528,P0047,Fashion,5,positive,2026-02-03
ORD100406,3796,P0019,Mobile Phone,4,positive,2026-08-26
ORD104094,984,P0006,Laptop & Accessory,4,positive,2026-02-14
ORD119819,3671,P0018,Mobile Phone,4,positive,2026-01-18
ORD120679,3358,P0048,Fashion,3,neutral,2026-03-31
ORD115617,2202,P0069,Grocery,4,positive,2026-03-24
ORD123806,3218,P0035,Household,4,positive,2026-02-09
ORD108161,282,P0029,Household,4,positive,2026-06-22
ORD125522,675,P0033,Household,4,positive,2026-05-27
ORD122588,101,P0012,Laptop & Accessory,4,positive,2025-11-04
ORD115531,794,P0024,Mobile Phone,4,positive,2026-05-05
ORD118722,2289,P0022,Mobile Phone,3,neutral,2025-11-11
ORD111503,3254,P0029,Household,3,neutral,2026-08-25
ORD121643,223,P0010,Laptop & Accessory,4,positive,2026-08-11
ORD115218,3916,P0021,Mobile Phone,4,positive,2025-11-05
ORD120657,52,P0024,Mobile Phone,4,positive,2025-11-06
ORD111481,4255,P0035,Household,4,positive,2026-02-18
ORD104535,1758,P0012,Laptop & Accessory,4,positive,2026-02-18
ORD100296,1133,P0018,Mobile Phone,4,positive,2025-08-29
ORD125134,920,P0029,Household,4,positive,2025-11-04
ORD107233,1579,P0023,Mobile Phone,4,positive,2026-01-30
ORD124241,834,P0009,Laptop & Accessory,4,positive,2026-04-12
ORD121589,549,P0013,Mobile Phone,4,positive,2026-05-28
ORD108681,1555,P0012,Laptop & Accessory,5,positive,2025-11-15
ORD118104,3694,P0016,Mobile Phone,5,positive,2026-07-10
ORD122850,1293,P0010,Laptop & Accessory,4,positive,2026-02-03
ORD125573,1106,P0012,Laptop & Accessory,4,positive,2026-04-16
ORD106484,1245,P0004,Laptop & Accessory,4,positive,2025-11-07
ORD101555,5,P0069,Grocery,5,positive,2026-06-11
ORD123802,4303,P0003,Laptop & Accessory,4,positive,2025-11-10
ORD118729,637,P0010,Laptop & Accessory,5,positive,2026-06-20
ORD121577,370,P0004,Laptop & Accessory,4,positive,2026-08-29
ORD117637,442,P0011,Laptop & Accessory,5,positive,2025-11-06
ORD119025,340,P0010,Laptop & Accessory,3,neutral,2026-06-23
ORD110612,4454,P0068,Grocery,5,positive,2026-03-28
ORD108970,2275,P0020,Mobile Phone,4,positive,2026-05-29
ORD125541,1843,P0006,Laptop & Accessory,3,neutral,2026-08-04
ORD108935,50,P0002,Laptop & Accessory,5,positive,2025-11-27
ORD123602,2979,P0018,Mobile Phone,5,positive,2026-02-24
ORD109571,4131,P0013,Mobile Phone,5,positive,2025-12-09
ORD111205,3567,P0023,Mobile Phone,4,positive,2025-09-21
ORD122499,2359,P0013,Mobile Phone,4,positive,2026-03-11
ORD124099,1126,P0048,Fashion,4,positive,2026-07-27
ORD120466,421,P0010,Laptop & Accessory,4,positive,2026-02-11
ORD114488,2566,P0018,Mobile Phone,4,positive,2025-11-04
ORD110419,77,P0008,Laptop & Accessory,4,positive,2025-09-06
ORD111034,288,P0006,Laptop & Accessory,4,positive,2026-01-18
ORD107743,2041,P0023,Mobile Phone,4,positive,2026-08-05
ORD108813,267,P0010,Laptop & Accessory,5,positive,2025-09-09
ORD100843,2614,P0004,Laptop & Accessory,4,positive,2026-05-08
ORD114979,332,P0008,Laptop & Accessory,3,neutral,2026-06-01
ORD101328,144,P0029,Household,4,positive,2026-01-20
ORD103885,2880,P0056,Others,5,positive,2026-04-19
ORD113029,1657,P0002,Laptop & Accessory,5,positive,2026-07-27
ORD103060,1185,P0049,Others,4,positive,2026-01-28
ORD108787,3134,P0032,Household,4,positive,2025-08-17
ORD124613,284,P0008,Laptop & Accessory,5,positive,2026-07-31
ORD117148,1980,P0012,Laptop & Accessory,5,positive,2026-06-10
ORD124886,69,P0039,Fashion,5,positive,2025-09-24
ORD104498,190,P0040,Fashion,3,neutral,2026-03-07
ORD125627,1788,P0055,Others,4,positive,2025-11-16
ORD113889,535,P0007,Laptop & Accessory,3,neutral,2025-11-18
ORD118577,251,P0010,Laptop & Accessory,4,positive,2026-08-30
ORD110842,1849,P0013,Mobile Phone,4,positive,2026-08-03
ORD115807,3556,P0024,Mobile Phone,3,neutral,2026-04-12
ORD110502,845,P0011,Laptop & Accessory,5,positive,2025-08-12
ORD123875,1013,P0029,Household,5,positive,2026-07-07
ORD124224,950,P0066,Grocery,3,neutral,2025-12-18
ORD121618,1885,P0018,Mobile Phone,5,positive,2026-01-07
ORD105463,1614,P0013,Mobile Phone,3,neutral,2025-12-06
ORD125165,1835,P0014,Mobile Phone,4,positive,2026-02-11
ORD111832,295,P0030,Household,4,positive,2026-02-23
ORD115036,333,P0021,Mobile Phone,3,neutral,2026-07-02
ORD111709,918,P0047,Fashion,5,positive,2025-11-26
ORD114159,1078,P0010,Laptop & Accessory,4,positive,2026-01-05
ORD118651,444,P0071,Grocery,4,positive,2026-04-30
ORD115760,3222,P0006,Laptop & Accessory,4,positive,2026-01-21
ORD112068,3793,P0004,Laptop & Accessory,3,neutral,2026-04-05
ORD101475,3886,P0030,Household,4,positive,2026-07-23
ORD124845,3142,P0024,Mobile Phone,4,positive,2026-08-30
ORD101336,1978,P0006,Laptop & Accessory,5,positive,2025-11-15
ORD113027,1059,P0004,Laptop & Accessory,4,positive,2025-10-15
ORD109126,2867,P0010,Laptop & Accessory,3,neutral,2026-06-22
ORD103961,1739,P0013,Mobile Phone,4,positive,2026-08-26
ORD123685,2308,P0022,Mobile Phone,4,positive,2025-11-03
ORD123104,2041,P0018,Mobile Phone,5,positive,2026-02-06
ORD118554,2188,P0024,Mobile Phone,4,positive,2026-01-24
ORD112703,1611,P0006,Laptop & Accessory,4,positive,2026-04-07
ORD116704,1438,P0018,Mobile Phone,4,positive,2025-10-18
ORD120997,2263,P0018,Mobile Phone,4,positive,2025-08-18
ORD110658,1065,P0006,Laptop & Accessory,5,positive,2026-08-31
ORD105026,194,P0003,Laptop & Accessory,4,positive,2025-11-16
ORD117958,1798,P0038,Fashion,4,positive,2025-12-10
ORD102811,1132,P0038,Fashion,5,positive,2026-06-29
ORD105205,3654,P0006,Laptop & Accessory,5,positive,2026-01-30
ORD116080,351,P0018,Mobile Phone,4,positive,2025-10-16
ORD124469,772,P0037,Fashion,4,positive,2026-02-22
ORD115220,3669,P0033,Household,5,positive,2025-11-27
ORD114678,1506,P0018,Mobile Phone,5,positive,2025-12-27
ORD122652,2277,P0055,Others,4,positive,2026-04-28
ORD105024,4347,P0038,Fashion,5,positive,2025-10-07
ORD100654,474,P0041,Fashion,5,positive,2026-05-28
ORD107311,2226,P0061,Grocery,5,positive,2026-06-10
ORD121553,4484,P0018,Mobile Phone,4,positive,2026-03-10
ORD114392,3262,P0010,Laptop & Accessory,5,positive,2026-05-25
ORD116547,2905,P0036,Household,5,positive,2025-08-21
ORD119836,3160,P0011,Laptop & Accessory,5,positive,2026-06-19
ORD109153,4518,P0029,Household,4,positive,2026-06-09
ORD102980,1749,P0021,Mobile Phone,4,positive,2026-03-02
ORD110051,1150,P0005,Laptop & Accessory,4,positive,2025-11-14
ORD106349,121,P0010,Laptop & Accessory,4,positive,2026-05-03
ORD104076,2866,P0013,Mobile Phone,3,neutral,2025-09-07
ORD122953,5,P0020,Mobile Phone,5,positive,2026-05-29
ORD115304,3497,P0035,Household,5,positive,2025-09-13
ORD109267,2644,P0010,Laptop & Accessory,4,positive,2026-04-09
ORD122974,824,P0006,Laptop & Accessory,3,neutral,2025-12-23
ORD121299,2329,P0018,Mobile Phone,3,neutral,2026-02-23
ORD108400,227,P0046,Fashion,4,positive,2026-03-09
ORD125887,2928,P0031,Household,5,positive,2026-01-10
ORD107080,42,P0018,Mobile Phone,4,positive,2026-05-02
ORD112271,144,P0008,Laptop & Accessory,4,positive,2026-01-06
ORD107647,4319,P0020,Mobile Phone,4,positive,2026-02-04
ORD107728,2531,P0017,Mobile Phone,4,positive,2026-03-21
ORD120304,2992,P0009,Laptop & Accessory,3,neutral,2026-07-30
ORD117339,2241,P0022,Mobile Phone,3,neutral,2025-08-31
ORD102008,287,P0043,Fashion,5,positive,2026-07-16
ORD101857,398,P0018,Mobile Phone,4,positive,2026-06-27
ORD104266,823,P0010,Laptop & Accessory,3,neutral,2026-06-15
ORD118187,204,P0031,Household,4,positive,2025-08-28
ORD103503,2630,P0006,Laptop & Accessory,4,positive,2026-01-24
ORD103996,2342,P0014,Mobile Phone,5,positive,2026-01-12
ORD112446,28,P0036,Household,4,positive,2026-03-03
ORD122430,2492,P0018,Mobile Phone,4,positive,2026-06-06
ORD125625,1552,P0007,Laptop & Accessory,4,positive,2026-05-29
ORD123455,2140,P0015,Mobile Phone,4,positive,2025-09-14
ORD120313,731,P0008,Laptop & Accessory,4,positive,2026-08-30
ORD119186,1353,P0006,Laptop & Accessory,3,neutral,2026-06-08
ORD121816,56,P0003,Laptop & Accessory,4,positive,2026-07-03
ORD114996,3551,P0027,Household,4,positive,2026-04-01
ORD109202,4429,P0047,Fashion,4,positive,2026-02-17
ORD111425,621,P0014,Mobile Phone,3,neutral,2025-09-08
ORD113821,1090,P0012,Laptop & Accessory,5,positive,2025-11-15
ORD122815,3377,P0001,Laptop & Accessory,4,positive,2026-06-17
ORD110644,303,P0010,Laptop & Accessory,3,neutral,2025-12-16
ORD102269,1028,P0023,Mobile Phone,4,positive,2025-12-12
ORD117127,1083,P0008,Laptop & Accessory,5,positive,2026-03-15
ORD121690,933,P0045,Fashion,4,positive,2025-10-14
ORD118298,4085,P0039,Fashion,5,positive,2025-12-19
ORD114432,1647,P0008,Laptop & Accessory,3,neutral,2026-07-14
ORD111633,2188,P0017,Mobile Phone,4,positive,2025-08-30
ORD122965,2134,P0059,Others,3,neutral,2025-11-06
ORD115088,1162,P0040,Fashion,4,positive,2025-11-06
ORD114652,1549,P0017,Mobile Phone,4,positive,2026-02-24
ORD102091,2431,P0006,Laptop & Accessory,5,positive,2026-01-04
ORD101448,1100,P0008,Laptop & Accessory,3,neutral,2026-07-25
ORD101949,316,P0012,Laptop & Accessory,5,positive,2025-11-11
ORD120020,2362,P0049,Others,4,positive,2026-01-14
ORD106676,204,P0056,Others,5,positive,2025-09-02
ORD108432,3853,P0019,Mobile Phone,3,neutral,2026-01-17
ORD106679,569,P0067,Grocery,3,neutral,2025-09-30
ORD116665,1349,P0002,Laptop & Accessory,5,positive,2025-08-21
ORD108292,282,P0004,Laptop & Accessory,4,positive,2026-08-08
ORD116713,2298,P0051,Others,3,neutral,2025-10-13
ORD125154,618,P0002,Laptop & Accessory,4,positive,2026-06-15
ORD114446,1668,P0020,Mobile Phone,4,positive,2026-06-15
ORD104004,2265,P0001,Laptop & Accessory,3,neutral,2025-10-26
ORD124502,815,P0010,Laptop & Accessory,4,positive,2026-02-26
ORD118087,3743,P0035,Household,5,positive,2026-02-04
ORD123539,1017,P0012,Laptop & Accessory,4,positive,2026-07-01
ORD103631,1006,P0031,Household,5,positive,2026-05-10
ORD111418,1021,P0027,Household,3,neutral,2026-01-29
ORD106302,2136,P0023,Mobile Phone,3,neutral,2025-11-05
ORD121688,141,P0013,Mobile Phone,3,neutral,2025-11-05
ORD103664,2540,P0009,Laptop & Accessory,5,positive,2026-05-16
ORD101047,616,P0038,Fashion,4,positive,2026-08-09
ORD115593,725,P0010,Laptop & Accessory,5,positive,2025-11-03
ORD113881,1751,P0012,Laptop & Accessory,5,positive,2025-11-11
ORD100459,965,P0011,Laptop & Accessory,4,positive,2025-12-17
ORD116814,337,P0018,Mobile Phone,5,positive,2026-05-29
ORD123378,2525,P0056,Others,5,positive,2026-06-18
ORD105487,111,P0037,Fashion,4,positive,2026-06-03
ORD103588,1118,P0009,Laptop & Accessory,5,positive,2025-08-13
ORD105559,3854,P0020,Mobile Phone,4,positive,2025-08-20
ORD100232,1672,P0041,Fashion,4,positive,2025-08-28
ORD103525,2309,P0020,Mobile Phone,4,positive,2025-10-29
ORD116870,3054,P0048,Fashion,5,positive,2026-01-30
ORD111213,1499,P0050,Others,4,positive,2026-07-11
ORD105176,1762,P0018,Mobile Phone,4,positive,2026-08-23
ORD101814,1498,P0023,Mobile Phone,4,positive,2025-08-13
ORD109085,2275,P0023,Mobile Phone,5,positive,2025-12-05
ORD119528,2045,P0018,Mobile Phone,4,positive,2025-11-06
ORD112129,2272,P0010,Laptop & Accessory,4,positive,2025-12-30
ORD109208,1053,P0006,Laptop & Accessory,4,positive,2026-03-25
ORD125932,3738,P0046,Fashion,5,positive,2026-05-13
ORD110981,4270,P0010,Laptop & Accessory,4,positive,2025-10-23
ORD125911,4,P0018,Mobile Phone,2,negative,2025-11-16
ORD116811,2294,P0017,Mobile Phone,3,neutral,2025-11-11
ORD102257,402,P0013,Mobile Phone,3,neutral,2026-02-13
ORD114287,2159,P0063,Grocery,4,positive,2026-07-14
ORD105935,2164,P0035,Household,5,positive,2026-05-17
ORD120697,604,P0003,Laptop & Accessory,3,neutral,2026-06-15
ORD105191,289,P0029,Household,4,positive,2025-10-18
ORD112856,2274,P0010,Laptop & Accessory,3,neutral,2026-03-01
ORD117181,1336,P0005,Laptop & Accessory,5,positive,2026-06-23
ORD112864,224,P0012,Laptop & Accessory,3,neutral,2026-01-07
ORD107219,2186,P0023,Mobile Phone,4,positive,2026-01-05
ORD121123,587,P0010,Laptop & Accessory,3,neutral,2025-11-13
ORD107506,4000,P0016,Mobile Phone,4,positive,2025-08-29
ORD125906,2963,P0046,Fashion,4,positive,2026-08-02
ORD109097,1042,P0040,Fashion,3,neutral,2026-03-10
ORD104180,665,P0069,Grocery,3,neutral,2025-10-26
ORD125681,1566,P0004,Laptop & Accessory,4,positive,2026-07-24
ORD119124,3239,P0031,Household,5,positive,2026-04-15
ORD117327,268,P0007,Laptop & Accessory,5,positive,2025-11-26
ORD111466,2333,P0006,Laptop & Accessory,5,positive,2026-07-02
ORD117937,599,P0041,Fashion,3,neutral,2025-11-23
ORD122847,1764,P0014,Mobile Phone,4,positive,2026-06-10
ORD107552,610,P0020,Mobile Phone,4,positive,2026-08-22
ORD105842,1760,P0015,Mobile Phone,3,neutral,2026-06-17
ORD105129,427,P0008,Laptop & Accessory,5,positive,2025-09-04
ORD112490,302,P0042,Fashion,4,positive,2025-11-07
ORD101487,1314,P0047,Fashion,5,positive,2026-04-09
ORD114441,4265,P0045,Fashion,5,positive,2025-11-19
ORD116419,504,P0006,Laptop & Accessory,5,positive,2025-12-20
ORD120383,59,P0010,Laptop & Accessory,3,neutral,2026-02-27
ORD118880,884,P0010,Laptop & Accessory,4,positive,2026-01-21
ORD111313,3957,P0010,Laptop & Accessory,4,positive,2026-03-24
ORD101071,1833,P0010,Laptop & Accessory,4,positive,2025-11-18
ORD123839,1336,P0010,Laptop & Accessory,5,positive,2025-11-08
ORD120396,4093,P0001,Laptop & Accessory,4,positive,2025-11-14
ORD123062,1750,P0010,Laptop & Accessory,5,positive,2026-06-21
ORD106719,4441,P0023,Mobile Phone,3,neutral,2026-05-11
ORD102804,2596,P0008,Laptop & Accessory,4,positive,2025-12-17
ORD109601,4483,P0024,Mobile Phone,4,positive,2025-08-06
ORD115276,4208,P0019,Mobile Phone,4,positive,2026-07-15
ORD121494,2166,P0023,Mobile Phone,4,positive,2026-06-14
ORD123146,2566,P0024,Mobile Phone,5,positive,2026-06-14
ORD120627,116,P0054,Others,4,positive,2026-04-18
ORD116078,379,P0006,Laptop & Accessory,3,neutral,2026-01-03
ORD106165,1102,P0056,Others,5,positive,2026-07-04
ORD117513,1597,P0012,Laptop & Accessory,5,positive,2026-01-16
ORD124121,3691,P0008,Laptop & Accessory,4,positive,2026-03-12
ORD101945,1025,P0039,Fashion,4,positive,2025-11-11
ORD117967,319,P0013,Mobile Phone,4,positive,2026-06-21
ORD104552,289,P0003,Laptop & Accessory,4,positive,2025-11-05
ORD109885,1338,P0012,Laptop & Accessory,4,positive,2026-06-09
ORD113054,2423,P0067,Grocery,4,positive,2025-11-15
ORD111614,1982,P0025,Household,4,positive,2025-10-01
ORD116500,2752,P0012,Laptop & Accessory,4,positive,2026-02-18
ORD118001,3893,P0069,Grocery,3,neutral,2025-10-18
ORD109913,1559,P0004,Laptop & Accessory,5,positive,2025-12-12
ORD108012,2088,P0013,Mobile Phone,5,positive,2026-08-09
ORD108479,2197,P0013,Mobile Phone,4,positive,2026-01-30
ORD102778,324,P0002,Laptop & Accessory,4,positive,2026-03-05
ORD119620,1665,P0044,Fashion,3,neutral,2026-08-02
ORD103860,222,P0010,Laptop & Accessory,4,positive,2026-04-14
ORD125994,4020,P0010,Laptop & Accessory,5,positive,2026-05-02
ORD123820,134,P0003,Laptop & Accessory,4,positive,2025-08-18
ORD101634,923,P0025,Household,3,neutral,2025-11-07
ORD106033,3154,P0034,Household,4,positive,2025-12-10
ORD123153,145,P0007,Laptop & Accessory,4,positive,2025-08-23
ORD110485,1031,P0039,Fashion,4,positive,2025-12-24
ORD110669,4356,P0009,Laptop & Accessory,4,positive,2025-11-06
ORD100624,803,P0038,Fashion,5,positive,2025-08-09
ORD111437,3394,P0006,Laptop & Accessory,4,positive,2026-03-05
ORD101123,151,P0002,Laptop & Accessory,4,positive,2025-12-09
ORD107916,1188,P0014,Mobile Phone,4,positive,2026-06-16
ORD115429,3445,P0036,Household,4,positive,2025-10-09
ORD105438,3736,P0043,Fashion,4,positive,2025-11-13
ORD123297,829,P0010,Laptop & Accessory,4,positive,2025-09-06
ORD107826,2172,P0010,Laptop & Accessory,3,neutral,2026-06-23
ORD117685,1086,P0035,Household,3,neutral,2026-02-04
ORD123167,1549,P0024,Mobile Phone,4,positive,2025-08-06
ORD100924,3376,P0033,Household,5,positive,2025-11-28
ORD102481,3594,P0013,Mobile Phone,4,positive,2025-08-18
ORD106374,1370,P0008,Laptop & Accessory,5,positive,2025-11-10
ORD104270,1226,P0043,Fashion,4,positive,2026-06-11
ORD102830,1445,P0004,Laptop & Accessory,2,negative,2026-01-17
ORD113090,107,P0024,Mobile Phone,5,positive,2026-08-06
ORD104672,3790,P0018,Mobile Phone,3,neutral,2025-12-17
ORD109380,3213,P0006,Laptop & Accessory,4,positive,2025-10-26
ORD120868,3376,P0034,Household,4,positive,2026-04-16
ORD116618,2195,P0018,Mobile Phone,4,positive,2026-07-01
ORD107592,215,P0006,Laptop & Accessory,4,positive,2026-08-07
ORD112422,3089,P0018,Mobile Phone,4,positive,2026-02-16
ORD109401,460,P0058,Others,5,positive,2025-09-05
ORD107185,2433,P0010,Laptop & Accessory,5,positive,2025-11-10
ORD102702,3535,P0028,Household,3,neutral,2025-08-19
ORD122275,2352,P0016,Mobile Phone,4,positive,2025-08-05
ORD122705,1628,P0024,Mobile Phone,4,positive,2025-11-06
ORD121975,622,P0007,Laptop & Accessory,5,positive,2025-11-05
ORD104933,1449,P0064,Grocery,5,positive,2025-11-12
ORD100090,2155,P0007,Laptop & Accessory,4,positive,2025-12-13
ORD108351,1087,P0029,Household,4,positive,2026-01-14
ORD112284,723,P0010,Laptop & Accessory,4,positive,2026-05-24
ORD109183,1593,P0045,Fashion,4,positive,2026-04-23
ORD125638,323,P0001,Laptop & Accessory,3,neutral,2026-02-06
ORD118044,541,P0031,Household,4,positive,2026-05-04
ORD122766,3453,P0018,Mobile Phone,4,positive,2026-06-13
ORD103236,2451,P0029,Household,3,neutral,2025-08-04
ORD115623,96,P0039,Fashion,5,positive,2026-05-05
ORD125388,640,P0013,Mobile Phone,4,positive,2025-11-27
ORD100318,3019,P0004,Laptop & Accessory,4,positive,2025-08-08
ORD106693,4384,P0018,Mobile Phone,4,positive,2025-12-06
ORD108255,12,P0004,Laptop & Accessory,4,positive,2026-06-16
ORD119708,1446,P0039,Fashion,4,positive,2025-08-20
ORD100738,1073,P0018,Mobile Phone,3,neutral,2026-08-05
ORD125787,1045,P0018,Mobile Phone,5,positive,2026-06-03
ORD119842,3109,P0028,Household,4,positive,2026-04-22
ORD102086,1085,P0025,Household,3,neutral,2026-01-22
ORD118966,569,P0004,Laptop & Accessory,4,positive,2025-11-04
ORD100801,3321,P0027,Household,5,positive,2026-06-23
ORD121142,1826,P0003,Laptop & Accessory,4,positive,2025-09-24
ORD113790,1011,P0023,Mobile Phone,5,positive,2026-07-05
ORD101823,2858,P0042,Fashion,3,neutral,2026-06-06
ORD105473,2903,P0031,Household,4,positive,2026-07-14
ORD118658,2407,P0023,Mobile Phone,4,positive,2025-09-09
ORD113106,305,P0046,Fashion,4,positive,2026-06-13
ORD118172,4479,P0006,Laptop & Accessory,4,positive,2026-06-17
ORD100614,2396,P0025,Household,4,positive,2026-03-27
ORD109826,4079,P0011,Laptop & Accessory,3,neutral,2026-04-02
ORD113033,3036,P0029,Household,5,positive,2025-10-07
ORD121441,1329,P0037,Fashion,4,positive,2026-01-16
ORD122484,1767,P0010,Laptop & Accessory,4,positive,2025-11-17
ORD101499,2812,P0011,Laptop & Accessory,4,positive,2026-06-09
ORD112014,295,P0008,Laptop & Accessory,5,positive,2026-02-04
ORD113489,1444,P0055,Others,5,positive,2026-06-10
ORD109634,2406,P0065,Grocery,3,neutral,2025-11-10
ORD105442,30,P0061,Grocery,5,positive,2025-10-04
ORD114005,138,P0038,Fashion,3,neutral,2025-11-17
ORD123101,440,P0008,Laptop & Accessory,3,neutral,2026-03-11
ORD112477,1636,P0043,Fashion,5,positive,2025-11-14
ORD119137,1429,P0010,Laptop & Accessory,3,neutral,2025-11-04
ORD113996,578,P0069,Grocery,5,positive,2025-09-12
ORD105768,988,P0010,Laptop & Accessory,3,neutral,2026-04-22
ORD101974,3361,P0020,Mobile Phone,4,positive,2025-09-25
ORD105763,648,P0045,Fashion,4,positive,2026-04-22
ORD113499,4184,P0032,Household,4,positive,2025-10-13
ORD105199,8,P0018,Mobile Phone,4,positive,2026-01-21
ORD119939,3741,P0070,Grocery,4,positive,2026-06-21
ORD118470,630,P0017,Mobile Phone,5,positive,2025-09-10
ORD108193,646,P0012,Laptop & Accessory,4,positive,2026-04-29
ORD100046,1671,P0008,Laptop & Accessory,4,positive,2025-11-16
ORD119337,2194,P0049,Others,5,positive,2025-10-21
ORD115966,1685,P0018,Mobile Phone,5,positive,2026-01-21
ORD117232,1399,P0007,Laptop & Accessory,5,positive,2026-03-08
ORD101698,1831,P0001,Laptop & Accessory,3,neutral,2025-10-12
ORD123756,3021,P0026,Household,3,neutral,2026-03-25
ORD107052,3518,P0032,Household,4,positive,2026-07-23
ORD119799,3662,P0049,Others,4,positive,2025-11-06
ORD121498,1837,P0002,Laptop & Accessory,4,positive,2026-06-09
ORD110163,3753,P0019,Mobile Phone,4,positive,2025-08-10
ORD116981,2445,P0024,Mobile Phone,4,positive,2025-11-09
ORD109186,3256,P0021,Mobile Phone,4,positive,2026-02-16
ORD100900,737,P0033,Household,5,positive,2025-10-06
ORD111547,4017,P0031,Household,5,positive,2025-10-11
ORD106500,3895,P0059,Others,4,positive,2026-05-26
ORD108448,1347,P0025,Household,5,positive,2025-09-08
ORD115453,1615,P0013,Mobile Phone,4,positive,2025-11-19
ORD104518,344,P0055,Others,3,neutral,2026-07-22
ORD100923,1863,P0029,Household,5,positive,2026-04-25
ORD100747,2325,P0035,Household,5,positive,2025-09-30
ORD117977,1005,P0006,Laptop & Accessory,4,positive,2025-12-17
ORD106012,300,P0046,Fashion,5,positive,2026-01-13
ORD120841,552,P0036,Household,4,positive,2025-11-12
ORD111183,277,P0050,Others,5,positive,2026-08-22
ORD115496,2999,P0008,Laptop & Accessory,4,positive,2026-01-03
ORD120413,3665,P0064,Grocery,3,neutral,2026-08-09
ORD124989,296,P0046,Fashion,3,neutral,2025-10-08
ORD115800,3756,P0032,Household,4,positive,2025-08-05
ORD106819,2287,P0069,Grocery,5,positive,2026-04-03
ORD113034,2377,P0018,Mobile Phone,5,positive,2026-06-05
ORD103556,908,P0045,Fashion,4,positive,2026-04-29
ORD125157,88,P0024,Mobile Phone,4,positive,2025-11-05
ORD110151,2574,P0021,Mobile Phone,4,positive,2026-01-06
ORD108183,2114,P0025,Household,5,positive,2026-06-16
ORD106996,3228,P0010,Laptop & Accessory,5,positive,2026-04-19
ORD121650,2124,P0029,Household,3,neutral,2026-06-22
ORD113028,2406,P0024,Mobile Phone,4,positive,2025-11-15
ORD103904,4287,P0006,Laptop & Accessory,4,positive,2026-08-10
ORD123343,1798,P0010,Laptop & Accessory,3,neutral,2025-11-17
ORD100582,335,P0009,Laptop & Accessory,4,positive,2026-05-19
ORD115319,55,P0004,Laptop & Accessory,4,positive,2025-09-22
ORD122777,2020,P0012,Laptop & Accessory,4,positive,2025-08-07
ORD123099,2272,P0010,Laptop & Accessory,4,positive,2026-01-25
ORD104177,4130,P0019,Mobile Phone,5,positive,2026-04-16
ORD115810,179,P0010,Laptop & Accessory,4,positive,2026-06-16
ORD101995,118,P0046,Fashion,4,positive,2026-01-14
ORD101833,4087,P0025,Household,4,positive,2025-11-20
ORD117938,3895,P0015,Mobile Phone,4,positive,2026-02-02
ORD114703,1465,P0015,Mobile Phone,4,positive,2026-01-20
ORD116678,1772,P0053,Others,4,positive,2025-09-07
ORD117751,438,P0008,Laptop & Accessory,4,positive,2026-02-28
ORD121054,125,P0008,Laptop & Accessory,4,positive,2025-11-18
ORD114412,1371,P0046,Fashion,4,positive,2026-05-13
ORD121290,832,P0015,Mobile Phone,4,positive,2025-11-28
ORD106756,77,P0005,Laptop & Accessory,4,positive,2025-11-09
ORD108383,635,P0069,Grocery,5,positive,2025-12-25
ORD122851,188,P0038,Fashion,4,positive,2025-11-11
ORD102854,4052,P0037,Fashion,3,neutral,2025-08-11
ORD117760,3266,P0014,Mobile Phone,4,positive,2026-03-24
ORD124598,2744,P0055,Others,3,neutral,2026-06-16
ORD118863,970,P0008,Laptop & Accessory,4,positive,2025-12-08
ORD123648,2071,P0018,Mobile Phone,4,positive,2026-08-25
ORD118561,3822,P0020,Mobile Phone,3,neutral,2025-11-12
ORD103780,2037,P0024,Mobile Phone,4,positive,2025-09-16
ORD101332,1487,P0010,Laptop & Accessory,5,positive,2025-11-17
ORD117510,2141,P0010,Laptop & Accessory,3,neutral,2025-11-05
ORD111127,1417,P0017,Mobile Phone,5,positive,2025-11-02
ORD120119,1562,P0014,Mobile Phone,3,neutral,2026-04-05
ORD120156,1104,P0010,Laptop & Accessory,5,positive,2025-11-05
ORD107459,1745,P0015,Mobile Phone,5,positive,2026-02-18
ORD105745,2802,P0006,Laptop & Accessory,4,positive,2025-10-14
ORD112410,478,P0045,Fashion,4,positive,2026-02-13
ORD125822,285,P0001,Laptop & Accessory,4,positive,2025-11-19
ORD105830,180,P0006,Laptop & Accessory,4,positive,2025-12-17
ORD114258,168,P0045,Fashion,4,positive,2025-12-22
ORD119429,222,P0012,Laptop & Accessory,5,positive,2026-04-24
ORD113992,662,P0010,Laptop & Accessory,5,positive,2025-08-26
ORD118540,1829,P0046,Fashion,4,positive,2026-01-28
ORD117564,1296,P0018,Mobile Phone,5,positive,2025-11-05
ORD121791,1231,P0048,Fashion,4,positive,2026-08-05
ORD124786,3284,P0032,Household,4,positive,2026-06-21
ORD115596,1350,P0004,Laptop & Accessory,5,positive,2025-11-18
ORD124075,1012,P0043,Fashion,3,neutral,2025-09-13
ORD125296,3935,P0017,Mobile Phone,4,positive,2026-04-30
ORD107338,3743,P0035,Household,3,neutral,2026-04-30
ORD117818,49,P0009,Laptop & Accessory,4,positive,2026-01-01
ORD119599,1308,P0030,Household,3,neutral,2025-11-01
ORD122152,179,P0004,Laptop & Accessory,4,positive,2026-03-21
ORD101350,2451,P0023,Mobile Phone,5,positive,2025-09-10
ORD110063,381,P0044,Fashion,5,positive,2026-08-25
ORD113953,338,P0041,Fashion,2,negative,2026-06-12
ORD110757,3746,P0011,Laptop & Accessory,4,positive,2025-12-20
ORD116524,1689,P0013,Mobile Phone,3,neutral,2026-05-20
ORD102573,109,P0038,Fashion,5,positive,2025-12-13
ORD116705,1329,P0039,Fashion,5,positive,2026-05-03
ORD114087,194,P0007,Laptop & Accessory,3,neutral,2025-11-12
ORD109992,1582,P0018,Mobile Phone,5,positive,2025-11-10
ORD106247,1409,P0021,Mobile Phone,4,positive,2025-11-11
ORD119459,1678,P0006,Laptop & Accessory,4,positive,2025-10-20
ORD108196,3431,P0035,Household,4,positive,2026-04-08
ORD101990,3860,P0022,Mobile Phone,4,positive,2026-05-16
ORD107832,481,P0043,Fashion,5,positive,2026-02-27
ORD121985,3072,P0018,Mobile Phone,3,neutral,2026-07-30
ORD119532,4239,P0029,Household,3,neutral,2025-11-12
ORD107372,3351,P0003,Laptop & Accessory,4,positive,2026-03-31
ORD112961,2276,P0059,Others,3,neutral,2025-11-29
ORD124630,939,P0026,Household,4,positive,2026-06-14
ORD106140,561,P0042,Fashion,4,positive,2025-11-18
ORD114954,3138,P0029,Household,4,positive,2025-12-20
ORD103496,3300,P0011,Laptop & Accessory,5,positive,2026-08-29
ORD113654,220,P0039,Fashion,5,positive,2025-12-01
ORD109994,175,P0006,Laptop & Accessory,4,positive,2025-08-07
ORD103586,1871,P0012,Laptop & Accessory,4,positive,2025-11-16
ORD106424,35,P0018,Mobile Phone,4,positive,2025-08-14
ORD100805,4076,P0032,Household,5,positive,2026-05-31
ORD108127,2875,P0035,Household,4,positive,2025-11-29
ORD111916,2967,P0046,Fashion,5,positive,2025-11-18
ORD101609,188,P0045,Fashion,4,positive,2025-09-05
ORD119369,2210,P0032,Household,4,positive,2026-03-23
ORD104644,92,P0049,Others,4,positive,2026-02-07
ORD111371,4041,P0010,Laptop & Accessory,5,positive,2025-11-05
ORD102993,2371,P0013,Mobile Phone,4,positive,2025-09-16
ORD124648,13,P0069,Grocery,3,neutral,2025-12-14
ORD105881,413,P0007,Laptop & Accessory,5,positive,2026-02-22
ORD116592,2199,P0006,Laptop & Accessory,4,positive,2026-04-19
ORD107159,2927,P0052,Others,4,positive,2025-10-09
ORD108235,1831,P0005,Laptop & Accessory,4,positive,2025-09-14
ORD118457,569,P0012,Laptop & Accessory,3,neutral,2026-04-11
ORD120896,1174,P0010,Laptop & Accessory,4,positive,2025-11-25
ORD108123,344,P0038,Fashion,5,positive,2026-05-23
ORD112110,2184,P0018,Mobile Phone,3,neutral,2026-03-17
ORD116091,3671,P0018,Mobile Phone,4,positive,2026-01-21
ORD119101,3538,P0036,Household,5,positive,2025-10-16
ORD123590,2991,P0010,Laptop & Accessory,4,positive,2026-06-16
ORD114315,656,P0009,Laptop & Accessory,3,neutral,2025-09-17
ORD111682,663,P0012,Laptop & Accessory,3,neutral,2025-12-12
ORD117563,2008,P0001,Laptop & Accessory,3,neutral,2025-11-17
ORD110890,764,P0011,Laptop & Accessory,4,positive,2026-06-16
ORD125734,3148,P0041,Fashion,4,positive,2026-01-10
ORD105828,3568,P0011,Laptop & Accessory,4,positive,2026-02-18
ORD123581,1664,P0048,Fashion,4,positive,2026-03-04
ORD121501,3017,P0006,Laptop & Accessory,4,positive,2025-12-21
ORD115888,1945,P0017,Mobile Phone,5,positive,2026-03-28
ORD110998,657,P0003,Laptop & Accessory,5,positive,2025-10-14
ORD112216,1736,P0014,Mobile Phone,4,positive,2025-09-24
ORD117466,1022,P0008,Laptop & Accessory,4,positive,2026-01-01
ORD116129,2640,P0010,Laptop & Accessory,4,positive,2025-08-22
ORD103685,2970,P0070,Grocery,5,positive,2026-06-17
ORD115545,728,P0010,Laptop & Accessory,5,positive,2026-08-29
ORD113205,678,P0026,Household,5,positive,2026-06-15
ORD125866,3550,P0031,Household,4,positive,2026-01-22
ORD119359,1583,P0008,Laptop & Accessory,5,positive,2025-09-24
ORD110623,108,P0006,Laptop & Accessory,3,neutral,2026-05-19
ORD125215,1480,P0046,Fashion,4,positive,2025-11-07
ORD117915,3041,P0013,Mobile Phone,5,positive,2025-08-07
ORD118634,4078,P0040,Fashion,4,positive,2025-11-14
ORD115373,984,P0010,Laptop & Accessory,4,positive,2026-06-16
ORD118009,2435,P0049,Others,2,negative,2026-06-16
ORD125649,3741,P0061,Grocery,4,positive,2026-07-24
ORD100507,502,P0011,Laptop & Accessory,3,neutral,2026-08-14
ORD123632,1414,P0018,Mobile Phone,2,negative,2026-01-06
ORD116683,530,P0038,Fashion,5,positive,2026-01-05
ORD108868,422,P0012,Laptop & Accessory,4,positive,2025-08-14
ORD116058,2222,P0035,Household,3,neutral,2025-11-12
ORD100139,1172,P0069,Grocery,4,positive,2026-02-15
ORD103604,332,P0010,Laptop & Accessory,4,positive,2026-06-09
ORD106875,97,P0047,Fashion,5,positive,2026-03-10
ORD104444,2405,P0069,Grocery,4,positive,2026-05-01
ORD109573,565,P0010,Laptop & Accessory,4,positive,2026-07-19
ORD115235,1719,P0013,Mobile Phone,4,positive,2026-04-19
ORD107974,2035,P0013,Mobile Phone,4,positive,2026-04-23
ORD121722,2908,P0009,Laptop & Accessory,4,positive,2025-08-09
ORD111531,3701,P0013,Mobile Phone,4,positive,2025-10-13
ORD111315,733,P0010,Laptop & Accessory,5,positive,2025-08-26
ORD102752,3841,P0010,Laptop & Accessory,5,positive,2026-03-10
ORD111563,2148,P0013,Mobile Phone,4,positive,2026-08-09
ORD106109,4197,P0030,Household,2,negative,2025-10-28
ORD123201,1775,P0010,Laptop & Accessory,4,positive,2026-02-23
ORD114892,2278,P0003,Laptop & Accessory,3,neutral,2026-01-19
ORD120006,1021,P0018,Mobile Phone,3,neutral,2025-12-14
ORD119273,3774,P0018,Mobile Phone,4,positive,2026-07-20
ORD106021,4154,P0031,Household,3,neutral,2026-04-23
ORD101737,3013,P0039,Fashion,4,positive,2026-08-19
ORD118493,1433,P0006,Laptop & Accessory,4,positive,2026-06-16
ORD124467,1801,P0062,Grocery,5,positive,2026-05-24
ORD115438,3821,P0029,Household,4,positive,2025-08-19
ORD116410,3165,P0053,Others,5,positive,2025-11-11
ORD110132,3839,P0003,Laptop & Accessory,5,positive,2025-12-02
ORD113158,32,P0010,Laptop & Accessory,5,positive,2026-08-03
ORD109169,1211,P0006,Laptop & Accessory,4,positive,2026-02-11
ORD110466,2566,P0020,Mobile Phone,4,positive,2026-06-18
ORD113388,972,P0043,Fashion,5,positive,2025-11-04
ORD120523,77,P0010,Laptop & Accessory,2,negative,2025-11-16
ORD104507,2962,P0046,Fashion,4,positive,2026-03-28
ORD115245,4209,P0024,Mobile Phone,5,positive,2026-03-04
ORD100974,573,P0011,Laptop & Accessory,5,positive,2026-01-12
ORD108623,4306,P0009,Laptop & Accessory,4,positive,2026-05-05
ORD125711,2280,P0020,Mobile Phone,5,positive,2025-10-02
ORD114072,170,P0059,Others,4,positive,2025-11-22
ORD121836,2556,P0010,Laptop & Accessory,3,neutral,2026-01-15
ORD106652,1414,P0017,Mobile Phone,3,neutral,2026-04-14
ORD115052,811,P0029,Household,3,neutral,2025-08-16
ORD121538,120,P0059,Others,5,positive,2026-04-18
ORD115914,303,P0007,Laptop & Accessory,4,positive,2025-08-16
ORD116859,3958,P0010,Laptop & Accessory,4,positive,2026-02-26
ORD113873,1112,P0042,Fashion,4,positive,2025-10-29
ORD108374,1818,P0018,Mobile Phone,4,positive,2026-02-16
ORD118173,111,P0007,Laptop & Accessory,3,neutral,2026-06-21
ORD107487,3762,P0018,Mobile Phone,4,positive,2026-04-11
ORD116357,2618,P0018,Mobile Phone,3,neutral,2025-10-12
ORD116783,1894,P0019,Mobile Phone,4,positive,2026-03-07
ORD114959,1331,P0011,Laptop & Accessory,5,positive,2026-07-14
ORD122041,2609,P0010,Laptop & Accessory,3,neutral,2025-11-11
ORD109947,3033,P0032,Household,3,neutral,2026-02-23
ORD104016,281,P0010,Laptop & Accessory,5,positive,2026-05-22
ORD119478,355,P0012,Laptop & Accessory,5,positive,2026-06-09
ORD102199,171,P0061,Grocery,5,positive,2025-09-22
ORD103039,2533,P0027,Household,4,positive,2026-06-17
ORD116222,3740,P0045,Fashion,4,positive,2026-01-28
ORD105223,3970,P0020,Mobile Phone,5,positive,2025-10-14
ORD104331,2445,P0006,Laptop & Accessory,4,positive,2025-11-10
ORD101610,884,P0005,Laptop & Accessory,4,positive,2026-02-11
ORD107210,533,P0053,Others,4,positive,2026-08-29
ORD122272,4344,P0014,Mobile Phone,3,neutral,2026-05-20
ORD122595,124,P0046,Fashion,4,positive,2026-04-24
ORD110830,2784,P0010,Laptop & Accessory,4,positive,2026-07-11
ORD106107,426,P0010,Laptop & Accessory,3,neutral,2025-09-23
ORD123249,4007,P0012,Laptop & Accessory,5,positive,2026-06-22
ORD109789,3562,P0015,Mobile Phone,4,positive,2025-10-15
ORD103591,1138,P0011,Laptop & Accessory,4,positive,2026-04-05
ORD109386,2905,P0018,Mobile Phone,4,positive,2026-05-03
ORD123073,534,P0008,Laptop & Accessory,4,positive,2025-09-06
ORD113824,92,P0009,Laptop & Accessory,3,neutral,2026-02-28
ORD100962,2993,P0046,Fashion,5,positive,2025-11-05
ORD104536,1746,P0045,Fashion,3,neutral,2025-12-03
ORD104760,612,P0002,Laptop & Accessory,4,positive,2026-01-20
ORD125802,1126,P0043,Fashion,3,neutral,2026-01-21
ORD116708,2750,P0009,Laptop & Accessory,5,positive,2026-05-19
ORD111406,2289,P0018,Mobile Phone,3,neutral,2026-02-03
ORD118224,640,P0018,Mobile Phone,3,neutral,2026-08-31
ORD114971,3495,P0031,Household,4,positive,2026-06-19
ORD101682,2279,P0018,Mobile Phone,4,positive,2025-09-02
ORD113935,2868,P0010,Laptop & Accessory,3,neutral,2026-01-10
ORD101628,1301,P0053,Others,4,positive,2025-10-20
ORD124449,3775,P0013,Mobile Phone,4,positive,2025-08-24
ORD118608,1693,P0005,Laptop & Accessory,4,positive,2025-11-01
ORD125350,96,P0045,Fashion,4,positive,2025-08-07
ORD123949,71,P0006,Laptop & Accessory,4,positive,2025-10-14
ORD120579,2976,P0013,Mobile Phone,4,positive,2025-11-30
ORD123943,497,P0008,Laptop & Accessory,3,neutral,2026-06-13
ORD120114,1265,P0035,Household,5,positive,2025-09-15
ORD112574,2067,P0052,Others,4,positive,2026-04-16
ORD108816,2401,P0010,Laptop & Accessory,4,positive,2025-12-19
ORD101158,4416,P0018,Mobile Phone,4,positive,2026-08-20
ORD124801,879,P0040,Fashion,4,positive,2025-09-28
ORD115038,4399,P0009,Laptop & Accessory,3,neutral,2025-10-16
ORD118069,1379,P0010,Laptop & Accessory,5,positive,2026-01-18
ORD110412,3602,P0016,Mobile Phone,5,positive,2026-06-26
ORD118520,633,P0023,Mobile Phone,4,positive,2025-11-05
ORD124639,2089,P0019,Mobile Phone,4,positive,2026-06-22
ORD104430,4265,P0046,Fashion,5,positive,2026-07-26
ORD102736,1510,P0001,Laptop & Accessory,5,positive,2025-10-11
ORD104517,926,P0031,Household,5,positive,2025-11-07
ORD118876,3582,P0021,Mobile Phone,4,positive,2025-08-29
ORD118422,2998,P0045,Fashion,4,positive,2026-03-14
ORD122656,3168,P0057,Others,3,neutral,2026-07-19
ORD104822,579,P0018,Mobile Phone,5,positive,2026-07-10
ORD106708,3937,P0049,Others,4,positive,2025-11-19
ORD104881,3657,P0006,Laptop & Accessory,5,positive,2026-04-12
ORD117606,2018,P0025,Household,3,neutral,2025-12-23
ORD114080,1550,P0010,Laptop & Accessory,4,positive,2025-10-05
ORD117383,2352,P0037,Fashion,3,neutral,2026-01-24
ORD113626,3833,P0016,Mobile Phone,3,neutral,2026-05-17
ORD117412,737,P0012,Laptop & Accessory,4,positive,2026-08-13
ORD111154,1229,P0048,Fashion,4,positive,2025-10-21
ORD100298,3928,P0010,Laptop & Accessory,4,positive,2025-11-19
ORD125258,1232,P0009,Laptop & Accessory,5,positive,2026-08-06
ORD101637,117,P0029,Household,5,positive,2026-06-03
ORD108017,1767,P0006,Laptop & Accessory,4,positive,2026-03-26
ORD107683,4159,P0072,Grocery,5,positive,2025-11-15
ORD105314,2151,P0007,Laptop & Accessory,4,positive,2025-11-24
ORD117296,1109,P0002,Laptop & Accessory,3,neutral,2026-03-18
ORD123745,2715,P0031,Household,4,positive,2026-02-02
ORD107536,3151,P0045,Fashion,5,positive,2026-07-19
ORD122105,1546,P0016,Mobile Phone,4,positive,2025-11-11
ORD103101,1678,P0008,Laptop & Accessory,3,neutral,2025-09-19
ORD124797,2435,P0044,Fashion,5,positive,2025-10-25
ORD105613,2275,P0019,Mobile Phone,3,neutral,2026-06-15
ORD124209,2034,P0008,Laptop & Accessory,4,positive,2026-04-14
ORD108928,1140,P0010,Laptop & Accessory,5,positive,2025-08-26
ORD110197,766,P0010,Laptop & Accessory,4,positive,2026-02-12
ORD109704,3788,P0020,Mobile Phone,4,positive,2025-11-04
ORD125728,3106,P0002,Laptop & Accessory,5,positive,2026-04-29
ORD102020,3169,P0024,Mobile Phone,4,positive,2025-10-06
ORD118084,1014,P0025,Household,5,positive,2026-05-22
ORD117843,499,P0035,Household,4,positive,2026-06-19
ORD105256,88,P0010,Laptop & Accessory,4,positive,2026-08-07
ORD114637,3560,P0005,Laptop & Accessory,5,positive,2025-11-12
ORD104647,3028,P0028,Household,4,positive,2026-06-11
ORD111708,372,P0046,Fashion,5,positive,2025-10-30
ORD120266,3980,P0012,Laptop & Accessory,4,positive,2025-09-10
ORD113108,2046,P0038,Fashion,4,positive,2026-04-19
ORD110719,1132,P0037,Fashion,4,positive,2025-09-30
ORD114276,2968,P0064,Grocery,5,positive,2026-07-09
ORD100770,181,P0026,Household,4,positive,2025-11-23
ORD119175,2002,P0029,Household,4,positive,2025-10-03
ORD118943,602,P0039,Fashion,4,positive,2026-02-04
ORD121783,4392,P0021,Mobile Phone,4,positive,2025-12-30
ORD102084,2179,P0004,Laptop & Accessory,4,positive,2026-08-09
ORD106743,4487,P0055,Others,4,positive,2026-07-22
ORD107533,3686,P0029,Household,4,positive,2026-06-18
ORD106640,3135,P0029,Household,5,positive,2025-11-07
ORD110440,1532,P0026,Household,5,positive,2026-05-06
ORD111691,1574,P0004,Laptop & Accessory,4,positive,2026-06-18
ORD116517,3517,P0029,Household,4,positive,2026-02-03
ORD124305,479,P0024,Mobile Phone,5,positive,2025-11-21
ORD101936,4281,P0049,Others,4,positive,2026-06-09
ORD118824,3645,P0022,Mobile Phone,4,positive,2026-03-04
ORD119173,2925,P0039,Fashion,4,positive,2025-11-16
ORD117573,432,P0041,Fashion,4,positive,2025-09-28
ORD107057,16,P0008,Laptop & Accessory,4,positive,2025-11-08
ORD106905,1775,P0002,Laptop & Accessory,4,positive,2025-08-06
ORD125321,2716,P0007,Laptop & Accessory,4,positive,2025-11-17
ORD106551,3437,P0010,Laptop & Accessory,4,positive,2026-01-24
ORD110613,1388,P0038,Fashion,4,positive,2026-01-05
ORD122354,1847,P0013,Mobile Phone,4,positive,2026-01-30
ORD117788,4294,P0008,Laptop & Accessory,3,neutral,2026-07-01
ORD105403,2877,P0029,Household,5,positive,2025-09-04
ORD123140,743,P0019,Mobile Phone,2,negative,2026-04-07
ORD122767,3936,P0005,Laptop & Accessory,4,positive,2026-04-01
ORD124000,3215,P0031,Household,4,positive,2025-12-10
ORD100220,71,P0004,Laptop & Accessory,5,positive,2025-09-30
ORD119090,3332,P0009,Laptop & Accessory,5,positive,2025-11-04
ORD122702,3742,P0004,Laptop & Accessory,4,positive,2025-09-17
ORD118741,3101,P0004,Laptop & Accessory,5,positive,2025-08-08
ORD110800,414,P0006,Laptop & Accessory,4,positive,2026-02-12
ORD105550,2244,P0039,Fashion,5,positive,2025-12-01
ORD120599,1435,P0008,Laptop & Accessory,3,neutral,2026-09-01
ORD123438,1693,P0010,Laptop & Accessory,4,positive,2026-04-15
ORD106209,396,P0028,Household,4,positive,2025-08-13
ORD102147,400,P0006,Laptop & Accessory,4,positive,2026-07-11
ORD122317,3719,P0033,Household,3,neutral,2025-08-11
ORD100229,676,P0010,Laptop & Accessory,4,positive,2026-05-12
ORD104747,2372,P0017,Mobile Phone,4,positive,2025-11-08
ORD107578,806,P0008,Laptop & Accessory,4,positive,2026-04-08
ORD113333,2016,P0018,Mobile Phone,1,negative,2025-11-12
ORD103018,315,P0010,Laptop & Accessory,3,neutral,2025-10-18
ORD105557,1814,P0045,Fashion,3,neutral,2026-02-17
ORD112691,2827,P0031,Household,5,positive,2026-05-08
ORD114763,4448,P0032,Household,3,neutral,2026-03-25
ORD105980,2245,P0040,Fashion,4,positive,2026-06-14
ORD106688,161,P0002,Laptop & Accessory,4,positive,2026-01-25
ORD118738,1809,P0017,Mobile Phone,4,positive,2026-04-27
ORD106383,4309,P0008,Laptop & Accessory,4,positive,2025-12-17
ORD102000,3845,P0026,Household,4,positive,2025-09-25
ORD114906,433,P0010,Laptop & Accessory,5,positive,2025-10-09
ORD112222,2074,P0015,Mobile Phone,4,positive,2026-02-25
ORD117114,4478,P0031,Household,5,positive,2025-12-09
ORD106049,847,P0010,Laptop & Accessory,4,positive,2026-06-22
ORD107488,2560,P0010,Laptop & Accessory,4,positive,2026-01-02
ORD102195,1865,P0010,Laptop & Accessory,4,positive,2026-08-20
ORD123306,931,P0049,Others,4,positive,2025-11-06
ORD117431,4510,P0035,Household,3,neutral,2025-11-19
ORD115819,1768,P0028,Household,4,positive,2026-06-27
ORD100369,3574,P0010,Laptop & Accessory,5,positive,2026-04-06
ORD113187,2420,P0010,Laptop & Accessory,5,positive,2026-04-27
ORD101224,2208,P0018,Mobile Phone,4,positive,2025-11-07
ORD109896,1970,P0002,Laptop & Accessory,5,positive,2025-11-18
ORD115327,3782,P0018,Mobile Phone,4,positive,2026-02-24
ORD116688,2290,P0037,Fashion,4,positive,2025-11-11
ORD105660,4353,P0003,Laptop & Accessory,4,positive,2026-03-26
ORD105312,531,P0038,Fashion,5,positive,2026-08-12
ORD107745,718,P0012,Laptop & Accessory,3,neutral,2025-11-10
ORD104600,3055,P0011,Laptop & Accessory,5,positive,2025-11-07
ORD105821,704,P0030,Household,4,positive,2025-11-13
ORD108469,366,P0059,Others,5,positive,2025-10-01
ORD107842,2580,P0005,Laptop & Accessory,4,positive,2026-05-12
ORD107460,4005,P0017,Mobile Phone,4,positive,2025-11-11
ORD117654,1009,P0051,Others,5,positive,2026-07-23
ORD102667,3617,P0014,Mobile Phone,3,neutral,2025-11-18
ORD123780,1621,P0009,Laptop & Accessory,4,positive,2025-11-30
ORD100383,3250,P0038,Fashion,4,positive,2026-04-01
ORD107680,81,P0038,Fashion,5,positive,2026-03-15
ORD115955,1908,P0020,Mobile Phone,5,positive,2025-09-08
ORD113797,346,P0010,Laptop & Accessory,5,positive,2026-08-12
ORD102992,2669,P0029,Household,4,positive,2025-09-23
ORD114343,3041,P0021,Mobile Phone,3,neutral,2025-11-15
ORD111368,1429,P0054,Others,3,neutral,2026-07-01
ORD123458,3646,P0017,Mobile Phone,2,negative,2026-02-16
ORD108683,1392,P0029,Household,5,positive,2025-10-23
ORD116916,1802,P0013,Mobile Phone,5,positive,2026-08-07
ORD107186,680,P0011,Laptop & Accessory,5,positive,2025-11-18
ORD115037,142,P0008,Laptop & Accessory,5,positive,2025-11-08
ORD108202,1529,P0008,Laptop & Accessory,4,positive,2025-11-19
ORD101096,3635,P0018,Mobile Phone,5,positive,2026-03-13
ORD106686,2320,P0006,Laptop & Accessory,3,neutral,2026-05-06
ORD125347,2424,P0012,Laptop & Accessory,4,positive,2025-11-24
ORD125098,4366,P0039,Fashion,5,positive,2026-04-06
ORD117315,4310,P0013,Mobile Phone,3,neutral,2026-06-02
ORD113472,2286,P0013,Mobile Phone,4,positive,2025-12-17
ORD113673,373,P0060,Others,4,positive,2025-10-14
ORD117817,1539,P0007,Laptop & Accessory,3,neutral,2026-07-22
ORD122144,4482,P0013,Mobile Phone,5,positive,2026-02-10
ORD117277,4255,P0027,Household,5,positive,2025-09-06
ORD122373,3167,P0018,Mobile Phone,5,positive,2026-01-22
ORD111764,1850,P0014,Mobile Phone,4,positive,2026-02-12
ORD108784,376,P0004,Laptop & Accessory,3,neutral,2026-07-05
ORD120052,2209,P0043,Fashion,3,neutral,2025-09-08
ORD112888,3914,P0021,Mobile Phone,3,neutral,2025-12-03
ORD106639,3870,P0017,Mobile Phone,4,positive,2025-11-21
ORD107269,1010,P0046,Fashion,5,positive,2026-06-15
ORD102636,23,P0066,Grocery,5,positive,2026-06-18
ORD112773,510,P0058,Others,4,positive,2025-11-05
ORD103563,44,P0042,Fashion,5,positive,2026-08-15
ORD123880,1711,P0034,Household,4,positive,2026-07-12
ORD103736,70,P0011,Laptop & Accessory,4,positive,2026-08-07
ORD108605,3106,P0008,Laptop & Accessory,4,positive,2025-12-20
ORD123569,326,P0010,Laptop & Accessory,5,positive,2026-04-19
ORD109178,4022,P0010,Laptop & Accessory,4,positive,2026-05-27
ORD101379,793,P0016,Mobile Phone,4,positive,2026-04-29
ORD102954,2135,P0005,Laptop & Accessory,4,positive,2026-08-26
ORD111039,539,P0010,Laptop & Accessory,4,positive,2025-08-27
ORD111218,1513,P0012,Laptop & Accessory,3,neutral,2026-02-11
ORD120320,1489,P0059,Others,5,positive,2026-02-08
ORD108835,191,P0010,Laptop & Accessory,4,positive,2026-03-14
ORD121702,1314,P0043,Fashion,5,positive,2025-11-11
ORD103313,2289,P0024,Mobile Phone,3,neutral,2026-01-28
ORD119644,4287,P0008,Laptop & Accessory,5,positive,2025-08-29
ORD108200,657,P0053,Others,4,positive,2026-08-06
ORD107540,3074,P0018,Mobile Phone,4,positive,2025-09-28
ORD117662,319,P0026,Household,4,positive,2025-10-13
ORD122455,3491,P0004,Laptop & Accessory,4,positive,2025-12-24
ORD125957,134,P0035,Household,3,neutral,2026-06-06
ORD115968,2280,P0067,Grocery,4,positive,2025-08-16
ORD115144,3233,P0029,Household,4,positive,2026-06-23
ORD118747,4190,P0026,Household,4,positive,2025-10-29
ORD116060,2036,P0013,Mobile Phone,4,positive,2025-10-11
ORD121068,1940,P0028,Household,4,positive,2026-06-13
ORD111612,2137,P0018,Mobile Phone,4,positive,2025-11-09
ORD123235,4463,P0048,Fashion,3,neutral,2025-10-15
ORD122537,733,P0011,Laptop & Accessory,4,positive,2026-01-11
ORD104095,3115,P0031,Household,3,neutral,2026-06-16
ORD124391,360,P0013,Mobile Phone,5,positive,2025-11-10
ORD108953,336,P0010,Laptop & Accessory,5,positive,2025-11-15
ORD100223,135,P0010,Laptop & Accessory,4,positive,2026-04-06
ORD112841,42,P0010,Laptop & Accessory,4,positive,2026-03-07
ORD111899,111,P0041,Fashion,4,positive,2025-11-16
ORD108399,4397,P0012,Laptop & Accessory,5,positive,2026-04-07
ORD116695,4098,P0038,Fashion,4,positive,2025-12-08
ORD103355,1685,P0019,Mobile Phone,4,positive,2025-10-07
ORD118664,3019,P0010,Laptop & Accessory,4,positive,2025-11-22
ORD124562,2295,P0069,Grocery,4,positive,2026-03-28
ORD107232,321,P0059,Others,4,positive,2026-01-22
ORD112707,2076,P0013,Mobile Phone,4,positive,2025-11-04
ORD113214,1574,P0001,Laptop & Accessory,5,positive,2026-08-14
ORD118362,732,P0016,Mobile Phone,5,positive,2026-07-22
ORD100287,82,P0039,Fashion,5,positive,2026-02-06
ORD102228,496,P0018,Mobile Phone,4,positive,2026-01-27
ORD113954,991,P0038,Fashion,4,positive,2026-06-22
ORD125700,611,P0049,Others,5,positive,2026-03-02
ORD105285,3608,P0016,Mobile Phone,4,positive,2026-02-07
ORD104307,4376,P0045,Fashion,4,positive,2026-06-24
ORD115491,4321,P0031,Household,4,positive,2026-08-21
ORD118447,686,P0041,Fashion,3,neutral,2026-04-22
ORD107064,46,P0010,Laptop & Accessory,4,positive,2026-05-16
ORD111076,2167,P0039,Fashion,4,positive,2025-10-18
ORD120577,1045,P0005,Laptop & Accessory,4,positive,2026-06-03
ORD104183,2209,P0044,Fashion,4,positive,2026-06-13
ORD121410,68,P0041,Fashion,4,positive,2025-12-30
ORD124453,3248,P0052,Others,3,neutral,2025-10-07
ORD115338,1434,P0005,Laptop & Accessory,4,positive,2026-04-29
ORD105399,1057,P0015,Mobile Phone,3,neutral,2025-11-06
ORD102187,1388,P0039,Fashion,4,positive,2026-07-14
ORD118502,4521,P0069,Grocery,3,neutral,2025-10-25
ORD108169,3870,P0014,Mobile Phone,5,positive,2025-12-14
ORD102596,173,P0012,Laptop & Accessory,4,positive,2026-05-05
ORD120216,2190,P0013,Mobile Phone,4,positive,2026-04-04
ORD113404,2874,P0029,Household,4,positive,2026-03-27
ORD104652,599,P0024,Mobile Phone,5,positive,2026-01-09
ORD118635,4258,P0035,Household,5,positive,2026-01-18
ORD115456,2585,P0013,Mobile Phone,4,positive,2026-04-07
ORD120201,2427,P0013,Mobile Phone,4,positive,2026-07-21
ORD107834,4038,P0005,Laptop & Accessory,4,positive,2025-12-17
ORD114393,1174,P0012,Laptop & Accessory,4,positive,2026-08-21
ORD113150,475,P0037,Fashion,3,neutral,2025-12-22
ORD106552,4221,P0029,Household,3,neutral,2026-06-19
ORD120162,531,P0038,Fashion,4,positive,2026-02-28
ORD113934,162,P0060,Others,4,positive,2025-11-12
ORD108755,3980,P0006,Laptop & Accessory,5,positive,2025-12-16
ORD113275,3187,P0020,Mobile Phone,3,neutral,2026-06-12
ORD113152,1535,P0010,Laptop & Accessory,5,positive,2026-04-26
ORD106135,1503,P0019,Mobile Phone,4,positive,2026-07-26
ORD102883,984,P0008,Laptop & Accessory,4,positive,2025-10-21
ORD118479,1125,P0039,Fashion,5,positive,2026-06-17
ORD120331,2968,P0016,Mobile Phone,4,positive,2026-01-27
ORD121430,4249,P0033,Household,4,positive,2026-06-23
ORD105535,728,P0007,Laptop & Accessory,5,positive,2025-12-12
ORD124367,4435,P0027,Household,3,neutral,2026-05-19
ORD125395,194,P0017,Mobile Phone,5,positive,2026-01-20
ORD123426,817,P0017,Mobile Phone,3,neutral,2026-08-16
ORD100948,754,P0008,Laptop & Accessory,5,positive,2025-10-10
ORD108303,57,P0006,Laptop & Accessory,3,neutral,2025-09-21
ORD114600,593,P0029,Household,3,neutral,2026-06-03
ORD105108,754,P0010,Laptop & Accessory,5,positive,2025-10-09
ORD118956,1670,P0046,Fashion,4,positive,2025-11-11
ORD105874,4068,P0008,Laptop & Accessory,4,positive,2025-09-03
ORD110165,148,P0010,Laptop & Accessory,5,positive,2026-03-29
ORD112677,3142,P0024,Mobile Phone,5,positive,2025-09-27
ORD114206,988,P0010,Laptop & Accessory,4,positive,2025-12-23
ORD121092,841,P0010,Laptop & Accessory,4,positive,2026-08-13
ORD110488,351,P0024,Mobile Phone,4,positive,2025-10-26
ORD105158,642,P0064,Grocery,4,positive,2026-04-15
ORD118779,531,P0037,Fashion,4,positive,2026-07-12
ORD125042,3956,P0021,Mobile Phone,4,positive,2026-05-04
ORD113963,3307,P0008,Laptop & Accessory,5,positive,2025-09-10
ORD106811,3081,P0012,Laptop & Accessory,4,positive,2025-11-09
ORD119774,4490,P0016,Mobile Phone,4,positive,2026-02-21
ORD113789,2513,P0003,Laptop & Accessory,4,positive,2026-06-21
ORD111990,482,P0014,Mobile Phone,3,neutral,2025-12-25
ORD107518,837,P0010,Laptop & Accessory,3,neutral,2026-06-19
ORD118291,702,P0010,Laptop & Accessory,3,neutral,2025-11-17
ORD109095,1965,P0018,Mobile Phone,3,neutral,2026-03-04
ORD106431,4341,P0027,Household,5,positive,2025-08-15
ORD102218,288,P0004,Laptop & Accessory,4,positive,2026-05-06
ORD101079,2198,P0010,Laptop & Accessory,4,positive,2025-12-10
ORD120493,225,P0018,Mobile Phone,4,positive,2026-04-20
ORD121396,197,P0015,Mobile Phone,5,positive,2026-02-23
ORD117038,2695,P0009,Laptop & Accessory,4,positive,2026-05-05
ORD106495,3020,P0007,Laptop & Accessory,3,neutral,2026-06-27
ORD116696,76,P0039,Fashion,3,neutral,2026-01-08
ORD103515,793,P0022,Mobile Phone,4,positive,2026-07-21
ORD116566,2357,P0072,Grocery,5,positive,2025-08-05
ORD119072,2955,P0001,Laptop & Accessory,4,positive,2025-11-12
ORD122223,213,P0024,Mobile Phone,4,positive,2025-12-27
ORD116319,829,P0003,Laptop & Accessory,5,positive,2025-10-18
ORD110391,927,P0011,Laptop & Accessory,5,positive,2026-08-02
ORD116396,89,P0012,Laptop & Accessory,4,positive,2025-09-27
ORD116279,2178,P0007,Laptop & Accessory,5,positive,2025-11-10
ORD110846,3727,P0008,Laptop & Accessory,4,positive,2025-11-07
ORD116903,70,P0009,Laptop & Accessory,5,positive,2026-06-13
ORD110942,505,P0046,Fashion,4,positive,2025-10-28
ORD117613,254,P0010,Laptop & Accessory,4,positive,2025-12-20
ORD102703,2063,P0018,Mobile Phone,5,positive,2026-05-12
ORD118350,959,P0035,Household,2,negative,2026-04-04
ORD125890,3587,P0014,Mobile Phone,4,positive,2025-12-13
ORD125547,1077,P0006,Laptop & Accessory,4,positive,2025-11-10
ORD110513,2495,P0004,Laptop & Accessory,3,neutral,2026-07-15
ORD125118,951,P0001,Laptop & Accessory,4,positive,2026-06-28
ORD122025,2838,P0031,Household,4,positive,2026-03-30
ORD122329,885,P0018,Mobile Phone,4,positive,2026-05-22
ORD100484,165,P0047,Fashion,5,positive,2025-11-08
ORD123188,3890,P0010,Laptop & Accessory,4,positive,2025-12-01
ORD104487,1084,P0010,Laptop & Accessory,4,positive,2025-12-08
ORD104994,4265,P0046,Fashion,3,neutral,2026-01-13
ORD112507,3581,P0013,Mobile Phone,3,neutral,2026-08-20
ORD102412,731,P0006,Laptop & Accessory,5,positive,2025-11-13
ORD115137,3118,P0039,Fashion,4,positive,2026-05-24
ORD108328,1088,P0040,Fashion,3,neutral,2025-11-24
ORD113807,203,P0006,Laptop & Accessory,4,positive,2025-12-10
ORD118758,1680,P0010,Laptop & Accessory,4,positive,2026-03-25
ORD110666,139,P0021,Mobile Phone,4,positive,2026-06-08
ORD107360,206,P0018,Mobile Phone,4,positive,2026-07-19
ORD101425,3354,P0010,Laptop & Accessory,3,neutral,2025-09-17
ORD124157,3929,P0006,Laptop & Accessory,5,positive,2025-09-30
ORD121044,51,P0025,Household,4,positive,2026-02-06
ORD115414,1693,P0038,Fashion,4,positive,2026-04-08
ORD114288,1112,P0042,Fashion,3,neutral,2026-04-01
ORD116447,3225,P0013,Mobile Phone,4,positive,2026-02-10
ORD106112,2595,P0001,Laptop & Accessory,4,positive,2025-12-22
ORD118827,3533,P0029,Household,5,positive,2026-01-11
ORD121736,689,P0010,Laptop & Accessory,3,neutral,2026-08-05
ORD113816,2504,P0018,Mobile Phone,4,positive,2025-11-08
ORD105788,2405,P0064,Grocery,5,positive,2025-09-01
ORD111414,4377,P0050,Others,4,positive,2026-04-28
ORD117535,790,P0035,Household,5,positive,2025-11-23
ORD122376,1640,P0047,Fashion,4,positive,2025-08-16
ORD108945,3736,P0038,Fashion,5,positive,2026-07-01
ORD110438,3157,P0001,Laptop & Accessory,4,positive,2025-11-20
ORD107208,1042,P0001,Laptop & Accessory,4,positive,2026-05-30
ORD113877,371,P0006,Laptop & Accessory,5,positive,2026-04-17
ORD108545,2538,P0010,Laptop & Accessory,5,positive,2025-09-19
ORD119342,2086,P0018,Mobile Phone,4,positive,2026-06-17
ORD119195,1742,P0006,Laptop & Accessory,4,positive,2025-09-30
ORD121084,1249,P0007,Laptop & Accessory,4,positive,2025-09-07
ORD111851,2586,P0054,Others,5,positive,2026-08-16
ORD107668,1671,P0012,Laptop & Accessory,3,neutral,2025-08-31
ORD121356,172,P0052,Others,4,positive,2026-06-07
ORD112342,541,P0006,Laptop & Accessory,3,neutral,2026-03-25
ORD122487,1433,P0012,Laptop & Accessory,5,positive,2026-04-07
ORD121944,821,P0048,Fashion,4,positive,2025-10-09
ORD104284,1858,P0013,Mobile Phone,4,positive,2025-08-12
ORD123969,489,P0007,Laptop & Accessory,5,positive,2025-09-19
ORD102285,3082,P0031,Household,3,neutral,2026-04-30
ORD113184,3796,P0068,Grocery,4,positive,2025-11-06
ORD116429,2082,P0016,Mobile Phone,4,positive,2025-12-01
ORD117675,4361,P0005,Laptop & Accessory,5,positive,2025-12-21
ORD120946,313,P0010,Laptop & Accessory,4,positive,2026-01-10
ORD116181,2719,P0010,Laptop & Accessory,4,positive,2026-03-15
ORD120768,592,P0031,Household,3,neutral,2025-12-08
ORD123716,1868,P0010,Laptop & Accessory,4,positive,2026-04-09
ORD116041,801,P0018,Mobile Phone,4,positive,2025-09-13
ORD112687,2737,P0010,Laptop & Accessory,4,positive,2026-08-11
ORD111935,1313,P0042,Fashion,5,positive,2026-07-16
ORD117058,3757,P0018,Mobile Phone,4,positive,2025-09-30
ORD101829,2486,P0034,Household,4,positive,2025-08-23
ORD125508,4419,P0029,Household,4,positive,2026-06-08
ORD107953,2232,P0031,Household,3,neutral,2025-12-17
ORD100678,3979,P0018,Mobile Phone,4,positive,2026-06-02
ORD122505,2069,P0019,Mobile Phone,5,positive,2026-05-12
ORD109788,1392,P0029,Household,4,positive,2025-11-15
ORD111044,346,P0002,Laptop & Accessory,5,positive,2026-03-04
ORD124411,281,P0041,Fashion,5,positive,2026-01-12
ORD102879,483,P0028,Household,4,positive,2025-08-26
ORD102779,1888,P0006,Laptop & Accessory,5,positive,2026-01-23
ORD107388,3343,P0003,Laptop & Accessory,4,positive,2026-07-16
ORD109474,2135,P0008,Laptop & Accessory,5,positive,2026-01-11
ORD123740,798,P0053,Others,4,positive,2025-12-25
ORD117480,2630,P0008,Laptop & Accessory,5,positive,2025-11-28
ORD121900,343,P0010,Laptop & Accessory,5,positive,2026-01-13
ORD110433,2207,P0010,Laptop & Accessory,5,positive,2025-11-07
ORD103845,3805,P0018,Mobile Phone,4,positive,2026-05-09
ORD103439,2597,P0018,Mobile Phone,3,neutral,2025-09-10
ORD104539,342,P0010,Laptop & Accessory,5,positive,2026-02-25
ORD105387,533,P0020,Mobile Phone,4,positive,2026-07-22
ORD114726,603,P0010,Laptop & Accessory,4,positive,2026-04-14
ORD122384,2836,P0023,Mobile Phone,5,positive,2026-06-13
ORD122363,20,P0008,Laptop & Accessory,4,positive,2026-06-20
ORD102002,1236,P0022,Mobile Phone,4,positive,2026-08-08
ORD105636,2333,P0004,Laptop & Accessory,5,positive,2025-08-14
ORD111225,1893,P0035,Household,4,positive,2025-11-12
ORD104057,1968,P0069,Grocery,5,positive,2026-06-30
ORD124723,1725,P0034,Household,5,positive,2026-02-02
ORD101142,584,P0063,Grocery,4,positive,2026-05-03
ORD106031,21,P0013,Mobile Phone,4,positive,2026-08-16
ORD108140,440,P0016,Mobile Phone,5,positive,2026-04-26
ORD125551,4144,P0026,Household,4,positive,2025-11-16
ORD110324,1167,P0021,Mobile Phone,4,positive,2026-07-29
ORD113288,3607,P0013,Mobile Phone,4,positive,2025-10-01
ORD104056,947,P0011,Laptop & Accessory,5,positive,2026-06-17
ORD110120,430,P0010,Laptop & Accessory,4,positive,2026-03-24
ORD122113,471,P0067,Grocery,4,positive,2026-01-17
ORD117189,769,P0018,Mobile Phone,4,positive,2026-03-28
ORD117556,3023,P0017,Mobile Phone,4,positive,2026-04-15
ORD102402,3745,P0038,Fashion,4,positive,2026-06-19
ORD110161,4124,P0033,Household,5,positive,2025-11-10
ORD110543,1380,P0016,Mobile Phone,4,positive,2026-07-17
ORD115592,1443,P0010,Laptop & Accessory,5,positive,2025-08-28
ORD110650,633,P0038,Fashion,4,positive,2025-08-19
ORD109580,3062,P0017,Mobile Phone,4,positive,2025-08-12
ORD107902,33,P0008,Laptop & Accessory,4,positive,2025-12-19
ORD119970,957,P0037,Fashion,4,positive,2025-09-23
ORD107418,3936,P0010,Laptop & Accessory,4,positive,2025-09-26
ORD111475,2638,P0004,Laptop & Accessory,4,positive,2026-05-29
ORD119773,673,P0007,Laptop & Accessory,4,positive,2026-01-06
ORD110737,1094,P0045,Fashion,4,positive,2026-06-03
ORD111726,110,P0046,Fashion,4,positive,2025-11-08
ORD119211,693,P0002,Laptop & Accessory,3,neutral,2026-04-07
ORD124946,4170,P0032,Household,4,positive,2026-07-01
ORD125351,608,P0010,Laptop & Accessory,4,positive,2025-11-14
ORD100794,2241,P0016,Mobile Phone,5,positive,2026-04-19
ORD102406,1391,P0049,Others,5,positive,2025-11-06
ORD121788,4352,P0010,Laptop & Accessory,4,positive,2026-04-25
ORD101355,843,P0011,Laptop & Accessory,4,positive,2026-03-08
ORD102588,34,P0010,Laptop & Accessory,3,neutral,2025-09-27
ORD100588,954,P0047,Fashion,4,positive,2025-10-01
ORD124719,3586,P0018,Mobile Phone,3,neutral,2026-02-26
ORD103651,135,P0023,Mobile Phone,5,positive,2025-11-10
ORD120761,1704,P0042,Fashion,4,positive,2026-03-26
ORD107240,75,P0046,Fashion,4,positive,2026-05-22
ORD102768,2297,P0010,Laptop & Accessory,3,neutral,2025-09-03
ORD102708,1201,P0065,Grocery,4,positive,2025-08-31
ORD105938,2767,P0058,Others,4,positive,2025-12-31
ORD106307,1299,P0027,Household,4,positive,2025-11-05
ORD111303,125,P0006,Laptop & Accessory,4,positive,2026-03-09
ORD118812,1428,P0045,Fashion,4,positive,2025-08-09
ORD112672,2194,P0016,Mobile Phone,4,positive,2026-07-14
ORD114122,3174,P0030,Household,4,positive,2025-11-24
ORD121594,3477,P0010,Laptop & Accessory,4,positive,2026-06-16
ORD101150,3659,P0046,Fashion,5,positive,2025-11-05
ORD123322,2131,P0030,Household,4,positive,2026-07-09
ORD109763,3218,P0031,Household,4,positive,2025-09-30
ORD112683,1485,P0014,Mobile Phone,4,positive,2025-11-27
ORD107444,3597,P0019,Mobile Phone,5,positive,2025-12-31
ORD100858,3948,P0020,Mobile Phone,4,positive,2026-06-26
ORD125691,1884,P0010,Laptop & Accessory,5,positive,2025-11-04
ORD115856,4097,P0038,Fashion,4,positive,2026-01-14
ORD120953,124,P0039,Fashion,4,positive,2026-02-21
ORD106228,111,P0046,Fashion,3,neutral,2025-11-06
ORD110475,4214,P0029,Household,4,positive,2026-02-09
ORD109944,3802,P0010,Laptop & Accessory,4,positive,2025-10-10
ORD123195,1462,P0010,Laptop & Accessory,4,positive,2026-02-11
ORD105836,2001,P0006,Laptop & Accessory,5,positive,2026-06-24
ORD125532,2075,P0007,Laptop & Accessory,5,positive,2025-11-02
ORD116178,3986,P0072,Grocery,4,positive,2025-09-05
ORD122450,3458,P0005,Laptop & Accessory,5,positive,2026-02-17
ORD114824,322,P0008,Laptop & Accessory,4,positive,2025-12-24
ORD102261,295,P0059,Others,5,positive,2025-10-31
ORD103222,4497,P0002,Laptop & Accessory,4,positive,2025-08-06
ORD109700,508,P0040,Fashion,4,positive,2026-03-06
ORD103067,2612,P0024,Mobile Phone,5,positive,2025-09-16
ORD125400,1636,P0018,Mobile Phone,4,positive,2025-11-18
ORD120940,2709,P0008,Laptop & Accessory,4,positive,2025-11-11
ORD118122,2966,P0055,Others,4,positive,2026-06-17
ORD112283,3765,P0007,Laptop & Accessory,5,positive,2025-11-05
ORD107008,2616,P0010,Laptop & Accessory,4,positive,2026-04-19
ORD111699,3328,P0069,Grocery,5,positive,2026-06-18
ORD106804,2054,P0029,Household,4,positive,2026-08-26
ORD112236,455,P0010,Laptop & Accessory,5,positive,2026-05-04
ORD100952,2387,P0013,Mobile Phone,3,neutral,2026-06-19
ORD106547,192,P0048,Fashion,5,positive,2026-04-28
ORD112262,4323,P0004,Laptop & Accessory,4,positive,2026-08-17
ORD120668,3093,P0031,Household,4,positive,2026-04-21
ORD106457,1854,P0010,Laptop & Accessory,5,positive,2026-01-06
ORD110414,4143,P0033,Household,5,positive,2025-10-18
ORD103709,2147,P0056,Others,4,positive,2026-03-04
ORD111389,51,P0010,Laptop & Accessory,3,neutral,2025-09-19
ORD125453,3262,P0008,Laptop & Accessory,4,positive,2026-02-12
ORD112645,1288,P0008,Laptop & Accessory,4,positive,2026-07-08
ORD110033,3388,P0011,Laptop & Accessory,5,positive,2026-07-31
ORD108753,568,P0031,Household,4,positive,2026-02-20
ORD116036,4097,P0037,Fashion,4,positive,2026-01-17
ORD101282,2627,P0010,Laptop & Accessory,4,positive,2025-11-26
ORD108606,2414,P0005,Laptop & Accessory,3,neutral,2026-04-10
ORD100552,794,P0018,Mobile Phone,4,positive,2025-09-23
ORD102718,3955,P0007,Laptop & Accessory,3,neutral,2026-04-22
ORD104825,3246,P0007,Laptop & Accessory,4,positive,2025-10-12
ORD114829,200,P0002,Laptop & Accessory,4,positive,2026-07-13
ORD114346,2,P0029,Household,5,positive,2026-09-01
ORD102714,140,P0039,Fashion,4,positive,2026-03-20
ORD118082,2234,P0018,Mobile Phone,5,positive,2026-06-18
ORD109306,4102,P0019,Mobile Phone,5,positive,2025-08-18
ORD101774,1882,P0039,Fashion,5,positive,2025-09-13
ORD116459,1405,P0055,Others,5,positive,2026-07-27
ORD107050,248,P0012,Laptop & Accessory,5,positive,2025-11-18
ORD115274,298,P0047,Fashion,4,positive,2026-05-11
ORD121541,4411,P0046,Fashion,3,neutral,2026-01-28
ORD102203,1665,P0038,Fashion,5,positive,2026-08-01
ORD113447,340,P0004,Laptop & Accessory,5,positive,2025-12-26
ORD120036,1132,P0037,Fashion,5,positive,2025-11-17
ORD115787,2682,P0010,Laptop & Accessory,4,positive,2025-09-11
ORD108699,1341,P0028,Household,4,positive,2025-11-11
ORD120575,2296,P0001,Laptop & Accessory,2,negative,2026-03-07
ORD116816,4146,P0048,Fashion,3,neutral,2026-03-04
ORD109813,1062,P0014,Mobile Phone,5,positive,2026-04-15
ORD120478,3131,P0009,Laptop & Accessory,4,positive,2026-04-22
ORD119343,2831,P0033,Household,4,positive,2025-08-18
ORD103000,3732,P0032,Household,3,neutral,2025-11-29
ORD105284,1889,P0026,Household,4,positive,2025-10-21
ORD115031,2633,P0007,Laptop & Accessory,4,positive,2025-11-14
ORD120429,2306,P0048,Fashion,4,positive,2025-09-02
ORD105251,4179,P0069,Grocery,4,positive,2025-10-08
ORD121968,3831,P0024,Mobile Phone,5,positive,2026-07-24
ORD115539,4142,P0029,Household,3,neutral,2025-11-11
ORD114817,1094,P0042,Fashion,4,positive,2025-11-05
ORD114397,783,P0009,Laptop & Accessory,4,positive,2025-11-13
ORD116930,48,P0006,Laptop & Accessory,4,positive,2026-06-21
ORD114003,820,P0015,Mobile Phone,4,positive,2025-08-10
ORD108972,1009,P0037,Fashion,4,positive,2026-06-02
ORD113945,4322,P0019,Mobile Phone,3,neutral,2026-04-02
ORD108458,155,P0008,Laptop & Accessory,4,positive,2025-10-01
ORD106207,2252,P0019,Mobile Phone,5,positive,2026-06-13
ORD112190,982,P0065,Grocery,4,positive,2026-02-17
ORD125193,3376,P0028,Household,4,positive,2026-08-09
ORD117416,3444,P0006,Laptop & Accessory,5,positive,2025-10-25
ORD106596,617,P0039,Fashion,3,neutral,2025-11-21
ORD102192,4387,P0050,Others,4,positive,2025-11-18
ORD105603,1345,P0028,Household,5,positive,2025-12-25
ORD123831,2182,P0008,Laptop & Accessory,2,negative,2025-09-04
ORD121560,315,P0012,Laptop & Accessory,3,neutral,2025-08-04
ORD100628,1431,P0013,Mobile Phone,5,positive,2025-09-16
ORD116097,3585,P0018,Mobile Phone,4,positive,2026-08-16
ORD125067,492,P0069,Grocery,3,neutral,2025-09-08
ORD108577,2956,P0008,Laptop & Accessory,4,positive,2026-05-28
ORD102911,3837,P0024,Mobile Phone,4,positive,2025-10-02
ORD115126,1009,P0046,Fashion,5,positive,2026-02-26
ORD124828,2869,P0018,Mobile Phone,4,positive,2025-09-27
ORD101706,3294,P0056,Others,3,neutral,2026-01-25
ORD122598,2978,P0015,Mobile Phone,3,neutral,2026-07-27
ORD105853,2267,P0020,Mobile Phone,5,positive,2025-10-06
ORD108285,4120,P0035,Household,5,positive,2026-06-12
ORD120797,486,P0069,Grocery,4,positive,2025-11-11
ORD114132,3829,P0014,Mobile Phone,5,positive,2026-08-22
ORD117448,872,P0027,Household,5,positive,2025-11-05
ORD118975,512,P0020,Mobile Phone,5,positive,2026-02-17
ORD102547,3644,P0017,Mobile Phone,4,positive,2025-11-17
ORD105348,2556,P0010,Laptop & Accessory,4,positive,2026-08-01
ORD117885,3321,P0031,Household,4,positive,2026-04-15
ORD118046,2587,P0015,Mobile Phone,4,positive,2026-03-25
ORD124526,1040,P0044,Fashion,5,positive,2026-06-18
ORD109745,665,P0006,Laptop & Accessory,4,positive,2026-01-13
ORD117647,918,P0047,Fashion,3,neutral,2026-02-23
ORD118553,2853,P0001,Laptop & Accessory,3,neutral,2026-07-03
ORD120015,505,P0045,Fashion,3,neutral,2026-06-21
ORD119345,2201,P0057,Others,3,neutral,2026-06-13
ORD107713,433,P0005,Laptop & Accessory,4,positive,2026-05-05
ORD116221,2262,P0019,Mobile Phone,4,positive,2026-07-26
ORD103863,501,P0002,Laptop & Accessory,5,positive,2026-01-13
ORD120092,4284,P0056,Others,5,positive,2026-07-22
ORD100503,3496,P0004,Laptop & Accessory,5,positive,2026-08-12
ORD123696,4351,P0004,Laptop & Accessory,4,positive,2026-05-27
ORD113527,1329,P0050,Others,5,positive,2026-05-13
ORD106746,1375,P0005,Laptop & Accessory,4,positive,2026-03-11
ORD101850,1014,P0046,Fashion,4,positive,2026-02-05
ORD102988,3310,P0025,Household,5,positive,2026-07-30
ORD103456,3747,P0061,Grocery,5,positive,2025-11-14
ORD104380,1749,P0024,Mobile Phone,3,neutral,2026-01-05
ORD103898,1751,P0069,Grocery,5,positive,2026-06-08
ORD116228,4242,P0019,Mobile Phone,5,positive,2025-11-01
ORD125832,1764,P0020,Mobile Phone,4,positive,2026-03-20
ORD101741,582,P0006,Laptop & Accessory,5,positive,2025-09-09
ORD122925,2373,P0013,Mobile Phone,3,neutral,2026-03-18
ORD112737,4061,P0009,Laptop & Accessory,5,positive,2026-02-20
ORD101179,205,P0021,Mobile Phone,3,neutral,2025-10-14
ORD101334,6,P0018,Mobile Phone,4,positive,2025-10-02
ORD122790,4044,P0019,Mobile Phone,3,neutral,2026-06-17
ORD123531,578,P0011,Laptop & Accessory,4,positive,2025-09-10
ORD111431,3681,P0065,Grocery,4,positive,2025-11-27
ORD119320,821,P0011,Laptop & Accessory,5,positive,2026-06-13
ORD107239,1828,P0059,Others,5,positive,2026-02-22
ORD102351,3820,P0052,Others,4,positive,2025-09-18
ORD124335,2379,P0013,Mobile Phone,4,positive,2025-09-06
ORD120362,3245,P0039,Fashion,3,neutral,2025-09-12
ORD124178,1241,P0010,Laptop & Accessory,3,neutral,2026-01-15
ORD122479,3960,P0021,Mobile Phone,3,neutral,2026-02-04
ORD115224,487,P0003,Laptop & Accessory,4,positive,2025-11-17
ORD115230,1054,P0048,Fashion,4,positive,2026-02-12
ORD109911,2730,P0010,Laptop & Accessory,5,positive,2026-08-10
ORD117624,4373,P0053,Others,4,positive,2025-09-07
ORD112325,3413,P0030,Household,4,positive,2026-03-01
ORD120218,2722,P0010,Laptop & Accessory,2,negative,2025-12-13
ORD119092,1189,P0069,Grocery,4,positive,2026-04-04
ORD118260,228,P0006,Laptop & Accessory,4,positive,2026-08-03
ORD121204,2557,P0029,Household,5,positive,2026-08-27
ORD103787,220,P0037,Fashion,4,positive,2025-11-08
ORD123548,867,P0037,Fashion,4,positive,2025-11-08
ORD121470,1378,P0006,Laptop & Accessory,5,positive,2026-06-08
ORD101601,22,P0013,Mobile Phone,3,neutral,2026-01-22
ORD123733,2432,P0004,Laptop & Accessory,3,neutral,2026-03-27
ORD120219,2425,P0014,Mobile Phone,5,positive,2026-02-06
ORD116680,2557,P0013,Mobile Phone,4,positive,2026-06-15
ORD124496,2206,P0017,Mobile Phone,4,positive,2025-12-22
ORD115844,3604,P0022,Mobile Phone,5,positive,2026-02-08
ORD116281,86,P0010,Laptop & Accessory,3,neutral,2026-06-15
ORD124827,1742,P0018,Mobile Phone,4,positive,2025-12-03
ORD114302,3647,P0034,Household,5,positive,2025-09-13
ORD103320,2859,P0007,Laptop & Accessory,5,positive,2025-11-06
ORD119308,101,P0010,Laptop & Accessory,4,positive,2026-06-17
ORD102668,871,P0010,Laptop & Accessory,4,positive,2026-02-26
ORD101283,1512,P0012,Laptop & Accessory,2,negative,2026-04-21
ORD114693,3559,P0018,Mobile Phone,4,positive,2026-04-11
ORD115281,705,P0008,Laptop & Accessory,4,positive,2025-11-15
ORD108971,338,P0047,Fashion,5,positive,2026-03-26
ORD119690,288,P0055,Others,4,positive,2026-03-31
ORD120730,2796,P0031,Household,5,positive,2026-02-12
ORD111019,910,P0009,Laptop & Accessory,4,positive,2026-03-18
ORD117705,1647,P0005,Laptop & Accessory,3,neutral,2026-07-30
ORD102370,2967,P0002,Laptop & Accessory,4,positive,2025-11-20
ORD107083,634,P0010,Laptop & Accessory,3,neutral,2026-04-11
ORD119643,2525,P0024,Mobile Phone,4,positive,2025-11-12
ORD118037,2276,P0015,Mobile Phone,4,positive,2025-11-04
ORD108323,121,P0029,Household,4,positive,2025-11-10
ORD123405,2940,P0029,Household,4,positive,2025-10-15
ORD103921,1429,P0010,Laptop & Accessory,4,positive,2026-06-27
ORD117782,3771,P0016,Mobile Phone,5,positive,2026-06-28
ORD103202,735,P0012,Laptop & Accessory,4,positive,2025-08-30
ORD125637,444,P0009,Laptop & Accessory,4,positive,2026-06-17
ORD118275,3659,P0017,Mobile Phone,5,positive,2026-07-15
ORD108729,2938,P0027,Household,4,positive,2026-05-06
ORD122624,2614,P0013,Mobile Phone,4,positive,2025-11-08
ORD107494,312,P0043,Fashion,3,neutral,2026-01-06
ORD113697,3972,P0013,Mobile Phone,4,positive,2025-09-19
ORD113452,1458,P0070,Grocery,5,positive,2026-04-03
ORD100181,3118,P0042,Fashion,3,neutral,2025-11-14
ORD104831,1682,P0039,Fashion,4,positive,2026-06-21
ORD100580,573,P0004,Laptop & Accessory,4,positive,2025-08-12
ORD106742,1362,P0010,Laptop & Accessory,5,positive,2025-12-04
ORD118791,551,P0008,Laptop & Accessory,5,positive,2026-03-16
ORD107763,3199,P0003,Laptop & Accessory,5,positive,2026-01-09
ORD102387,375,P0014,Mobile Phone,3,neutral,2026-06-02
ORD119871,641,P0021,Mobile Phone,3,neutral,2025-10-18
ORD116348,1489,P0001,Laptop & Accessory,3,neutral,2026-08-22
ORD123636,1813,P0014,Mobile Phone,4,positive,2025-11-16
ORD124961,932,P0045,Fashion,4,positive,2025-08-14
ORD121113,921,P0001,Laptop & Accessory,4,positive,2025-12-11
ORD106980,1928,P0010,Laptop & Accessory,5,positive,2025-10-02
ORD125904,10,P0037,Fashion,4,positive,2026-07-10
ORD116170,1628,P0044,Fashion,4,positive,2025-11-04
ORD122843,470,P0031,Household,3,neutral,2026-06-23
ORD117987,3728,P0032,Household,5,positive,2025-09-19
ORD106806,1329,P0047,Fashion,4,positive,2025-11-21
ORD108470,1759,P0033,Household,5,positive,2026-06-13
ORD111271,3867,P0030,Household,4,positive,2026-07-04
ORD106097,2008,P0053,Others,4,positive,2025-10-13
ORD118776,1396,P0006,Laptop & Accessory,4,positive,2026-03-24
ORD105297,929,P0035,Household,4,positive,2025-11-18
ORD115595,4016,P0004,Laptop & Accessory,4,positive,2026-04-02
ORD106606,1959,P0012,Laptop & Accessory,4,positive,2026-01-31
ORD106335,549,P0018,Mobile Phone,3,neutral,2025-11-08
ORD125021,2436,P0010,Laptop & Accessory,3,neutral,2025-09-17
ORD109009,3217,P0038,Fashion,4,positive,2026-06-20
ORD103751,2579,P0017,Mobile Phone,5,positive,2025-10-15
ORD104917,3390,P0008,Laptop & Accessory,5,positive,2026-01-25
ORD119713,2945,P0010,Laptop & Accessory,3,neutral,2026-08-18
ORD108544,3070,P0058,Others,5,positive,2026-03-20
ORD125519,2846,P0029,Household,3,neutral,2026-07-19
ORD117272,4239,P0035,Household,4,positive,2026-03-05
ORD100854,1042,P0041,Fashion,3,neutral,2026-07-06
ORD106544,572,P0004,Laptop & Accessory,3,neutral,2025-08-24
ORD125334,258,P0023,Mobile Phone,4,positive,2025-08-09
ORD109983,3128,P0031,Household,5,positive,2026-06-17
ORD106832,1105,P0007,Laptop & Accessory,4,positive,2026-02-09
ORD116265,1843,P0012,Laptop & Accessory,5,positive,2026-06-20
ORD110229,1978,P0010,Laptop & Accessory,5,positive,2025-08-20
ORD125923,532,P0004,Laptop & Accessory,4,positive,2026-06-18
ORD111043,810,P0010,Laptop & Accessory,3,neutral,2025-11-11
ORD114476,1137,P0005,Laptop & Accessory,4,positive,2026-05-20
ORD102920,1082,P0003,Laptop & Accessory,5,positive,2026-06-23
ORD106468,554,P0018,Mobile Phone,5,positive,2025-11-06
ORD113147,1646,P0024,Mobile Phone,2,negative,2026-08-19
ORD101504,3210,P0041,Fashion,5,positive,2025-08-14
ORD107141,4147,P0032,Household,4,positive,2025-10-08
ORD104863,1092,P0020,Mobile Phone,5,positive,2026-05-16
ORD120914,4288,P0031,Household,3,neutral,2026-06-19
ORD116609,182,P0065,Grocery,3,neutral,2026-03-01
ORD113785,322,P0006,Laptop & Accessory,4,positive,2026-05-13
ORD101408,565,P0005,Laptop & Accessory,5,positive,2025-12-18
ORD120716,149,P0069,Grocery,4,positive,2026-06-18
ORD114947,3795,P0010,Laptop & Accessory,5,positive,2025-12-04
ORD110556,3211,P0072,Grocery,4,positive,2025-12-31
ORD114831,2346,P0019,Mobile Phone,4,positive,2025-11-22
ORD100757,2586,P0029,Household,4,positive,2026-07-25
ORD118335,2239,P0018,Mobile Phone,4,positive,2025-11-20
ORD124808,1252,P0010,Laptop & Accessory,5,positive,2026-05-09
ORD119194,113,P0008,Laptop & Accessory,4,positive,2026-06-17
ORD108712,1314,P0043,Fashion,3,neutral,2025-12-11
ORD105757,571,P0012,Laptop & Accessory,4,positive,2026-08-31
ORD112253,2382,P0013,Mobile Phone,3,neutral,2025-11-05
ORD112027,482,P0029,Household,4,positive,2026-06-19
ORD125282,610,P0018,Mobile Phone,4,positive,2026-03-09
ORD112571,1345,P0029,Household,4,positive,2026-06-13
ORD119360,1146,P0016,Mobile Phone,4,positive,2026-05-27
ORD120672,623,P0009,Laptop & Accessory,5,positive,2025-12-04
ORD104070,317,P0001,Laptop & Accessory,3,neutral,2026-07-22
ORD123176,1347,P0016,Mobile Phone,4,positive,2026-06-02
ORD116799,952,P0006,Laptop & Accessory,5,positive,2025-08-13
ORD105890,580,P0015,Mobile Phone,3,neutral,2026-08-23
ORD119187,3228,P0008,Laptop & Accessory,3,neutral,2026-02-22
ORD121668,1026,P0007,Laptop & Accessory,4,positive,2025-11-26
ORD116728,24,P0046,Fashion,4,positive,2026-08-05
ORD124688,1186,P0025,Household,5,positive,2025-10-13
ORD107926,2254,P0021,Mobile Phone,5,positive,2025-11-13
ORD113303,3078,P0029,Household,5,positive,2026-03-10
ORD101677,2971,P0064,Grocery,5,positive,2025-08-13
ORD121609,555,P0006,Laptop & Accessory,5,positive,2025-11-01
ORD100998,3749,P0001,Laptop & Accessory,4,positive,2025-11-11
ORD113383,1955,P0008,Laptop & Accessory,5,positive,2026-04-01
ORD114044,3241,P0029,Household,4,positive,2026-02-23
ORD112650,1750,P0035,Household,3,neutral,2025-11-11
ORD118404,1430,P0030,Household,5,positive,2025-10-29
ORD113874,514,P0006,Laptop & Accessory,4,positive,2026-02-02
ORD102751,2545,P0014,Mobile Phone,2,negative,2025-11-13
ORD106522,3986,P0031,Household,4,positive,2026-06-15
ORD113806,1609,P0002,Laptop & Accessory,5,positive,2026-05-13
ORD122390,2228,P0013,Mobile Phone,5,positive,2025-11-04
ORD122552,4149,P0044,Fashion,3,neutral,2026-01-15
ORD113364,1990,P0010,Laptop & Accessory,3,neutral,2025-12-07
ORD117995,1680,P0002,Laptop & Accessory,5,positive,2026-06-07
ORD125033,4462,P0063,Grocery,5,positive,2026-08-16
ORD112460,628,P0005,Laptop & Accessory,5,positive,2025-09-16
ORD109269,497,P0059,Others,4,positive,2025-11-09
ORD120443,766,P0005,Laptop & Accessory,3,neutral,2026-04-27
ORD120648,3899,P0010,Laptop & Accessory,5,positive,2025-09-30
ORD100595,2090,P0010,Laptop & Accessory,4,positive,2025-08-11
ORD104456,3097,P0012,Laptop & Accessory,5,positive,2025-08-19
ORD121215,247,P0010,Laptop & Accessory,4,positive,2026-06-30
ORD110405,2259,P0024,Mobile Phone,4,positive,2026-01-08
ORD117741,2389,P0006,Laptop & Accessory,3,neutral,2026-08-04
ORD100662,1090,P0007,Laptop & Accessory,5,positive,2026-03-26
ORD116552,2081,P0024,Mobile Phone,4,positive,2026-01-01
ORD100259,1778,P0049,Others,4,positive,2025-11-15
ORD114523,2467,P0004,Laptop & Accessory,4,positive,2026-06-14
ORD111302,2644,P0007,Laptop & Accessory,4,positive,2025-11-07
ORD111318,2963,P0040,Fashion,4,positive,2025-09-21
ORD107977,3733,P0070,Grocery,3,neutral,2026-07-29
ORD108313,1367,P0007,Laptop & Accessory,4,positive,2025-11-11
ORD116380,900,P0029,Household,3,neutral,2025-11-18
ORD108841,947,P0008,Laptop & Accessory,4,positive,2026-08-30
ORD120167,3920,P0005,Laptop & Accessory,5,positive,2026-06-25
ORD112499,1521,P0010,Laptop & Accessory,4,positive,2025-11-10
ORD117566,4001,P0005,Laptop & Accessory,4,positive,2025-11-11
ORD113726,822,P0069,Grocery,3,neutral,2026-05-11
ORD112275,3487,P0004,Laptop & Accessory,5,positive,2025-11-10
ORD123497,4257,P0036,Household,3,neutral,2026-08-01
ORD115187,936,P0010,Laptop & Accessory,4,positive,2026-05-02
ORD101427,3674,P0021,Mobile Phone,4,positive,2025-11-04
ORD121567,121,P0035,Household,3,neutral,2026-06-11
ORD107687,306,P0029,Household,4,positive,2026-04-21
ORD101178,966,P0059,Others,4,positive,2026-06-22
ORD113177,1697,P0040,Fashion,4,positive,2025-09-21
ORD103114,1159,P0041,Fashion,3,neutral,2026-08-06
ORD102299,2437,P0013,Mobile Phone,4,positive,2026-06-22
ORD120308,477,P0015,Mobile Phone,5,positive,2026-01-26
ORD124753,801,P0056,Others,4,positive,2025-11-12
ORD118501,361,P0008,Laptop & Accessory,4,positive,2025-10-15
ORD120712,1007,P0029,Household,4,positive,2026-01-18
ORD106558,2213,P0024,Mobile Phone,4,positive,2026-02-12
ORD105311,2992,P0009,Laptop & Accessory,4,positive,2025-11-03
ORD112154,319,P0022,Mobile Phone,3,neutral,2026-07-17
ORD119071,989,P0046,Fashion,5,positive,2026-01-25
ORD101928,143,P0006,Laptop & Accessory,4,positive,2025-11-16
ORD108277,432,P0045,Fashion,4,positive,2026-07-12
ORD115648,589,P0044,Fashion,5,positive,2026-04-16
ORD117190,3980,P0010,Laptop & Accessory,5,positive,2025-11-09
ORD119417,551,P0010,Laptop & Accessory,5,positive,2025-10-19
ORD110863,52,P0003,Laptop & Accessory,5,positive,2026-06-01
ORD125009,1226,P0037,Fashion,4,positive,2026-08-25
ORD113560,3805,P0022,Mobile Phone,4,positive,2026-01-05
ORD104000,1751,P0009,Laptop & Accessory,4,positive,2026-04-28
ORD102966,87,P0005,Laptop & Accessory,4,positive,2026-01-31
ORD120776,1341,P0009,Laptop & Accessory,5,positive,2025-10-09
ORD118166,320,P0006,Laptop & Accessory,5,positive,2025-11-16
ORD123137,326,P0054,Others,4,positive,2025-08-08
ORD110269,4395,P0010,Laptop & Accessory,3,neutral,2026-04-08
ORD112375,774,P0010,Laptop & Accessory,2,negative,2026-07-04
ORD114016,3799,P0008,Laptop & Accessory,4,positive,2026-06-16
ORD119267,605,P0024,Mobile Phone,4,positive,2026-06-29
ORD108440,1251,P0010,Laptop & Accessory,5,positive,2025-10-29
ORD105112,3001,P0018,Mobile Phone,3,neutral,2026-01-07
ORD117373,4129,P0032,Household,4,positive,2025-10-10
ORD100874,2770,P0018,Mobile Phone,4,positive,2025-11-08
ORD108373,340,P0046,Fashion,5,positive,2026-04-09
ORD105237,4429,P0021,Mobile Phone,3,neutral,2025-10-23
ORD111333,1076,P0010,Laptop & Accessory,4,positive,2026-04-16
ORD120543,549,P0013,Mobile Phone,3,neutral,2025-09-13
ORD104244,3074,P0020,Mobile Phone,3,neutral,2025-12-30
ORD101783,752,P0020,Mobile Phone,4,positive,2026-02-13
ORD106230,162,P0050,Others,4,positive,2026-05-03
ORD108564,2797,P0003,Laptop & Accessory,4,positive,2026-03-20
ORD124939,1566,P0059,Others,5,positive,2025-10-05
ORD121433,295,P0005,Laptop & Accessory,5,positive,2026-07-05
ORD125074,1322,P0005,Laptop & Accessory,4,positive,2026-03-23
ORD116860,114,P0001,Laptop & Accessory,4,positive,2025-09-04
ORD114449,138,P0046,Fashion,4,positive,2026-01-27
ORD116112,2609,P0062,Grocery,5,positive,2025-10-09
ORD111151,1045,P0003,Laptop & Accessory,4,positive,2026-06-16
ORD124576,1834,P0021,Mobile Phone,4,positive,2026-08-20
ORD113670,486,P0062,Grocery,5,positive,2026-08-28
ORD108443,2322,P0010,Laptop & Accessory,4,positive,2026-01-01
ORD112328,1233,P0006,Laptop & Accessory,4,positive,2026-01-04
ORD105461,2859,P0026,Household,4,positive,2026-03-12
ORD116164,129,P0012,Laptop & Accessory,4,positive,2026-09-01
ORD114331,476,P0002,Laptop & Accessory,5,positive,2025-08-21
ORD114932,3287,P0069,Grocery,3,neutral,2025-11-16
ORD115794,597,P0040,Fashion,4,positive,2025-11-28
ORD107107,1707,P0011,Laptop & Accessory,4,positive,2026-07-31
ORD125855,2226,P0013,Mobile Phone,5,positive,2026-04-22
ORD124101,4084,P0026,Household,3,neutral,2025-09-02
ORD108822,762,P0018,Mobile Phone,4,positive,2025-12-02
ORD125019,749,P0012,Laptop & Accessory,3,neutral,2026-06-13
ORD116946,1478,P0065,Grocery,5,positive,2026-01-02
ORD107072,2294,P0020,Mobile Phone,5,positive,2026-03-11
ORD116451,1667,P0011,Laptop & Accessory,4,positive,2026-04-14
ORD115454,2178,P0006,Laptop & Accessory,5,positive,2026-06-19
ORD105542,2652,P0012,Laptop & Accessory,5,positive,2025-11-08
ORD109058,2172,P0012,Laptop & Accessory,3,neutral,2026-03-23
ORD102182,2539,P0023,Mobile Phone,3,neutral,2025-09-30
ORD108096,2082,P0021,Mobile Phone,4,positive,2025-08-18
ORD125946,4143,P0022,Mobile Phone,5,positive,2025-09-25
ORD122556,3759,P0013,Mobile Phone,4,positive,2025-11-10
ORD110279,202,P0031,Household,4,positive,2026-07-03
ORD105676,987,P0010,Laptop & Accessory,4,positive,2026-02-12
ORD113827,230,P0008,Laptop & Accessory,4,positive,2026-06-30
ORD110350,1916,P0018,Mobile Phone,4,positive,2025-10-23
ORD119570,776,P0001,Laptop & Accessory,4,positive,2025-12-19
ORD110265,1447,P0004,Laptop & Accessory,5,positive,2025-08-27
ORD109660,21,P0017,Mobile Phone,4,positive,2026-06-20
ORD116398,73,P0064,Grocery,3,neutral,2025-12-01
ORD105306,3891,P0010,Laptop & Accessory,4,positive,2026-01-03
ORD104833,2984,P0022,Mobile Phone,3,neutral,2026-08-24
ORD101152,2079,P0021,Mobile Phone,4,positive,2025-10-29
ORD104575,1383,P0042,Fashion,4,positive,2025-08-11
ORD100235,3945,P0018,Mobile Phone,4,positive,2026-07-10
ORD113229,328,P0010,Laptop & Accessory,4,positive,2025-11-14
ORD103982,1603,P0011,Laptop & Accessory,5,positive,2025-10-23
ORD109203,4116,P0002,Laptop & Accessory,3,neutral,2026-08-21
ORD111119,313,P0001,Laptop & Accessory,4,positive,2025-08-20
ORD122950,4265,P0026,Household,5,positive,2025-12-02
ORD109281,3051,P0046,Fashion,4,positive,2025-09-23
ORD103949,999,P0016,Mobile Phone,4,positive,2025-11-09
ORD120602,2623,P0045,Fashion,3,neutral,2026-04-26
ORD108055,3193,P0025,Household,4,positive,2025-10-15
ORD121943,570,P0024,Mobile Phone,4,positive,2026-04-26
ORD118695,184,P0010,Laptop & Accessory,4,positive,2025-11-25
ORD125602,2880,P0010,Laptop & Accessory,4,positive,2025-09-23
ORD121446,3089,P0018,Mobile Phone,4,positive,2026-03-20
ORD120699,3668,P0008,Laptop & Accessory,5,positive,2025-11-27
ORD114820,642,P0016,Mobile Phone,4,positive,2026-07-03
ORD121725,536,P0051,Others,4,positive,2026-02-18
ORD105266,4352,P0002,Laptop & Accessory,3,neutral,2025-11-27
ORD122176,2284,P0021,Mobile Phone,4,positive,2026-03-01
ORD125297,3713,P0006,Laptop & Accessory,4,positive,2025-11-19
ORD101804,3459,P0022,Mobile Phone,4,positive,2026-04-15
ORD112590,792,P0015,Mobile Phone,4,positive,2026-07-30
ORD106096,335,P0031,Household,4,positive,2026-08-11
ORD103973,4274,P0029,Household,3,neutral,2026-02-01
ORD111500,767,P0006,Laptop & Accessory,4,positive,2025-11-16
ORD103179,3469,P0009,Laptop & Accessory,4,positive,2026-07-29
ORD117390,3839,P0064,Grocery,4,positive,2026-06-23
ORD106168,4381,P0018,Mobile Phone,4,positive,2025-10-22
ORD121372,2352,P0021,Mobile Phone,4,positive,2026-07-01
ORD121648,565,P0010,Laptop & Accessory,4,positive,2026-05-04
ORD103059,1121,P0004,Laptop & Accessory,4,positive,2026-06-19
ORD109852,4448,P0030,Household,2,negative,2025-11-05
ORD106566,3194,P0067,Grocery,4,positive,2026-03-31
ORD120328,4225,P0021,Mobile Phone,4,positive,2025-09-23
ORD117945,2387,P0018,Mobile Phone,3,neutral,2026-05-27
ORD103230,2010,P0018,Mobile Phone,4,positive,2026-04-28
ORD119009,4518,P0026,Household,4,positive,2026-03-13
ORD104407,1083,P0010,Laptop & Accessory,3,neutral,2026-07-17
ORD112960,308,P0012,Laptop & Accessory,3,neutral,2026-02-04
ORD102411,3986,P0017,Mobile Phone,4,positive,2025-11-24
ORD103042,4069,P0026,Household,4,positive,2026-03-06
ORD108994,2912,P0033,Household,4,positive,2026-08-07
ORD102468,2608,P0059,Others,4,positive,2025-11-13
ORD117966,1776,P0022,Mobile Phone,5,positive,2026-02-07
ORD109663,3032,P0008,Laptop & Accessory,5,positive,2025-11-29
ORD113722,116,P0055,Others,4,positive,2026-05-05
ORD120210,3181,P0029,Household,5,positive,2026-06-16
ORD107371,1880,P0006,Laptop & Accessory,5,positive,2026-09-01
ORD114218,1562,P0020,Mobile Phone,4,positive,2025-08-24
ORD119118,3774,P0049,Others,3,neutral,2026-06-14
ORD103473,3223,P0008,Laptop & Accessory,3,neutral,2025-12-11
ORD100461,3013,P0060,Others,4,positive,2026-02-03
ORD103262,563,P0047,Fashion,4,positive,2026-08-01
ORD100040,3296,P0012,Laptop & Accessory,4,positive,2026-06-18
ORD108137,1612,P0019,Mobile Phone,4,positive,2025-11-04
ORD121601,58,P0010,Laptop & Accessory,4,positive,2026-06-16
ORD116613,2751,P0063,Grocery,5,positive,2026-04-15
ORD109391,924,P0001,Laptop & Accessory,5,positive,2026-02-17
ORD105245,275,P0041,Fashion,5,positive,2025-09-23
ORD107228,3294,P0016,Mobile Phone,4,positive,2025-08-26
ORD122228,2719,P0006,Laptop & Accessory,4,positive,2026-01-10
ORD105038,3480,P0005,Laptop & Accessory,3,neutral,2026-06-01
ORD111052,3717,P0010,Laptop & Accessory,4,positive,2025-08-26
ORD111885,1050,P0010,Laptop & Accessory,5,positive,2025-12-31
ORD123045,591,P0004,Laptop & Accessory,4,positive,2026-04-29
ORD117933,1570,P0018,Mobile Phone,5,positive,2026-07-02
ORD124877,538,P0039,Fashion,5,positive,2025-11-02
ORD125928,1681,P0001,Laptop & Accessory,4,positive,2025-08-12
ORD124299,573,P0067,Grocery,5,positive,2025-11-18
ORD116739,4068,P0009,Laptop & Accessory,4,positive,2025-10-08
ORD105138,4450,P0018,Mobile Phone,4,positive,2026-07-19
ORD113840,2242,P0013,Mobile Phone,4,positive,2026-02-12
ORD106193,1429,P0003,Laptop & Accessory,4,positive,2025-11-05
ORD120874,1009,P0039,Fashion,5,positive,2026-07-16
ORD116514,3458,P0012,Laptop & Accessory,4,positive,2025-09-20
ORD117926,282,P0008,Laptop & Accessory,3,neutral,2026-08-13
ORD124820,174,P0010,Laptop & Accessory,5,positive,2026-01-27
ORD118508,198,P0005,Laptop & Accessory,4,positive,2025-09-17
ORD106580,3120,P0046,Fashion,4,positive,2026-06-10
ORD113044,2552,P0029,Household,4,positive,2025-12-02
ORD108530,1587,P0010,Laptop & Accessory,4,positive,2026-05-05
ORD118052,2349,P0007,Laptop & Accessory,4,positive,2025-10-18
ORD103725,596,P0010,Laptop & Accessory,4,positive,2025-10-28
ORD117506,3137,P0029,Household,5,positive,2026-05-08
ORD111610,1912,P0049,Others,4,positive,2026-01-21
ORD119918,4152,P0036,Household,4,positive,2026-05-30
ORD111573,101,P0008,Laptop & Accessory,4,positive,2025-10-29
ORD112200,161,P0001,Laptop & Accessory,3,neutral,2026-07-22
ORD100602,647,P0024,Mobile Phone,4,positive,2026-04-01
ORD102759,2639,P0017,Mobile Phone,5,positive,2026-06-19
ORD105299,663,P0008,Laptop & Accessory,4,positive,2026-08-24
ORD109200,106,P0048,Fashion,5,positive,2025-12-21
ORD116256,1611,P0010,Laptop & Accessory,5,positive,2025-11-05
ORD112847,227,P0046,Fashion,4,positive,2026-08-14
ORD125776,2265,P0071,Grocery,4,positive,2026-01-07
ORD110364,833,P0033,Household,4,positive,2026-06-12
ORD123069,4438,P0027,Household,3,neutral,2025-10-22
ORD125706,4269,P0028,Household,5,positive,2026-05-27
ORD102926,2764,P0010,Laptop & Accessory,4,positive,2026-08-31
ORD125069,3958,P0010,Laptop & Accessory,5,positive,2026-03-14
ORD119109,2979,P0019,Mobile Phone,3,neutral,2025-08-06
ORD122059,4380,P0006,Laptop & Accessory,5,positive,2026-07-25
ORD105486,933,P0021,Mobile Phone,3,neutral,2025-09-02
ORD122090,3394,P0010,Laptop & Accessory,4,positive,2025-09-04
ORD107130,1760,P0010,Laptop & Accessory,3,neutral,2025-11-22
ORD117036,3515,P0001,Laptop & Accessory,3,neutral,2026-08-30
ORD102902,3778,P0012,Laptop & Accessory,4,positive,2025-11-11
ORD114847,342,P0010,Laptop & Accessory,4,positive,2025-10-24
ORD119542,1376,P0010,Laptop & Accessory,4,positive,2026-05-08
ORD125864,2418,P0066,Grocery,5,positive,2025-11-08
ORD107105,181,P0038,Fashion,3,neutral,2025-08-20
ORD100364,3981,P0035,Household,4,positive,2026-02-04
ORD107954,1682,P0006,Laptop & Accessory,4,positive,2026-08-16
ORD114317,3315,P0052,Others,4,positive,2025-11-13
ORD118049,3316,P0010,Laptop & Accessory,5,positive,2026-05-15
ORD111518,1816,P0022,Mobile Phone,5,positive,2026-06-22
ORD106543,3733,P0066,Grocery,3,neutral,2025-11-08
ORD107229,576,P0003,Laptop & Accessory,5,positive,2026-04-16
ORD114491,2686,P0011,Laptop & Accessory,4,positive,2025-11-25
ORD111782,3214,P0031,Household,4,positive,2026-06-19
ORD110793,2232,P0020,Mobile Phone,5,positive,2026-07-10
ORD100871,112,P0057,Others,4,positive,2026-06-05
ORD121796,4394,P0004,Laptop & Accessory,4,positive,2026-04-07
ORD109948,4270,P0034,Household,3,neutral,2025-09-22
ORD102070,2582,P0002,Laptop & Accessory,5,positive,2026-07-12
ORD102340,2670,P0029,Household,4,positive,2025-08-15
ORD121886,3740,P0037,Fashion,3,neutral,2026-07-30
ORD125771,2540,P0004,Laptop & Accessory,5,positive,2026-07-21
ORD121755,363,P0010,Laptop & Accessory,4,positive,2025-10-06
ORD111163,489,P0017,Mobile Phone,3,neutral,2025-11-13
ORD102677,587,P0010,Laptop & Accessory,4,positive,2026-03-27
ORD101624,3347,P0046,Fashion,4,positive,2025-08-18
ORD116388,2180,P0015,Mobile Phone,5,positive,2026-04-03
ORD114033,183,P0054,Others,3,neutral,2026-01-12
ORD106725,3848,P0013,Mobile Phone,5,positive,2026-02-02
ORD124522,4117,P0046,Fashion,3,neutral,2026-02-11
ORD103855,59,P0010,Laptop & Accessory,3,neutral,2026-04-14
ORD121570,1499,P0018,Mobile Phone,4,positive,2025-11-05
ORD112117,2306,P0016,Mobile Phone,4,positive,2025-11-15
ORD109385,559,P0029,Household,4,positive,2025-11-01
ORD102772,58,P0002,Laptop & Accessory,4,positive,2025-10-16
ORD104982,1404,P0010,Laptop & Accessory,4,positive,2026-06-02
ORD103319,664,P0008,Laptop & Accessory,4,positive,2026-06-16
ORD120658,1540,P0059,Others,5,positive,2026-03-04
ORD118994,3679,P0017,Mobile Phone,4,positive,2026-06-04
ORD119074,1291,P0024,Mobile Phone,5,positive,2025-08-20
ORD123613,1455,P0011,Laptop & Accessory,4,positive,2025-08-25
ORD104515,1578,P0006,Laptop & Accessory,3,neutral,2026-07-25
ORD103458,3153,P0030,Household,3,neutral,2026-06-15
ORD124400,1064,P0005,Laptop & Accessory,4,positive,2026-03-25
ORD112999,1739,P0055,Others,4,positive,2025-10-29
ORD107414,3626,P0018,Mobile Phone,4,positive,2026-02-09
ORD125331,4392,P0031,Household,5,positive,2026-06-09
ORD122474,3721,P0070,Grocery,2,negative,2026-05-12
ORD103151,264,P0066,Grocery,4,positive,2026-04-14
ORD101438,2651,P0010,Laptop & Accessory,3,neutral,2026-08-06
ORD123440,2741,P0029,Household,5,positive,2026-05-14
ORD121892,581,P0001,Laptop & Accessory,3,neutral,2026-06-16
ORD125818,1896,P0029,Household,3,neutral,2025-12-08
ORD108748,3063,P0007,Laptop & Accessory,4,positive,2025-12-06
ORD120766,1491,P0010,Laptop & Accessory,3,neutral,2026-07-01
ORD124208,2141,P0004,Laptop & Accessory,5,positive,2025-11-13
ORD115989,3131,P0025,Household,3,neutral,2026-02-19
ORD103376,2775,P0004,Laptop & Accessory,4,positive,2026-06-17
ORD124809,613,P0010,Laptop & Accessory,5,positive,2026-03-03
ORD119659,673,P0024,Mobile Phone,2,negative,2026-05-23
ORD109027,470,P0024,Mobile Phone,4,positive,2025-11-10
ORD103350,2093,P0023,Mobile Phone,4,positive,2026-06-29
ORD117627,3881,P0024,Mobile Phone,4,positive,2026-02-19
ORD111516,2193,P0002,Laptop & Accessory,4,positive,2026-08-16
ORD122434,1419,P0040,Fashion,4,positive,2026-06-17
ORD106459,981,P0040,Fashion,5,positive,2025-10-06
ORD100194,989,P0045,Fashion,4,positive,2026-04-22
ORD106334,1925,P0037,Fashion,4,positive,2026-06-30
ORD109643,3885,P0065,Grocery,4,positive,2026-02-04
ORD124351,1,P0066,Grocery,4,positive,2026-04-20
ORD106664,1515,P0023,Mobile Phone,4,positive,2025-09-02
ORD120916,4043,P0029,Household,4,positive,2025-11-18
ORD113415,2080,P0010,Laptop & Accessory,4,positive,2026-06-26
ORD107569,1455,P0070,Grocery,4,positive,2026-08-17
ORD110900,2347,P0002,Laptop & Accessory,5,positive,2025-10-19
ORD100157,3915,P0003,Laptop & Accessory,5,positive,2025-11-17
ORD100096,987,P0008,Laptop & Accessory,3,neutral,2025-11-07
ORD116662,1144,P0003,Laptop & Accessory,5,positive,2025-11-16
ORD111028,659,P0014,Mobile Phone,4,positive,2026-06-19
ORD112758,2908,P0039,Fashion,5,positive,2025-08-19
ORD100203,119,P0004,Laptop & Accessory,5,positive,2026-07-22
ORD111055,1958,P0042,Fashion,4,positive,2025-11-17
ORD109670,2989,P0040,Fashion,4,positive,2026-05-30
ORD106536,1664,P0037,Fashion,3,neutral,2026-06-12
ORD108843,339,P0007,Laptop & Accessory,5,positive,2026-06-22
ORD123561,3283,P0024,Mobile Phone,3,neutral,2026-04-10
ORD116701,636,P0010,Laptop & Accessory,4,positive,2025-10-07
ORD110960,494,P0059,Others,4,positive,2026-01-01
ORD120031,3218,P0069,Grocery,4,positive,2026-02-22
ORD115277,196,P0004,Laptop & Accessory,4,positive,2025-12-26
ORD105341,1111,P0008,Laptop & Accessory,3,neutral,2025-11-19
ORD112568,3429,P0002,Laptop & Accessory,3,neutral,2026-03-22
ORD117278,1273,P0039,Fashion,5,positive,2026-02-09
ORD117825,598,P0013,Mobile Phone,4,positive,2026-07-29
ORD118959,2220,P0010,Laptop & Accessory,4,positive,2025-11-07
ORD100639,682,P0005,Laptop & Accessory,5,positive,2026-01-21
ORD118763,651,P0026,Household,3,neutral,2026-05-10
ORD121675,1554,P0048,Fashion,3,neutral,2026-06-17
ORD119670,778,P0024,Mobile Phone,4,positive,2025-11-16
ORD102109,722,P0039,Fashion,5,positive,2026-08-26
ORD100838,1104,P0010,Laptop & Accessory,4,positive,2025-11-13
ORD121180,3704,P0018,Mobile Phone,5,positive,2025-09-09
ORD100049,4368,P0034,Household,4,positive,2025-10-19
ORD109552,236,P0009,Laptop & Accessory,4,positive,2026-05-05
ORD100547,2317,P0013,Mobile Phone,4,positive,2025-10-06
ORD116120,4415,P0010,Laptop & Accessory,5,positive,2025-09-24
ORD110068,1245,P0004,Laptop & Accessory,3,neutral,2025-11-04
ORD120690,2957,P0013,Mobile Phone,4,positive,2026-06-17
ORD111228,2461,P0029,Household,5,positive,2025-11-12
ORD122258,1537,P0069,Grocery,3,neutral,2026-05-10
ORD101753,547,P0031,Household,4,positive,2026-02-09
ORD100928,4124,P0025,Household,4,positive,2025-12-28
ORD119654,373,P0012,Laptop & Accessory,4,positive,2025-12-16
ORD113826,1732,P0024,Mobile Phone,4,positive,2026-05-19
ORD112368,3849,P0010,Laptop & Accessory,3,neutral,2026-04-08
ORD105116,3625,P0010,Laptop & Accessory,4,positive,2025-11-09
ORD119529,1850,P0015,Mobile Phone,3,neutral,2026-04-08
ORD113738,4367,P0024,Mobile Phone,4,positive,2026-08-20
ORD123541,3385,P0002,Laptop & Accessory,5,positive,2025-09-01
ORD125943,1630,P0047,Fashion,3,neutral,2025-10-15
ORD114716,3569,P0017,Mobile Phone,3,neutral,2026-06-21
ORD119427,540,P0058,Others,4,positive,2025-10-14
ORD112006,1800,P0002,Laptop & Accessory,4,positive,2026-05-12
ORD100227,231,P0001,Laptop & Accessory,5,positive,2025-10-31
ORD109957,341,P0062,Grocery,5,positive,2025-10-30
ORD105444,42,P0037,Fashion,4,positive,2025-12-29
ORD105179,505,P0041,Fashion,4,positive,2025-12-25
ORD107860,1109,P0039,Fashion,3,neutral,2025-08-07
ORD109828,3592,P0018,Mobile Phone,4,positive,2025-11-19
ORD111199,2854,P0029,Household,3,neutral,2026-05-31
ORD122657,628,P0006,Laptop & Accessory,5,positive,2026-06-18
ORD123349,4499,P0019,Mobile Phone,4,positive,2025-08-12
ORD120080,2955,P0003,Laptop & Accessory,4,positive,2025-11-15
ORD100522,4492,P0026,Household,4,positive,2025-12-17
ORD121287,1314,P0037,Fashion,4,positive,2026-06-14
ORD118197,1138,P0006,Laptop & Accessory,4,positive,2025-08-11
ORD119367,1687,P0046,Fashion,4,positive,2025-11-12
ORD114853,991,P0043,Fashion,5,positive,2026-01-14
ORD105436,2320,P0067,Grocery,3,neutral,2026-03-18
ORD117772,3430,P0010,Laptop & Accessory,3,neutral,2026-05-01
ORD109505,1119,P0041,Fashion,5,positive,2026-08-27
ORD111820,1665,P0039,Fashion,4,positive,2026-02-07
ORD100036,652,P0068,Grocery,3,neutral,2026-01-14
ORD106667,1379,P0011,Laptop & Accessory,5,positive,2026-06-16
ORD103292,2535,P0009,Laptop & Accessory,4,positive,2026-04-29
ORD122283,792,P0016,Mobile Phone,3,neutral,2025-11-21
ORD112017,3221,P0029,Household,5,positive,2025-09-07
ORD110583,4339,P0035,Household,5,positive,2026-07-02
ORD102389,2306,P0041,Fashion,4,positive,2025-10-09
ORD121883,982,P0044,Fashion,5,positive,2025-09-24
ORD102127,3021,P0046,Fashion,4,positive,2025-11-13
ORD119719,3602,P0018,Mobile Phone,4,positive,2026-08-24
ORD117814,477,P0015,Mobile Phone,4,positive,2025-11-12
ORD107652,2965,P0018,Mobile Phone,4,positive,2026-03-17
ORD122911,275,P0048,Fashion,4,positive,2025-12-27
ORD125699,2412,P0022,Mobile Phone,4,positive,2025-09-12
ORD119442,681,P0007,Laptop & Accessory,4,positive,2025-11-26
ORD100215,3996,P0049,Others,4,positive,2026-06-10
ORD120367,1049,P0056,Others,5,positive,2025-09-23
ORD111865,959,P0069,Grocery,5,positive,2026-07-07
ORD119633,1026,P0006,Laptop & Accessory,5,positive,2026-05-16
ORD119605,4258,P0035,Household,4,positive,2025-10-21
ORD109558,324,P0009,Laptop & Accessory,4,positive,2026-06-12
ORD110609,3926,P0010,Laptop & Accessory,4,positive,2026-04-14
ORD113898,987,P0010,Laptop & Accessory,2,negative,2025-12-22
ORD107930,3019,P0018,Mobile Phone,5,positive,2025-11-10
ORD118567,790,P0067,Grocery,3,neutral,2025-08-29
ORD112429,727,P0010,Laptop & Accessory,5,positive,2026-07-15
ORD110781,2041,P0024,Mobile Phone,3,neutral,2026-06-06
ORD120956,1375,P0059,Others,5,positive,2025-10-19
ORD124674,695,P0010,Laptop & Accessory,3,neutral,2025-10-25
ORD125436,179,P0069,Grocery,5,positive,2025-11-14
ORD106416,800,P0003,Laptop & Accessory,5,positive,2026-07-08
ORD104036,376,P0010,Laptop & Accessory,3,neutral,2025-10-29
ORD118647,2329,P0022,Mobile Phone,4,positive,2026-06-27
ORD104979,3250,P0023,Mobile Phone,5,positive,2026-08-20
ORD114655,3574,P0012,Laptop & Accessory,5,positive,2026-08-03
ORD113291,347,P0007,Laptop & Accessory,4,positive,2026-06-13
ORD110761,43,P0039,Fashion,5,positive,2025-11-05
ORD123040,3748,P0004,Laptop & Accessory,3,neutral,2025-12-03
ORD118829,1536,P0012,Laptop & Accessory,5,positive,2026-06-23
ORD123608,284,P0001,Laptop & Accessory,5,positive,2026-07-23
ORD105706,4237,P0020,Mobile Phone,4,positive,2026-05-29
ORD113715,576,P0013,Mobile Phone,4,positive,2026-03-01
ORD104932,1461,P0010,Laptop & Accessory,4,positive,2026-07-15
ORD117659,4408,P0004,Laptop & Accessory,5,positive,2025-09-16
ORD118595,3113,P0029,Household,4,positive,2026-06-03
ORD117719,1312,P0018,Mobile Phone,4,positive,2026-02-02
ORD106182,3868,P0019,Mobile Phone,4,positive,2026-03-03
ORD100857,3185,P0029,Household,4,positive,2026-08-03
ORD120498,3252,P0047,Fashion,4,positive,2026-06-12
ORD101338,994,P0023,Mobile Phone,5,positive,2025-11-07
ORD124790,2509,P0006,Laptop & Accessory,3,neutral,2025-10-14
ORD125024,2289,P0032,Household,3,neutral,2026-07-04
ORD111125,4449,P0029,Household,5,positive,2025-10-26
ORD123125,779,P0006,Laptop & Accessory,4,positive,2025-08-28
ORD114951,2307,P0018,Mobile Phone,4,positive,2026-04-15
ORD119538,2843,P0033,Household,5,positive,2025-12-26
ORD122182,85,P0010,Laptop & Accessory,4,positive,2026-03-11
ORD111459,2892,P0027,Household,5,positive,2025-11-05
ORD121020,644,P0010,Laptop & Accessory,5,positive,2025-12-06
ORD118326,56,P0012,Laptop & Accessory,4,positive,2026-05-27
ORD123549,1023,P0010,Laptop & Accessory,3,neutral,2026-06-20
ORD103488,2602,P0041,Fashion,3,neutral,2025-09-01
ORD120698,3870,P0015,Mobile Phone,3,neutral,2025-12-17
ORD106454,2563,P0014,Mobile Phone,5,positive,2025-12-05
ORD114439,123,P0014,Mobile Phone,5,positive,2025-09-24
ORD117978,3111,P0002,Laptop & Accessory,5,positive,2025-11-14
ORD103417,2605,P0019,Mobile Phone,4,positive,2025-12-27
ORD114714,171,P0010,Laptop & Accessory,4,positive,2025-11-15
ORD119240,1626,P0019,Mobile Phone,4,positive,2025-12-11
ORD105363,480,P0001,Laptop & Accessory,4,positive,2026-06-01
ORD114374,4009,P0021,Mobile Phone,4,positive,2026-07-29
ORD107804,920,P0031,Household,3,neutral,2025-11-02
ORD109061,919,P0015,Mobile Phone,4,positive,2025-08-25
ORD120616,1657,P0029,Household,4,positive,2025-10-19
ORD105577,1128,P0066,Grocery,3,neutral,2025-09-25
ORD110785,3653,P0046,Fashion,4,positive,2025-08-22
ORD119817,3451,P0017,Mobile Phone,5,positive,2025-11-11
ORD124442,1786,P0016,Mobile Phone,3,neutral,2025-11-17
ORD113448,1085,P0044,Fashion,5,positive,2026-06-13
ORD106076,1687,P0023,Mobile Phone,4,positive,2026-07-21
ORD100414,546,P0006,Laptop & Accessory,5,positive,2026-07-29
ORD112058,4219,P0020,Mobile Phone,4,positive,2026-05-24
ORD122306,518,P0006,Laptop & Accessory,4,positive,2026-04-11
ORD112101,178,P0006,Laptop & Accessory,5,positive,2026-02-19
ORD117988,500,P0008,Laptop & Accessory,4,positive,2025-08-09
ORD122116,371,P0005,Laptop & Accessory,4,positive,2026-03-01
ORD101104,3596,P0015,Mobile Phone,3,neutral,2026-02-03
ORD105823,3695,P0019,Mobile Phone,4,positive,2026-01-01
ORD124777,3742,P0062,Grocery,4,positive,2025-08-12
ORD103056,170,P0059,Others,4,positive,2026-04-11
ORD112322,2491,P0010,Laptop & Accessory,4,positive,2026-06-26
ORD116480,972,P0046,Fashion,5,positive,2025-10-24
ORD117981,2148,P0054,Others,5,positive,2025-09-03
ORD108674,300,P0042,Fashion,5,positive,2026-06-14
ORD125680,1570,P0014,Mobile Phone,5,positive,2025-11-18
ORD112028,174,P0010,Laptop & Accessory,4,positive,2026-06-29
ORD103592,695,P0007,Laptop & Accessory,4,positive,2026-08-03
ORD108905,4029,P0029,Household,4,positive,2026-08-14
ORD116151,586,P0015,Mobile Phone,4,positive,2026-02-04
ORD120147,2314,P0014,Mobile Phone,2,negative,2025-10-28
ORD107191,117,P0041,Fashion,4,positive,2026-03-11
ORD119830,286,P0005,Laptop & Accessory,5,positive,2026-06-22
ORD119313,3825,P0024,Mobile Phone,4,positive,2026-04-26
ORD104388,4002,P0010,Laptop & Accessory,3,neutral,2026-05-07
ORD114102,3531,P0026,Household,3,neutral,2026-04-01
ORD124731,1425,P0068,Grocery,5,positive,2026-01-21
ORD101839,309,P0014,Mobile Phone,4,positive,2026-01-26
ORD109650,1772,P0014,Mobile Phone,4,positive,2025-08-04
ORD109243,3351,P0003,Laptop & Accessory,3,neutral,2026-08-20
ORD108788,1400,P0009,Laptop & Accessory,4,positive,2025-08-07
ORD117030,3677,P0020,Mobile Phone,4,positive,2025-09-10
ORD118703,3926,P0001,Laptop & Accessory,3,neutral,2026-01-05
ORD107401,506,P0024,Mobile Phone,4,positive,2026-04-30
ORD110836,2102,P0009,Laptop & Accessory,3,neutral,2026-07-04
ORD102461,124,P0046,Fashion,4,positive,2026-06-18
ORD122743,292,P0011,Laptop & Accessory,4,positive,2026-07-23
ORD111847,1386,P0029,Household,4,positive,2026-06-15
ORD119608,4390,P0044,Fashion,4,positive,2025-11-13
ORD124135,2641,P0017,Mobile Phone,4,positive,2025-12-25
ORD101502,76,P0006,Laptop & Accessory,5,positive,2026-04-19
ORD103995,1006,P0036,Household,4,positive,2025-11-30
ORD115855,1038,P0029,Household,4,positive,2026-01-02
ORD117914,5,P0067,Grocery,4,positive,2026-03-05
ORD107144,853,P0010,Laptop & Accessory,5,positive,2026-01-26
ORD104640,1927,P0069,Grocery,4,positive,2026-01-18
ORD108188,3320,P0053,Others,4,positive,2026-08-01
ORD108482,3737,P0058,Others,5,positive,2025-10-19
ORD124486,3148,P0029,Household,5,positive,2025-11-08
ORD117089,130,P0031,Household,5,positive,2026-07-22
ORD113802,2046,P0069,Grocery,5,positive,2025-12-05
ORD121079,4254,P0034,Household,4,positive,2026-04-28
ORD125931,2015,P0012,Laptop & Accessory,3,neutral,2025-09-22
ORD117997,1359,P0069,Grocery,4,positive,2025-11-07
ORD119680,4121,P0029,Household,5,positive,2026-04-25
ORD101599,166,P0046,Fashion,5,positive,2026-02-25
ORD104968,2957,P0013,Mobile Phone,4,positive,2025-08-28
ORD106184,1023,P0008,Laptop & Accessory,4,positive,2025-10-16
ORD112987,532,P0004,Laptop & Accessory,4,positive,2025-11-10
ORD116726,937,P0037,Fashion,4,positive,2025-11-06
ORD115278,1040,P0008,Laptop & Accessory,5,positive,2025-11-15
ORD105228,237,P0053,Others,5,positive,2026-08-14
ORD112030,767,P0010,Laptop & Accessory,4,positive,2026-02-15
ORD104755,2596,P0010,Laptop & Accessory,4,positive,2025-09-05
ORD118613,1583,P0053,Others,3,neutral,2026-01-05
ORD108797,2553,P0022,Mobile Phone,4,positive,2025-11-15
ORD102393,3647,P0013,Mobile Phone,4,positive,2025-11-27
ORD100670,1219,P0002,Laptop & Accessory,5,positive,2025-12-17
ORD109324,3185,P0035,Household,4,positive,2026-08-26
ORD105653,2421,P0011,Laptop & Accessory,4,positive,2025-11-01
ORD103122,38,P0003,Laptop & Accessory,4,positive,2025-11-14
ORD121611,2595,P0041,Fashion,3,neutral,2025-08-07
ORD124706,3853,P0013,Mobile Phone,3,neutral,2026-03-19
ORD125909,2078,P0018,Mobile Phone,4,positive,2025-11-01
ORD102254,862,P0035,Household,4,positive,2026-01-11
ORD108406,1010,P0010,Laptop & Accessory,5,positive,2025-11-02
ORD115023,1075,P0025,Household,4,positive,2025-11-13
ORD123300,1704,P0055,Others,4,positive,2025-12-02
ORD106861,3769,P0015,Mobile Phone,4,positive,2026-08-29
ORD119138,3998,P0012,Laptop & Accessory,4,positive,2026-08-31
ORD115942,4272,P0037,Fashion,4,positive,2026-07-21
ORD105408,2725,P0008,Laptop & Accessory,5,positive,2025-08-08
ORD118590,589,P0040,Fashion,5,positive,2026-06-18
ORD119156,2248,P0013,Mobile Phone,5,positive,2026-06-03
ORD123384,2338,P0069,Grocery,4,positive,2026-08-06
ORD104161,3898,P0017,Mobile Phone,4,positive,2025-11-01
ORD115342,678,P0053,Others,4,positive,2025-08-29
ORD115325,3102,P0006,Laptop & Accessory,4,positive,2026-02-08
ORD113941,132,P0010,Laptop & Accessory,4,positive,2026-06-25
ORD106011,2262,P0022,Mobile Phone,3,neutral,2025-11-16
ORD125161,3456,P0025,Household,5,positive,2026-08-20
ORD108076,2376,P0009,Laptop & Accessory,4,positive,2026-01-16
ORD113466,3259,P0027,Household,5,positive,2025-08-16
ORD123196,1068,P0003,Laptop & Accessory,5,positive,2026-05-15
ORD118160,3352,P0026,Household,3,neutral,2026-04-27
ORD111667,434,P0037,Fashion,4,positive,2026-08-09
ORD123864,2847,P0057,Others,5,positive,2026-03-18
ORD122444,1836,P0020,Mobile Phone,4,positive,2026-05-14
ORD100825,993,P0022,Mobile Phone,3,neutral,2026-04-22
ORD101161,2205,P0023,Mobile Phone,3,neutral,2026-07-04
ORD114277,2506,P0017,Mobile Phone,4,positive,2026-07-14
ORD124673,2613,P0022,Mobile Phone,4,positive,2025-08-23
ORD117655,2051,P0010,Laptop & Accessory,5,positive,2026-07-20
ORD114572,993,P0021,Mobile Phone,4,positive,2026-02-04
ORD122954,2991,P0068,Grocery,4,positive,2025-11-22
ORD105674,1281,P0010,Laptop & Accessory,3,neutral,2026-08-17
ORD119859,1457,P0010,Laptop & Accessory,4,positive,2026-08-26
ORD104228,3946,P0016,Mobile Phone,4,positive,2025-09-23
ORD105562,3275,P0035,Household,3,neutral,2026-05-19
ORD114402,3560,P0006,Laptop & Accessory,4,positive,2025-12-23
ORD105552,1678,P0005,Laptop & Accessory,5,positive,2025-11-28
ORD108128,200,P0002,Laptop & Accessory,4,positive,2026-06-21
ORD108324,34,P0003,Laptop & Accessory,3,neutral,2025-10-27
ORD101113,2150,P0012,Laptop & Accessory,4,positive,2025-10-16
ORD108783,879,P0037,Fashion,4,positive,2026-04-11
ORD124460,945,P0026,Household,5,positive,2025-09-03
ORD121489,12,P0010,Laptop & Accessory,4,positive,2025-11-08
ORD121565,3874,P0012,Laptop & Accessory,4,positive,2026-01-10
ORD121689,2503,P0010,Laptop & Accessory,5,positive,2026-01-17
ORD110727,930,P0046,Fashion,3,neutral,2026-01-14
ORD124910,3042,P0006,Laptop & Accessory,2,negative,2025-09-17
ORD109439,3864,P0014,Mobile Phone,4,positive,2026-06-19
ORD114360,1147,P0013,Mobile Phone,5,positive,2026-04-14
ORD123318,666,P0043,Fashion,5,positive,2026-07-09
ORD100827,1629,P0012,Laptop & Accessory,5,positive,2026-04-21
ORD101381,3864,P0016,Mobile Phone,4,positive,2025-10-23
ORD117063,3422,P0029,Household,4,positive,2025-08-16
ORD104246,108,P0005,Laptop & Accessory,4,positive,2025-11-18
ORD104570,564,P0039,Fashion,4,positive,2025-11-17
ORD124183,616,P0046,Fashion,5,positive,2026-05-19
ORD109970,3966,P0012,Laptop & Accessory,3,neutral,2026-03-13
ORD121996,1864,P0010,Laptop & Accessory,4,positive,2025-10-28
ORD104648,794,P0018,Mobile Phone,4,positive,2026-04-21
ORD101666,215,P0012,Laptop & Accessory,4,positive,2025-12-24
ORD114068,384,P0018,Mobile Phone,4,positive,2026-02-19
ORD125045,287,P0003,Laptop & Accessory,5,positive,2025-09-24
ORD103004,277,P0053,Others,5,positive,2025-11-12
ORD112475,54,P0038,Fashion,5,positive,2026-03-11
ORD107703,1935,P0005,Laptop & Accessory,5,positive,2026-01-02
ORD123220,1349,P0012,Laptop & Accessory,4,positive,2025-09-14
ORD111942,2386,P0010,Laptop & Accessory,4,positive,2025-09-28
ORD120934,178,P0006,Laptop & Accessory,3,neutral,2026-02-11
ORD112371,3692,P0022,Mobile Phone,4,positive,2026-01-21
ORD105809,160,P0001,Laptop & Accessory,2,negative,2026-07-04
ORD107279,473,P0033,Household,5,positive,2026-05-28
ORD100830,1440,P0004,Laptop & Accessory,4,positive,2025-11-03
ORD105247,606,P0030,Household,4,positive,2026-05-26
ORD119772,1897,P0029,Household,4,positive,2026-03-11
ORD107138,2412,P0050,Others,3,neutral,2026-01-30
ORD106661,3113,P0006,Laptop & Accessory,4,positive,2025-11-18
ORD122655,320,P0008,Laptop & Accessory,5,positive,2026-02-28
ORD110468,3901,P0064,Grocery,4,positive,2026-05-06
ORD113419,1027,P0046,Fashion,4,positive,2025-11-05
ORD106784,112,P0002,Laptop & Accessory,4,positive,2026-05-27
ORD118245,3833,P0029,Household,4,positive,2025-12-14
ORD120375,20,P0046,Fashion,3,neutral,2025-12-04
ORD113985,1404,P0013,Mobile Phone,4,positive,2026-07-24
ORD104559,2189,P0010,Laptop & Accessory,3,neutral,2025-09-07
ORD105695,1830,P0016,Mobile Phone,4,positive,2025-09-21
ORD121539,591,P0010,Laptop & Accessory,4,positive,2026-07-22
ORD100462,465,P0004,Laptop & Accessory,4,positive,2025-10-04
ORD117225,1615,P0021,Mobile Phone,5,positive,2025-11-08
ORD102974,901,P0024,Mobile Phone,4,positive,2025-11-01
ORD111439,1081,P0046,Fashion,2,negative,2026-03-22
ORD118065,2564,P0048,Fashion,4,positive,2025-11-19
ORD117873,182,P0007,Laptop & Accessory,4,positive,2025-12-07
ORD115219,1781,P0018,Mobile Phone,4,positive,2025-12-11
ORD125148,928,P0010,Laptop & Accessory,5,positive,2026-01-17
ORD114283,2676,P0012,Laptop & Accessory,4,positive,2026-07-22
ORD102134,1631,P0046,Fashion,3,neutral,2025-08-29
ORD119657,2700,P0031,Household,3,neutral,2025-11-08
ORD103325,725,P0012,Laptop & Accessory,4,positive,2026-02-25
ORD108423,3104,P0008,Laptop & Accessory,5,positive,2025-08-10
ORD119098,4397,P0011,Laptop & Accessory,4,positive,2026-01-06
ORD120116,3747,P0045,Fashion,5,positive,2025-12-26
ORD116987,2876,P0026,Household,5,positive,2025-10-13
ORD108551,4385,P0003,Laptop & Accessory,5,positive,2026-08-25
ORD115024,225,P0019,Mobile Phone,5,positive,2026-03-24
ORD109869,292,P0011,Laptop & Accessory,3,neutral,2026-06-17
ORD123721,30,P0026,Household,5,positive,2025-11-16
ORD121231,3108,P0032,Household,4,positive,2026-03-24
ORD121243,4021,P0027,Household,5,positive,2025-09-15
ORD120150,4258,P0027,Household,5,positive,2025-09-29
ORD117488,505,P0046,Fashion,5,positive,2026-06-19
ORD113237,2551,P0056,Others,4,positive,2026-02-20
ORD111910,4298,P0053,Others,5,positive,2025-11-15
ORD119900,98,P0007,Laptop & Accessory,4,positive,2025-12-08
ORD123563,3637,P0018,Mobile Phone,4,positive,2025-12-10
ORD113250,2023,P0022,Mobile Phone,4,positive,2025-11-04
ORD103562,1483,P0024,Mobile Phone,4,positive,2026-06-03
ORD105376,340,P0010,Laptop & Accessory,5,positive,2026-03-16
ORD120722,328,P0029,Household,5,positive,2026-03-13
ORD103253,681,P0016,Mobile Phone,5,positive,2026-08-17
ORD119548,537,P0007,Laptop & Accessory,4,positive,2025-12-31
ORD104466,4005,P0009,Laptop & Accessory,4,positive,2026-06-04
ORD121320,3239,P0033,Household,5,positive,2025-11-20
ORD108567,3790,P0013,Mobile Phone,4,positive,2025-11-09
ORD107272,475,P0040,Fashion,4,positive,2025-10-16
ORD105333,1379,P0012,Laptop & Accessory,4,positive,2026-01-14
ORD112818,4013,P0031,Household,4,positive,2025-08-05
ORD106192,1378,P0018,Mobile Phone,4,positive,2026-04-14
ORD124951,3451,P0021,Mobile Phone,3,neutral,2026-03-30
ORD105913,1598,P0006,Laptop & Accessory,4,positive,2025-09-26
ORD101560,4163,P0018,Mobile Phone,4,positive,2026-05-13
ORD113915,3825,P0050,Others,3,neutral,2026-08-13
ORD112562,4335,P0010,Laptop & Accessory,5,positive,2026-01-21
ORD102642,2695,P0006,Laptop & Accessory,3,neutral,2026-05-30
ORD100939,3760,P0055,Others,3,neutral,2025-09-03
ORD120369,1337,P0008,Laptop & Accessory,5,positive,2025-10-15
ORD105629,496,P0029,Household,4,positive,2026-07-12
ORD110816,1379,P0008,Laptop & Accessory,5,positive,2026-08-30
ORD117400,562,P0022,Mobile Phone,5,positive,2026-07-26
ORD119452,942,P0039,Fashion,3,neutral,2026-05-22
ORD123954,1346,P0035,Household,3,neutral,2025-12-16
ORD122254,2757,P0042,Fashion,5,positive,2025-09-14
ORD114617,1060,P0010,Laptop & Accessory,5,positive,2025-11-07
ORD117107,80,P0031,Household,4,positive,2025-09-20
ORD119792,1433,P0010,Laptop & Accessory,4,positive,2026-06-14
ORD103688,2100,P0023,Mobile Phone,4,positive,2025-12-09
ORD120421,33,P0002,Laptop & Accessory,4,positive,2025-09-21
ORD105324,2343,P0005,Laptop & Accessory,3,neutral,2026-08-15
ORD102754,3350,P0010,Laptop & Accessory,5,positive,2026-01-21
ORD120557,3567,P0014,Mobile Phone,5,positive,2026-07-21
ORD121354,994,P0066,Grocery,4,positive,2026-03-08
ORD125108,241,P0072,Grocery,4,positive,2026-06-23
ORD103171,729,P0018,Mobile Phone,4,positive,2026-08-07
ORD123996,83,P0069,Grocery,4,positive,2025-11-13
ORD111282,835,P0014,Mobile Phone,5,positive,2026-02-19
ORD103265,4475,P0027,Household,4,positive,2026-05-10
ORD114195,542,P0040,Fashion,2,negative,2025-08-04
ORD125892,190,P0037,Fashion,5,positive,2026-03-26
ORD114290,568,P0013,Mobile Phone,5,positive,2026-06-10
ORD113111,2902,P0040,Fashion,3,neutral,2025-11-10
ORD117835,266,P0010,Laptop & Accessory,3,neutral,2025-11-11
ORD103328,4472,P0032,Household,5,positive,2025-11-18
ORD110049,295,P0010,Laptop & Accessory,4,positive,2025-12-31
ORD104845,626,P0026,Household,4,positive,2025-10-16
ORD121844,3749,P0015,Mobile Phone,3,neutral,2025-11-22
ORD122346,3016,P0019,Mobile Phone,4,positive,2026-01-02
ORD105856,4407,P0008,Laptop & Accessory,4,positive,2025-08-09
ORD109367,2770,P0004,Laptop & Accessory,4,positive,2026-06-20
ORD123005,1081,P0006,Laptop & Accessory,3,neutral,2026-08-12
ORD100922,201,P0005,Laptop & Accessory,4,positive,2025-08-27
ORD106352,473,P0059,Others,4,positive,2026-03-30
ORD110589,337,P0016,Mobile Phone,5,positive,2026-03-15
ORD125592,3620,P0043,Fashion,4,positive,2026-03-06
ORD105638,21,P0013,Mobile Phone,4,positive,2025-08-23
ORD114747,2650,P0029,Household,4,positive,2026-08-22
ORD100402,3035,P0057,Others,3,neutral,2025-09-30
ORD123719,4245,P0069,Grocery,3,neutral,2026-01-29
ORD117084,6,P0062,Grocery,4,positive,2025-11-11
ORD121033,2045,P0018,Mobile Phone,5,positive,2026-06-15
ORD100714,1639,P0031,Household,5,positive,2025-11-14
ORD107203,1767,P0008,Laptop & Accessory,4,positive,2025-09-17
ORD100309,832,P0015,Mobile Phone,4,positive,2025-12-04
ORD116399,3694,P0014,Mobile Phone,4,positive,2026-06-19
ORD110820,539,P0006,Laptop & Accessory,3,neutral,2026-02-13
ORD118797,3977,P0002,Laptop & Accessory,3,neutral,2026-04-10
ORD105476,2006,P0010,Laptop & Accessory,4,positive,2026-02-20
ORD112519,3872,P0017,Mobile Phone,4,positive,2026-08-30
ORD109732,615,P0016,Mobile Phone,3,neutral,2026-04-06
ORD109817,4485,P0033,Household,4,positive,2025-09-23
ORD125393,1902,P0005,Laptop & Accessory,4,positive,2026-01-23
ORD113330,3778,P0038,Fashion,3,neutral,2026-08-25
ORD120056,3594,P0038,Fashion,5,positive,2025-08-05
ORD120527,613,P0052,Others,5,positive,2025-10-10
ORD121006,805,P0007,Laptop & Accessory,4,positive,2025-10-19
ORD110348,14,P0033,Household,5,positive,2026-04-05
ORD116901,2157,P0003,Laptop & Accessory,4,positive,2025-08-23
ORD102300,4344,P0009,Laptop & Accessory,4,positive,2025-10-09
ORD117396,3032,P0004,Laptop & Accessory,4,positive,2025-11-09
ORD116508,1461,P0010,Laptop & Accessory,5,positive,2026-06-17
ORD103634,505,P0042,Fashion,4,positive,2025-12-31
ORD124234,1906,P0021,Mobile Phone,3,neutral,2026-07-30
ORD106069,138,P0041,Fashion,3,neutral,2026-03-04
ORD123330,72,P0013,Mobile Phone,4,positive,2025-10-06
ORD115145,1738,P0008,Laptop & Accessory,4,positive,2026-01-25
ORD112646,2955,P0003,Laptop & Accessory,4,positive,2025-11-08
ORD112398,4075,P0051,Others,5,positive,2025-10-15
ORD125764,1430,P0011,Laptop & Accessory,3,neutral,2026-06-15
ORD114738,2259,P0018,Mobile Phone,4,positive,2026-05-20
ORD106163,211,P0033,Household,4,positive,2026-01-18
ORD110895,109,P0048,Fashion,4,positive,2026-02-13
ORD117428,2240,P0024,Mobile Phone,4,positive,2025-10-17
ORD109156,2609,P0006,Laptop & Accessory,2,negative,2026-05-06
ORD103099,198,P0001,Laptop & Accessory,4,positive,2025-09-02
ORD117217,3155,P0015,Mobile Phone,4,positive,2025-11-18
ORD102894,4325,P0035,Household,5,positive,2025-11-15
ORD102281,3121,P0003,Laptop & Accessory,4,positive,2025-11-05
ORD123782,2158,P0010,Laptop & Accessory,4,positive,2025-11-16
ORD116749,484,P0039,Fashion,4,positive,2026-05-23
ORD122075,602,P0046,Fashion,4,positive,2026-05-18
ORD121603,1352,P0002,Laptop & Accessory,4,positive,2026-08-28
ORD117519,3843,P0007,Laptop & Accessory,5,positive,2026-08-28
ORD113024,3104,P0010,Laptop & Accessory,5,positive,2025-10-03
ORD102175,1418,P0014,Mobile Phone,4,positive,2026-06-03
ORD113376,1128,P0010,Laptop & Accessory,4,positive,2026-04-11
ORD121336,4413,P0037,Fashion,4,positive,2026-08-18
ORD106910,4542,P0031,Household,5,positive,2025-11-17
ORD124021,2080,P0032,Household,4,positive,2026-07-28
ORD117177,2369,P0012,Laptop & Accessory,4,positive,2025-08-16
ORD111534,3307,P0010,Laptop & Accessory,5,positive,2026-06-29
ORD106357,4199,P0029,Household,4,positive,2026-03-25
ORD103290,1428,P0044,Fashion,3,neutral,2026-02-03
ORD113076,1928,P0059,Others,4,positive,2026-04-17
ORD121139,1051,P0018,Mobile Phone,2,negative,2025-08-16
ORD121164,2497,P0013,Mobile Phone,4,positive,2026-05-19
ORD108864,3112,P0031,Household,4,positive,2026-01-20
ORD124387,2968,P0023,Mobile Phone,3,neutral,2026-01-22
ORD120297,755,P0038,Fashion,4,positive,2025-11-14
ORD101749,172,P0060,Others,3,neutral,2025-09-07
ORD120172,37,P0008,Laptop & Accessory,4,positive,2025-12-13
ORD113062,110,P0029,Household,5,positive,2025-11-16
ORD105718,1613,P0008,Laptop & Accessory,5,positive,2025-11-11
ORD124516,1418,P0013,Mobile Phone,4,positive,2025-09-24
ORD113349,556,P0023,Mobile Phone,4,positive,2026-05-26
ORD122477,767,P0005,Laptop & Accessory,4,positive,2025-08-13
ORD116017,2388,P0014,Mobile Phone,3,neutral,2026-01-01
ORD119580,655,P0010,Laptop & Accessory,4,positive,2026-05-08
ORD117382,240,P0010,Laptop & Accessory,4,positive,2025-10-08
ORD117051,2865,P0023,Mobile Phone,5,positive,2025-11-13
ORD105007,756,P0010,Laptop & Accessory,4,positive,2025-09-20
ORD109551,313,P0010,Laptop & Accessory,5,positive,2026-04-15
ORD111870,911,P0037,Fashion,5,positive,2026-04-05
ORD125480,3547,P0029,Household,3,neutral,2026-08-14
ORD107898,3966,P0058,Others,2,negative,2025-10-01
ORD125475,2531,P0010,Laptop & Accessory,5,positive,2025-11-26
ORD100915,473,P0029,Household,3,neutral,2026-02-12
ORD104958,3102,P0008,Laptop & Accessory,2,negative,2025-10-23
ORD102617,303,P0012,Laptop & Accessory,2,negative,2026-06-20
ORD125379,2647,P0006,Laptop & Accessory,3,neutral,2025-09-24
ORD111195,497,P0011,Laptop & Accessory,4,positive,2025-09-07
ORD120817,716,P0001,Laptop & Accessory,4,positive,2026-06-13
ORD121719,3393,P0039,Fashion,4,positive,2026-06-17
ORD123143,490,P0031,Household,5,positive,2025-12-09
ORD117884,430,P0005,Laptop & Accessory,4,positive,2025-12-12
ORD112860,2213,P0018,Mobile Phone,3,neutral,2026-02-01
ORD123004,4339,P0029,Household,4,positive,2025-09-29
ORD116652,657,P0007,Laptop & Accessory,4,positive,2025-08-30
ORD122979,1195,P0010,Laptop & Accessory,4,positive,2025-09-06
ORD123456,499,P0036,Household,4,positive,2026-05-09
ORD108528,3567,P0056,Others,4,positive,2026-03-07
ORD104532,4445,P0018,Mobile Phone,4,positive,2026-07-03
ORD113005,4011,P0018,Mobile Phone,5,positive,2026-04-22
ORD119012,298,P0039,Fashion,4,positive,2026-05-30
ORD107669,4268,P0046,Fashion,5,positive,2025-12-02
ORD111342,601,P0010,Laptop & Accessory,4,positive,2026-05-17
ORD107672,2505,P0020,Mobile Phone,4,positive,2026-05-11
ORD105356,2312,P0012,Laptop & Accessory,4,positive,2026-02-05
ORD112556,121,P0033,Household,3,neutral,2026-05-06
ORD117306,4,P0024,Mobile Phone,4,positive,2026-04-01
ORD103324,3233,P0033,Household,3,neutral,2026-07-12
ORD125712,1731,P0002,Laptop & Accessory,3,neutral,2025-09-21
ORD114279,10,P0037,Fashion,4,positive,2026-04-10
ORD114802,2297,P0023,Mobile Phone,5,positive,2025-08-18
ORD104872,2080,P0008,Laptop & Accessory,5,positive,2026-08-04
ORD106587,2422,P0016,Mobile Phone,4,positive,2025-12-10
ORD107087,4525,P0038,Fashion,4,positive,2026-01-25
ORD102543,2265,P0039,Fashion,4,positive,2026-02-16
ORD110969,2702,P0039,Fashion,4,positive,2025-12-19
ORD107917,1833,P0007,Laptop & Accessory,3,neutral,2026-06-20
ORD117596,1451,P0021,Mobile Phone,5,positive,2026-01-24
ORD100578,787,P0006,Laptop & Accessory,5,positive,2025-08-17
ORD118348,2844,P0029,Household,4,positive,2026-03-24
ORD101058,2981,P0027,Household,5,positive,2025-10-01
ORD118641,938,P0026,Household,3,neutral,2026-08-14
ORD119924,3608,P0020,Mobile Phone,4,positive,2025-11-11
ORD124517,2644,P0061,Grocery,4,positive,2026-03-07
ORD124656,3443,P0012,Laptop & Accessory,5,positive,2026-05-26
ORD111689,1004,P0045,Fashion,4,positive,2026-05-14
ORD100690,3353,P0003,Laptop & Accessory,5,positive,2026-02-03
ORD100752,1,P0044,Fashion,4,positive,2026-03-02
ORD119295,98,P0029,Household,5,positive,2025-11-21
ORD103804,2506,P0024,Mobile Phone,3,neutral,2025-11-06
ORD106713,664,P0012,Laptop & Accessory,4,positive,2026-08-21
ORD100901,3542,P0056,Others,4,positive,2026-06-15
ORD107042,1027,P0040,Fashion,5,positive,2026-05-13
ORD108581,2946,P0029,Household,5,positive,2026-03-23
ORD116001,4403,P0069,Grocery,3,neutral,2026-01-06
ORD107162,454,P0012,Laptop & Accessory,5,positive,2026-01-01
ORD125068,2869,P0018,Mobile Phone,4,positive,2026-01-04
ORD104098,13,P0010,Laptop & Accessory,4,positive,2025-08-05
ORD102313,591,P0057,Others,4,positive,2026-04-06
ORD125469,1871,P0045,Fashion,4,positive,2025-12-13
ORD118610,307,P0023,Mobile Phone,5,positive,2026-03-17
ORD117494,1311,P0059,Others,3,neutral,2026-08-11
ORD112797,84,P0069,Grocery,4,positive,2025-11-11
ORD125152,10,P0005,Laptop & Accessory,5,positive,2025-12-12
ORD101977,1012,P0038,Fashion,5,positive,2025-08-31
ORD114692,1667,P0012,Laptop & Accessory,4,positive,2025-12-30
ORD125465,97,P0010,Laptop & Accessory,5,positive,2025-08-19
ORD111741,3891,P0069,Grocery,5,positive,2025-10-01
ORD111426,2636,P0072,Grocery,4,positive,2025-12-23
ORD121772,3851,P0038,Fashion,4,positive,2026-02-18
ORD111733,4013,P0026,Household,3,neutral,2026-01-07
ORD118989,3605,P0055,Others,5,positive,2026-06-14
ORD112464,1181,P0010,Laptop & Accessory,4,positive,2026-08-23
ORD106123,34,P0011,Laptop & Accessory,4,positive,2026-05-14
ORD118740,1310,P0042,Fashion,4,positive,2026-01-01
ORD105051,4150,P0056,Others,5,positive,2026-07-03
ORD124114,301,P0047,Fashion,4,positive,2025-09-09
ORD125717,931,P0046,Fashion,4,positive,2026-01-13
ORD114187,1821,P0010,Laptop & Accessory,5,positive,2026-05-26
ORD105761,4407,P0001,Laptop & Accessory,3,neutral,2025-11-25
ORD116522,2083,P0018,Mobile Phone,4,positive,2026-06-23
ORD124638,1581,P0002,Laptop & Accessory,3,neutral,2026-07-26
ORD102185,769,P0016,Mobile Phone,4,positive,2026-06-15
ORD108148,1692,P0014,Mobile Phone,4,positive,2026-03-01
ORD117157,2592,P0007,Laptop & Accessory,3,neutral,2026-02-03
ORD111012,3482,P0006,Laptop & Accessory,3,neutral,2026-04-26
ORD112736,1711,P0009,Laptop & Accessory,4,positive,2025-11-08
ORD113475,728,P0010,Laptop & Accessory,4,positive,2026-05-02
ORD120039,4375,P0046,Fashion,4,positive,2025-09-29
ORD115132,13,P0008,Laptop & Accessory,3,neutral,2026-01-17
ORD107053,1345,P0035,Household,4,positive,2025-12-01
ORD113480,1865,P0038,Fashion,4,positive,2025-10-16
ORD111768,374,P0009,Laptop & Accessory,4,positive,2025-10-25
ORD114593,2308,P0039,Fashion,3,neutral,2025-08-06
ORD109575,2505,P0031,Household,4,positive,2025-09-28
ORD100057,3981,P0024,Mobile Phone,4,positive,2026-03-18
ORD121266,4171,P0006,Laptop & Accessory,3,neutral,2025-11-10
ORD121210,3971,P0010,Laptop & Accessory,4,positive,2025-09-12
ORD101542,2184,P0053,Others,4,positive,2026-07-19
ORD120552,3421,P0010,Laptop & Accessory,4,positive,2025-09-12
ORD114250,503,P0029,Household,4,positive,2025-10-02
ORD119568,2220,P0010,Laptop & Accessory,4,positive,2025-09-09
ORD111917,2683,P0065,Grocery,5,positive,2026-06-16
ORD102551,478,P0011,Laptop & Accessory,4,positive,2026-04-26
ORD121731,986,P0010,Laptop & Accessory,5,positive,2026-02-23
ORD105447,1199,P0069,Grocery,4,positive,2025-10-02
ORD113908,1674,P0031,Household,4,positive,2026-04-10
ORD106763,358,P0039,Fashion,3,neutral,2026-05-10
ORD122371,4289,P0019,Mobile Phone,4,positive,2026-02-25
ORD119414,1688,P0013,Mobile Phone,2,negative,2026-05-21
ORD111229,3171,P0030,Household,4,positive,2025-08-15
ORD114006,3656,P0032,Household,4,positive,2026-06-25
ORD114921,2119,P0028,Household,3,neutral,2025-11-09
ORD102688,2632,P0001,Laptop & Accessory,4,positive,2025-12-10
ORD115084,41,P0010,Laptop & Accessory,5,positive,2025-09-29
ORD100765,791,P0001,Laptop & Accessory,4,positive,2026-06-19
ORD113656,2179,P0010,Laptop & Accessory,4,positive,2026-07-15
ORD103106,606,P0010,Laptop & Accessory,4,positive,2026-05-12
ORD109567,1340,P0049,Others,4,positive,2025-11-06
ORD110312,479,P0024,Mobile Phone,4,positive,2025-09-23
ORD124700,723,P0010,Laptop & Accessory,4,positive,2026-04-18
ORD107295,492,P0028,Household,4,positive,2026-02-25
ORD123657,3740,P0046,Fashion,3,neutral,2025-11-04
ORD109621,1025,P0043,Fashion,5,positive,2026-01-22
ORD124807,2063,P0017,Mobile Phone,4,positive,2025-11-17
ORD121432,3023,P0022,Mobile Phone,4,positive,2026-01-25
ORD102972,898,P0005,Laptop & Accessory,4,positive,2025-10-08
ORD111879,367,P0003,Laptop & Accessory,4,positive,2025-12-16
ORD101731,1619,P0010,Laptop & Accessory,5,positive,2026-07-31
ORD125690,1045,P0006,Laptop & Accessory,2,negative,2025-10-05
ORD110277,2436,P0029,Household,4,positive,2026-01-07
ORD110952,988,P0010,Laptop & Accessory,5,positive,2026-05-20
ORD102018,3616,P0029,Household,4,positive,2026-05-30
ORD101453,704,P0050,Others,4,positive,2026-07-02
ORD107477,2571,P0018,Mobile Phone,4,positive,2025-11-06
ORD104468,1065,P0005,Laptop & Accessory,4,positive,2026-08-31
ORD116954,1475,P0017,Mobile Phone,4,positive,2026-05-04
ORD121646,463,P0001,Laptop & Accessory,5,positive,2025-12-01
ORD109749,1547,P0010,Laptop & Accessory,5,positive,2025-08-08
ORD100012,133,P0066,Grocery,3,neutral,2026-04-07
ORD108934,1492,P0011,Laptop & Accessory,4,positive,2025-11-25
ORD101067,570,P0032,Household,4,positive,2026-04-07
ORD118255,2301,P0049,Others,4,positive,2026-06-06
ORD113060,1766,P0018,Mobile Phone,5,positive,2026-02-18
ORD122846,2039,P0023,Mobile Phone,4,positive,2026-06-28
ORD124653,3555,P0024,Mobile Phone,4,positive,2025-11-12
ORD100802,3683,P0013,Mobile Phone,4,positive,2025-08-22
ORD102353,3649,P0021,Mobile Phone,4,positive,2026-08-31
ORD120897,1276,P0048,Fashion,5,positive,2026-04-02
ORD100927,1470,P0006,Laptop & Accessory,3,neutral,2026-06-19
ORD103619,1361,P0024,Mobile Phone,4,positive,2026-01-07
ORD119641,3993,P0009,Laptop & Accessory,3,neutral,2026-05-31
ORD122536,2658,P0049,Others,4,positive,2025-11-18
ORD101101,3847,P0008,Laptop & Accessory,4,positive,2025-08-15
ORD103690,3950,P0030,Household,5,positive,2026-06-18
ORD111810,4054,P0006,Laptop & Accessory,4,positive,2026-07-19
ORD125574,2255,P0016,Mobile Phone,4,positive,2026-06-23
ORD121614,3899,P0064,Grocery,4,positive,2025-08-25
ORD118185,1325,P0069,Grocery,3,neutral,2025-12-31
ORD111198,4394,P0010,Laptop & Accessory,4,positive,2026-08-08
ORD114654,1129,P0057,Others,4,positive,2026-03-01
ORD103362,46,P0011,Laptop & Accessory,5,positive,2026-05-28
ORD112268,259,P0037,Fashion,4,positive,2026-03-15
ORD111022,2571,P0042,Fashion,4,positive,2026-05-26
ORD101508,3367,P0020,Mobile Phone,5,positive,2026-02-03
ORD109605,3645,P0018,Mobile Phone,4,positive,2026-07-23
ORD117163,623,P0049,Others,3,neutral,2026-01-29
ORD105210,4075,P0012,Laptop & Accessory,5,positive,2026-08-10
ORD109184,2063,P0018,Mobile Phone,3,neutral,2026-04-21
ORD118111,4286,P0031,Household,5,positive,2026-03-03
ORD122587,3148,P0049,Others,4,positive,2026-07-27
ORD113973,2714,P0035,Household,5,positive,2026-06-22
ORD116450,1521,P0005,Laptop & Accessory,1,negative,2026-05-26
ORD114736,1164,P0010,Laptop & Accessory,3,neutral,2026-01-15
ORD103449,3070,P0010,Laptop & Accessory,4,positive,2025-12-30
ORD116999,2541,P0037,Fashion,4,positive,2026-02-06
ORD104031,1774,P0010,Laptop & Accessory,3,neutral,2025-08-13
ORD116047,3086,P0069,Grocery,4,positive,2025-08-23
ORD121499,1916,P0072,Grocery,3,neutral,2026-01-26
ORD118686,4059,P0028,Household,3,neutral,2025-11-13
ORD116763,2921,P0033,Household,5,positive,2026-08-09
ORD122899,4453,P0031,Household,3,neutral,2026-08-08
ORD124988,558,P0006,Laptop & Accessory,5,positive,2026-05-20
ORD116573,2179,P0045,Fashion,5,positive,2025-11-08
ORD107312,4010,P0001,Laptop & Accessory,3,neutral,2025-12-12
ORD111339,1396,P0012,Laptop & Accessory,4,positive,2026-01-04
ORD122859,1389,P0046,Fashion,5,positive,2026-08-25
ORD106278,1624,P0005,Laptop & Accessory,2,negative,2026-06-23
ORD120131,1673,P0039,Fashion,4,positive,2026-08-25
ORD118850,115,P0057,Others,5,positive,2026-02-27
ORD109002,265,P0001,Laptop & Accessory,4,positive,2026-06-14
ORD109414,3959,P0010,Laptop & Accessory,3,neutral,2026-06-15
ORD102775,948,P0010,Laptop & Accessory,4,positive,2026-06-19
ORD102432,1442,P0010,Laptop & Accessory,4,positive,2026-04-21
ORD112074,1948,P0003,Laptop & Accessory,4,positive,2026-05-05
ORD114015,3475,P0024,Mobile Phone,4,positive,2025-11-05
ORD112952,16,P0029,Household,3,neutral,2026-01-20
ORD121343,4392,P0029,Household,4,positive,2026-03-31
ORD124876,3076,P0052,Others,4,positive,2026-01-08
ORD117846,1453,P0010,Laptop & Accessory,4,positive,2026-07-01
ORD125744,2962,P0005,Laptop & Accessory,4,positive,2025-11-14
ORD108597,982,P0037,Fashion,5,positive,2026-08-15
ORD102940,11,P0047,Fashion,4,positive,2025-09-04
ORD125471,4105,P0044,Fashion,4,positive,2026-06-24
ORD101167,3865,P0019,Mobile Phone,4,positive,2026-08-30
ORD119036,1445,P0069,Grocery,5,positive,2026-03-07
ORD119284,1812,P0004,Laptop & Accessory,4,positive,2026-07-25
ORD109689,2356,P0035,Household,5,positive,2026-05-12
ORD119415,3915,P0001,Laptop & Accessory,5,positive,2026-08-22
ORD113721,4281,P0049,Others,4,positive,2025-11-18
ORD101015,812,P0009,Laptop & Accessory,4,positive,2026-03-16
ORD114396,2515,P0012,Laptop & Accessory,5,positive,2025-11-24
ORD119087,2252,P0024,Mobile Phone,5,positive,2026-07-27
ORD124270,678,P0010,Laptop & Accessory,4,positive,2026-06-23
ORD118342,4003,P0024,Mobile Phone,5,positive,2025-11-17
ORD109329,1522,P0022,Mobile Phone,5,positive,2025-11-12
ORD115411,3006,P0005,Laptop & Accessory,4,positive,2026-04-03
ORD105729,1607,P0018,Mobile Phone,4,positive,2025-11-11
ORD107466,2074,P0013,Mobile Phone,4,positive,2026-01-13
ORD109613,1124,P0040,Fashion,4,positive,2026-02-11
ORD105547,3046,P0059,Others,4,positive,2026-08-01
ORD100113,1666,P0012,Laptop & Accessory,3,neutral,2025-11-13
ORD104418,1472,P0014,Mobile Phone,4,positive,2026-04-14
ORD102500,637,P0008,Laptop & Accessory,4,positive,2026-02-06
ORD106421,2181,P0071,Grocery,4,positive,2026-05-09
ORD119387,1053,P0003,Laptop & Accessory,4,positive,2026-03-05
ORD103842,581,P0010,Laptop & Accessory,5,positive,2025-12-18
ORD105084,244,P0046,Fashion,4,positive,2026-03-01
ORD114855,987,P0010,Laptop & Accessory,4,positive,2026-07-12
ORD123512,4462,P0069,Grocery,4,positive,2025-11-11
ORD122661,115,P0050,Others,4,positive,2025-10-15
ORD109602,3181,P0038,Fashion,4,positive,2025-12-20
ORD119624,3849,P0059,Others,5,positive,2025-11-11
ORD101436,2538,P0001,Laptop & Accessory,4,positive,2025-11-10
ORD114079,3918,P0010,Laptop & Accessory,5,positive,2026-07-10
ORD121389,2697,P0001,Laptop & Accessory,4,positive,2026-06-16
ORD111866,3687,P0040,Fashion,4,positive,2025-11-18
ORD103277,4516,P0031,Household,5,positive,2026-03-27
ORD106845,3596,P0022,Mobile Phone,3,neutral,2025-08-09
ORD113801,406,P0012,Laptop & Accessory,5,positive,2025-11-14
ORD117119,798,P0066,Grocery,5,positive,2026-06-21
ORD123096,3020,P0010,Laptop & Accessory,4,positive,2025-11-04
ORD124092,2141,P0010,Laptop & Accessory,4,positive,2026-07-14
ORD112704,687,P0029,Household,4,positive,2026-03-03
ORD111664,992,P0039,Fashion,5,positive,2026-03-18
ORD107222,2460,P0008,Laptop & Accessory,4,positive,2025-11-06
ORD101530,986,P0011,Laptop & Accessory,4,positive,2026-05-28
ORD108959,2006,P0004,Laptop & Accessory,4,positive,2026-09-01
ORD113312,952,P0006,Laptop & Accessory,4,positive,2026-03-25
ORD106086,304,P0005,Laptop & Accessory,5,positive,2026-02-14
ORD103880,1645,P0027,Household,5,positive,2026-03-18
ORD117642,919,P0035,Household,4,positive,2025-09-11
ORD105456,547,P0042,Fashion,5,positive,2025-12-02
ORD110801,4106,P0038,Fashion,2,negative,2025-12-22
ORD101756,4128,P0002,Laptop & Accessory,4,positive,2026-05-23
ORD103431,2975,P0006,Laptop & Accessory,5,positive,2025-12-16
ORD100717,312,P0040,Fashion,5,positive,2026-06-04
ORD110773,3839,P0006,Laptop & Accessory,4,positive,2026-07-15
ORD104886,816,P0018,Mobile Phone,5,positive,2025-08-14
ORD106451,1608,P0008,Laptop & Accessory,4,positive,2026-01-25
ORD111000,3591,P0019,Mobile Phone,5,positive,2026-07-11
ORD123980,2343,P0001,Laptop & Accessory,4,positive,2026-07-11
ORD111436,2882,P0032,Household,4,positive,2026-03-05
ORD121503,2620,P0010,Laptop & Accessory,4,positive,2026-02-07
ORD121710,2252,P0013,Mobile Phone,5,positive,2025-11-30
ORD102670,1408,P0003,Laptop & Accessory,4,positive,2025-08-14
ORD117747,1744,P0016,Mobile Phone,3,neutral,2026-07-18
ORD112211,3646,P0024,Mobile Phone,5,positive,2026-07-13
ORD111449,4,P0011,Laptop & Accessory,4,positive,2026-04-17
ORD113716,285,P0059,Others,4,positive,2026-03-14
ORD104290,623,P0012,Laptop & Accessory,5,positive,2025-12-25
ORD115120,2141,P0006,Laptop & Accessory,3,neutral,2026-03-31
ORD110456,835,P0055,Others,3,neutral,2025-11-14
ORD108897,2223,P0032,Household,4,positive,2026-01-23
ORD118230,2241,P0033,Household,3,neutral,2026-01-31
ORD120322,964,P0045,Fashion,4,positive,2026-02-12
ORD103866,3281,P0018,Mobile Phone,4,positive,2026-05-21
ORD110089,203,P0039,Fashion,4,positive,2026-03-25
ORD119374,536,P0055,Others,3,neutral,2025-08-21
ORD100384,2443,P0015,Mobile Phone,4,positive,2026-01-25
ORD125017,478,P0006,Laptop & Accessory,4,positive,2026-02-23
ORD120182,2537,P0006,Laptop & Accessory,4,positive,2025-09-29
ORD103372,2063,P0018,Mobile Phone,3,neutral,2026-06-13
ORD125051,3868,P0005,Laptop & Accessory,4,positive,2026-05-12
ORD124462,485,P0069,Grocery,3,neutral,2025-10-17
ORD122494,416,P0005,Laptop & Accessory,3,neutral,2026-03-31
ORD111519,3608,P0049,Others,3,neutral,2026-07-21
ORD121645,1162,P0013,Mobile Phone,4,positive,2026-07-02
ORD111586,2334,P0024,Mobile Phone,4,positive,2026-05-09
ORD103728,2612,P0024,Mobile Phone,5,positive,2025-10-24
ORD106065,3176,P0036,Household,4,positive,2025-11-11
ORD124031,3759,P0021,Mobile Phone,3,neutral,2026-06-18
ORD122467,2990,P0010,Laptop & Accessory,3,neutral,2025-10-07
ORD107085,487,P0028,Household,3,neutral,2026-04-19
ORD115511,2318,P0066,Grocery,4,positive,2026-04-20
ORD121434,365,P0029,Household,5,positive,2026-06-15
ORD125785,3226,P0032,Household,4,positive,2026-08-23
ORD108284,2455,P0018,Mobile Phone,4,positive,2025-08-12
ORD117503,3770,P0065,Grocery,5,positive,2025-12-03
ORD114452,1138,P0061,Grocery,4,positive,2025-09-25
ORD120414,3917,P0012,Laptop & Accessory,5,positive,2025-11-22
ORD119326,107,P0069,Grocery,4,positive,2026-05-25
ORD117469,1363,P0010,Laptop & Accessory,4,positive,2026-01-12
ORD119705,3476,P0065,Grocery,4,positive,2026-07-05
ORD120397,3329,P0029,Household,3,neutral,2025-11-12
ORD120930,1338,P0069,Grocery,4,positive,2025-09-10
ORD113377,3633,P0018,Mobile Phone,5,positive,2025-09-30
ORD100238,1451,P0020,Mobile Phone,3,neutral,2025-09-15
ORD107069,1439,P0008,Laptop & Accessory,5,positive,2026-07-23
ORD110522,3823,P0016,Mobile Phone,5,positive,2026-05-18
ORD105419,2245,P0027,Household,4,positive,2026-04-23
ORD118018,3498,P0008,Laptop & Accessory,3,neutral,2026-04-10
ORD102901,311,P0010,Laptop & Accessory,4,positive,2026-04-25
ORD122253,2141,P0010,Laptop & Accessory,3,neutral,2026-02-26
ORD115363,361,P0006,Laptop & Accessory,4,positive,2026-01-18
ORD108533,1032,P0010,Laptop & Accessory,5,positive,2026-02-25
ORD110708,1979,P0002,Laptop & Accessory,4,positive,2025-11-14
ORD124904,3930,P0038,Fashion,4,positive,2025-10-11
ORD120749,3947,P0013,Mobile Phone,4,positive,2026-03-31
ORD119810,984,P0006,Laptop & Accessory,5,positive,2025-11-26
ORD117120,1212,P0012,Laptop & Accessory,4,positive,2026-07-28
ORD111727,611,P0003,Laptop & Accessory,5,positive,2025-11-09
ORD116542,3837,P0013,Mobile Phone,5,positive,2026-01-18
ORD112473,1021,P0029,Household,4,positive,2026-04-10
ORD122492,470,P0023,Mobile Phone,4,positive,2025-09-05
ORD125687,428,P0010,Laptop & Accessory,5,positive,2026-01-24
ORD124632,3964,P0021,Mobile Phone,4,positive,2026-07-27
ORD125163,1583,P0005,Laptop & Accessory,3,neutral,2025-11-05
ORD108273,1007,P0037,Fashion,5,positive,2026-05-12
ORD116702,1659,P0036,Household,5,positive,2025-08-04
ORD119061,1505,P0010,Laptop & Accessory,5,positive,2025-12-23
ORD121017,2661,P0032,Household,4,positive,2025-12-24
ORD101420,588,P0002,Laptop & Accessory,5,positive,2025-12-22
ORD100668,711,P0008,Laptop & Accessory,3,neutral,2025-11-02
ORD117832,4421,P0024,Mobile Phone,3,neutral,2026-04-03
ORD103216,3893,P0001,Laptop & Accessory,5,positive,2026-08-25
ORD120994,647,P0044,Fashion,3,neutral,2026-05-05
ORD105566,1593,P0031,Household,4,positive,2026-01-19
ORD105309,2081,P0015,Mobile Phone,5,positive,2026-07-24
ORD107277,2631,P0018,Mobile Phone,5,positive,2025-09-23
ORD106453,998,P0047,Fashion,4,positive,2026-06-23
ORD105658,426,P0008,Laptop & Accessory,3,neutral,2025-10-19
ORD110305,1728,P0006,Laptop & Accessory,4,positive,2026-05-30
ORD105434,603,P0004,Laptop & Accessory,4,positive,2026-07-09
ORD119984,2531,P0014,Mobile Phone,5,positive,2025-11-15
ORD120365,4362,P0010,Laptop & Accessory,4,positive,2026-01-24
ORD123607,1117,P0037,Fashion,4,positive,2025-08-24
ORD102990,4089,P0033,Household,2,negative,2025-08-05
ORD121014,2147,P0059,Others,3,neutral,2025-10-01
ORD109819,2421,P0037,Fashion,4,positive,2026-08-05
ORD113896,1518,P0008,Laptop & Accessory,4,positive,2026-02-03
ORD124699,534,P0002,Laptop & Accessory,3,neutral,2026-03-06
ORD125895,477,P0018,Mobile Phone,5,positive,2026-04-25
ORD118895,549,P0014,Mobile Phone,5,positive,2025-12-03
ORD122141,2247,P0018,Mobile Phone,4,positive,2025-11-22
ORD119290,2886,P0032,Household,4,positive,2026-04-29
ORD119302,564,P0046,Fashion,3,neutral,2026-08-23
ORD119062,2689,P0008,Laptop & Accessory,1,negative,2026-02-24
ORD111252,140,P0010,Laptop & Accessory,4,positive,2026-06-18
ORD106303,4181,P0014,Mobile Phone,5,positive,2025-11-15
ORD111951,1007,P0032,Household,5,positive,2026-08-30
ORD118115,1285,P0046,Fashion,4,positive,2026-06-13
ORD102842,113,P0007,Laptop & Accessory,4,positive,2025-11-05
ORD101029,2683,P0001,Laptop & Accessory,4,positive,2025-11-11
ORD112455,4523,P0048,Fashion,5,positive,2026-07-28
ORD120709,1078,P0006,Laptop & Accessory,4,positive,2026-07-21
ORD114322,920,P0010,Laptop & Accessory,4,positive,2026-08-11
ORD114938,561,P0016,Mobile Phone,5,positive,2026-03-22
ORD111373,146,P0067,Grocery,4,positive,2025-11-04
ORD106225,3054,P0046,Fashion,5,positive,2026-07-22
ORD104379,70,P0006,Laptop & Accessory,4,positive,2026-08-22
ORD117699,3431,P0029,Household,4,positive,2025-12-28
ORD123651,4443,P0069,Grocery,5,positive,2025-09-08
ORD118839,1204,P0045,Fashion,4,positive,2026-02-21
ORD124019,925,P0042,Fashion,4,positive,2026-01-09
ORD107535,303,P0023,Mobile Phone,4,positive,2025-11-11
ORD103297,2971,P0029,Household,4,positive,2026-08-19
ORD105525,4514,P0025,Household,4,positive,2026-04-10
ORD118421,2227,P0007,Laptop & Accessory,5,positive,2026-06-17
ORD108697,3279,P0008,Laptop & Accessory,4,positive,2025-12-23
ORD101580,3596,P0021,Mobile Phone,4,positive,2026-03-08
ORD109257,1569,P0033,Household,5,positive,2025-09-10
ORD121407,3187,P0029,Household,4,positive,2026-08-03
ORD123291,1638,P0057,Others,3,neutral,2025-11-15
ORD114498,2444,P0023,Mobile Phone,4,positive,2026-04-19
ORD101935,1402,P0011,Laptop & Accessory,5,positive,2025-08-19
ORD119820,3473,P0038,Fashion,4,positive,2025-12-22
ORD110924,189,P0049,Others,4,positive,2025-11-18
ORD116333,4046,P0029,Household,3,neutral,2026-01-25
ORD121500,2187,P0069,Grocery,4,positive,2025-11-06
ORD117378,1097,P0030,Household,4,positive,2026-07-22
ORD103979,4077,P0029,Household,4,positive,2026-02-13
ORD111499,304,P0009,Laptop & Accessory,4,positive,2026-07-03
ORD115316,126,P0011,Laptop & Accessory,5,positive,2025-09-17
ORD105755,3273,P0039,Fashion,5,positive,2025-08-25
ORD103976,3842,P0018,Mobile Phone,5,positive,2026-03-01
ORD112708,3736,P0039,Fashion,3,neutral,2026-08-09
ORD113548,708,P0018,Mobile Phone,3,neutral,2026-04-17
ORD118704,3393,P0037,Fashion,4,positive,2026-07-30
ORD105655,1064,P0038,Fashion,2,negative,2025-11-13
ORD123520,2364,P0022,Mobile Phone,3,neutral,2026-08-08
ORD111652,737,P0006,Laptop & Accessory,4,positive,2025-10-22
ORD117993,3316,P0028,Household,4,positive,2025-08-18
ORD118618,1508,P0003,Laptop & Accessory,4,positive,2025-11-02
ORD117619,1818,P0009,Laptop & Accessory,4,positive,2026-06-21
ORD121018,425,P0024,Mobile Phone,4,positive,2026-01-21
ORD115466,2690,P0026,Household,4,positive,2025-08-16
ORD114352,323,P0012,Laptop & Accessory,5,positive,2025-11-11
ORD101812,1774,P0008,Laptop & Accessory,4,positive,2026-02-18
ORD111480,1613,P0018,Mobile Phone,4,positive,2026-05-22
ORD109900,2554,P0034,Household,4,positive,2026-08-06
ORD125028,121,P0029,Household,4,positive,2025-10-12
ORD102143,3778,P0042,Fashion,4,positive,2025-10-12
ORD104283,1141,P0007,Laptop & Accessory,4,positive,2026-06-09
ORD105301,1632,P0006,Laptop & Accessory,4,positive,2025-10-31
ORD107934,1028,P0046,Fashion,2,negative,2026-02-10
ORD106798,263,P0013,Mobile Phone,3,neutral,2025-11-08
ORD122133,2679,P0010,Laptop & Accessory,4,positive,2026-05-08
ORD121875,2012,P0042,Fashion,5,positive,2026-08-06
ORD100066,3493,P0016,Mobile Phone,5,positive,2025-11-07
ORD107483,2359,P0008,Laptop & Accessory,5,positive,2026-03-12
ORD109287,3446,P0012,Laptop & Accessory,4,positive,2025-11-04
ORD108009,889,P0012,Laptop & Accessory,5,positive,2025-10-06
ORD106788,4399,P0002,Laptop & Accessory,4,positive,2026-07-13
ORD116899,3170,P0036,Household,5,positive,2026-06-20
ORD120441,2645,P0018,Mobile Phone,4,positive,2025-11-18
ORD115945,3931,P0015,Mobile Phone,4,positive,2025-11-09
ORD117280,2082,P0020,Mobile Phone,4,positive,2026-07-27
ORD123135,571,P0002,Laptop & Accessory,3,neutral,2025-10-06
ORD122220,4100,P0029,Household,4,positive,2025-11-18
ORD107888,1718,P0017,Mobile Phone,4,positive,2026-05-07
ORD105698,3702,P0018,Mobile Phone,4,positive,2025-11-11
ORD103950,61,P0030,Household,5,positive,2025-08-12
ORD104207,482,P0013,Mobile Phone,4,positive,2025-11-06
ORD102326,4134,P0018,Mobile Phone,4,positive,2025-11-22
ORD119851,1583,P0011,Laptop & Accessory,3,neutral,2026-04-27
ORD100701,577,P0037,Fashion,4,positive,2025-10-06
ORD106085,71,P0006,Laptop & Accessory,5,positive,2026-02-04
ORD114367,1069,P0001,Laptop & Accessory,4,positive,2026-04-18
ORD102912,3771,P0018,Mobile Phone,4,positive,2026-05-03
ORD114590,1431,P0040,Fashion,4,positive,2026-02-12
ORD109062,1025,P0048,Fashion,4,positive,2025-11-17
ORD107619,1588,P0032,Household,4,positive,2025-11-21
ORD107092,4436,P0057,Others,4,positive,2025-10-01
ORD102838,3599,P0001,Laptop & Accessory,5,positive,2026-03-29
ORD100023,2224,P0010,Laptop & Accessory,4,positive,2025-09-23
ORD100754,3582,P0020,Mobile Phone,3,neutral,2025-11-10
ORD118227,2185,P0015,Mobile Phone,4,positive,2026-03-05
ORD111408,160,P0004,Laptop & Accessory,3,neutral,2026-06-19
ORD119525,3927,P0024,Mobile Phone,3,neutral,2026-06-16
ORD110636,3166,P0030,Household,5,positive,2026-03-25
ORD111349,2711,P0010,Laptop & Accessory,5,positive,2026-01-04
ORD122626,3579,P0054,Others,3,neutral,2026-04-26
ORD120204,2431,P0013,Mobile Phone,4,positive,2026-03-26
ORD106018,1862,P0003,Laptop & Accessory,5,positive,2025-11-28
ORD105219,2350,P0011,Laptop & Accessory,2,negative,2025-09-15
ORD120782,1552,P0009,Laptop & Accessory,4,positive,2026-06-20
ORD119581,2341,P0017,Mobile Phone,5,positive,2025-10-28
ORD125104,2984,P0013,Mobile Phone,4,positive,2026-06-14
ORD117866,1020,P0004,Laptop & Accessory,5,positive,2026-08-14
ORD108162,208,P0003,Laptop & Accessory,3,neutral,2025-12-24
ORD111168,1566,P0050,Others,4,positive,2025-11-19
ORD101523,3032,P0029,Household,4,positive,2026-06-13
ORD119424,3725,P0028,Household,4,positive,2025-11-11
ORD115268,2129,P0001,Laptop & Accessory,4,positive,2025-09-19
ORD108517,1664,P0042,Fashion,4,positive,2026-01-27
ORD116270,3678,P0036,Household,5,positive,2026-04-01
ORD123020,1003,P0056,Others,4,positive,2026-06-20
ORD121143,4096,P0031,Household,5,positive,2025-09-07
ORD117681,518,P0046,Fashion,4,positive,2025-10-11
ORD112345,3365,P0002,Laptop & Accessory,4,positive,2025-11-22
ORD110899,1683,P0046,Fashion,2,negative,2026-02-04
ORD106354,1309,P0024,Mobile Phone,4,positive,2026-05-07
ORD120254,3873,P0050,Others,5,positive,2026-05-24
ORD124147,421,P0004,Laptop & Accessory,5,positive,2025-08-08
ORD101115,2185,P0018,Mobile Phone,4,positive,2026-02-03
ORD111471,2343,P0008,Laptop & Accessory,4,positive,2025-11-11
ORD106148,1123,P0008,Laptop & Accessory,4,positive,2026-07-03
ORD116465,221,P0040,Fashion,4,positive,2026-03-27
ORD111640,3929,P0010,Laptop & Accessory,3,neutral,2025-11-06
ORD111525,691,P0001,Laptop & Accessory,4,positive,2025-12-31
ORD125882,1553,P0018,Mobile Phone,4,positive,2026-03-27
ORD115427,1076,P0032,Household,4,positive,2025-08-05
ORD122634,1882,P0010,Laptop & Accessory,5,positive,2025-11-27
ORD119666,537,P0010,Laptop & Accessory,3,neutral,2025-08-18
ORD116184,1053,P0001,Laptop & Accessory,3,neutral,2026-07-15
ORD114426,836,P0003,Laptop & Accessory,5,positive,2026-04-15
ORD121659,272,P0048,Fashion,4,positive,2026-07-19
ORD122793,3739,P0069,Grocery,4,positive,2026-07-26
ORD117759,3708,P0016,Mobile Phone,4,positive,2026-07-11
ORD104188,2836,P0015,Mobile Phone,4,positive,2026-01-21
ORD102083,1530,P0010,Laptop & Accessory,3,neutral,2026-05-21
ORD106772,3563,P0014,Mobile Phone,4,positive,2025-08-06
ORD123258,1613,P0049,Others,4,positive,2025-10-07
ORD121840,1243,P0008,Laptop & Accessory,5,positive,2026-08-11
ORD112125,1045,P0051,Others,4,positive,2026-08-07
ORD111083,23,P0070,Grocery,4,positive,2026-04-11
ORD106448,3989,P0023,Mobile Phone,4,positive,2025-11-10
ORD119357,603,P0010,Laptop & Accessory,4,positive,2026-03-20
ORD111815,3187,P0028,Household,3,neutral,2026-04-03
ORD103131,922,P0020,Mobile Phone,5,positive,2026-03-18
ORD123769,3002,P0023,Mobile Phone,5,positive,2025-11-20
ORD113078,2025,P0020,Mobile Phone,4,positive,2025-08-08
ORD113410,1266,P0011,Laptop & Accessory,5,positive,2026-05-15
ORD106256,4266,P0043,Fashion,5,positive,2026-08-29
ORD112666,315,P0008,Laptop & Accessory,4,positive,2025-11-17
ORD120417,3791,P0023,Mobile Phone,3,neutral,2026-07-21
ORD103673,3737,P0041,Fashion,4,positive,2025-11-10
ORD105582,2816,P0067,Grocery,4,positive,2026-04-19
ORD107744,21,P0024,Mobile Phone,5,positive,2025-10-08
ORD124353,28,P0016,Mobile Phone,4,positive,2026-06-05
ORD103279,600,P0002,Laptop & Accessory,2,negative,2026-06-18
ORD125120,310,P0045,Fashion,5,positive,2025-09-13
ORD114372,1214,P0007,Laptop & Accessory,5,positive,2026-04-12
ORD110273,4293,P0034,Household,5,positive,2026-04-08
ORD100517,2927,P0031,Household,5,positive,2025-12-13
ORD105089,2460,P0012,Laptop & Accessory,4,positive,2026-04-07
ORD112552,3861,P0038,Fashion,4,positive,2026-03-24
ORD121585,4338,P0038,Fashion,4,positive,2026-05-22
ORD125359,278,P0064,Grocery,4,positive,2025-10-28
ORD110537,2237,P0018,Mobile Phone,4,positive,2025-10-25
ORD111609,2864,P0018,Mobile Phone,4,positive,2025-11-13
ORD103533,4168,P0046,Fashion,4,positive,2025-11-04
ORD108987,3145,P0004,Laptop & Accessory,4,positive,2025-11-28
ORD122606,3800,P0011,Laptop & Accessory,3,neutral,2026-01-13
ORD111153,2201,P0008,Laptop & Accessory,5,positive,2026-06-18
ORD100275,1711,P0005,Laptop & Accessory,4,positive,2026-04-14
ORD121415,4272,P0039,Fashion,4,positive,2025-10-03
ORD120718,1083,P0068,Grocery,5,positive,2026-01-21
ORD114497,1332,P0059,Others,5,positive,2025-10-28
ORD123495,3618,P0015,Mobile Phone,5,positive,2025-11-27
ORD125022,2037,P0016,Mobile Phone,3,neutral,2026-03-05
ORD115079,201,P0062,Grocery,5,positive,2025-10-29
ORD113547,4269,P0039,Fashion,5,positive,2025-11-16
ORD120241,1885,P0029,Household,4,positive,2026-06-06
ORD120262,1185,P0003,Laptop & Accessory,3,neutral,2026-02-02
ORD125160,356,P0071,Grocery,4,positive,2025-11-23
ORD118838,3460,P0070,Grocery,4,positive,2025-08-04
ORD116167,1361,P0018,Mobile Phone,3,neutral,2025-09-12
ORD111905,742,P0021,Mobile Phone,4,positive,2026-05-15
ORD111828,532,P0011,Laptop & Accessory,4,positive,2025-09-28
ORD109562,1825,P0018,Mobile Phone,3,neutral,2026-05-05
ORD103003,3878,P0010,Laptop & Accessory,4,positive,2025-11-18
ORD107688,74,P0037,Fashion,4,positive,2026-08-12
ORD120791,2923,P0026,Household,4,positive,2026-08-05
ORD116871,3221,P0028,Household,3,neutral,2025-11-13
ORD124714,983,P0009,Laptop & Accessory,4,positive,2026-08-27
ORD119766,2224,P0055,Others,5,positive,2026-05-01
ORD110452,2996,P0017,Mobile Phone,5,positive,2025-10-25
ORD114519,3630,P0002,Laptop & Accessory,3,neutral,2025-11-12
ORD107532,2101,P0013,Mobile Phone,3,neutral,2025-11-13
ORD119757,3825,P0023,Mobile Phone,4,positive,2026-06-03
ORD122292,239,P0028,Household,3,neutral,2026-05-26
ORD108291,1667,P0004,Laptop & Accessory,4,positive,2025-11-08
ORD117687,926,P0029,Household,4,positive,2025-10-28
ORD102465,1739,P0018,Mobile Phone,4,positive,2026-06-26
ORD121237,1260,P0004,Laptop & Accessory,4,positive,2026-02-03
ORD116888,4273,P0003,Laptop & Accessory,4,positive,2025-09-05
ORD114296,406,P0038,Fashion,4,positive,2026-04-13
ORD120111,1411,P0053,Others,3,neutral,2026-03-25
ORD103745,557,P0012,Laptop & Accessory,5,positive,2025-10-02
ORD123363,415,P0055,Others,4,positive,2026-02-05
ORD114555,86,P0002,Laptop & Accessory,4,positive,2026-05-12
ORD103581,1514,P0006,Laptop & Accessory,4,positive,2026-06-13
ORD111145,3897,P0044,Fashion,4,positive,2026-01-17
ORD112376,838,P0008,Laptop & Accessory,4,positive,2026-06-13
ORD109747,2812,P0023,Mobile Phone,5,positive,2026-08-21
ORD121854,241,P0010,Laptop & Accessory,5,positive,2025-12-25
ORD117094,1020,P0010,Laptop & Accessory,5,positive,2026-05-11
ORD103187,4071,P0031,Household,3,neutral,2026-07-21
ORD109638,1560,P0006,Laptop & Accessory,5,positive,2025-09-21
ORD118355,2650,P0032,Household,4,positive,2026-03-27
ORD104802,2367,P0020,Mobile Phone,5,positive,2026-03-23
ORD101602,1315,P0010,Laptop & Accessory,5,positive,2026-02-04
ORD101447,1112,P0039,Fashion,3,neutral,2025-11-05
ORD102227,3931,P0013,Mobile Phone,4,positive,2026-02-23
ORD113549,1293,P0009,Laptop & Accessory,4,positive,2026-04-01
ORD105825,3505,P0016,Mobile Phone,3,neutral,2025-08-06
ORD122898,2305,P0031,Household,3,neutral,2025-10-07
ORD122082,182,P0024,Mobile Phone,3,neutral,2025-11-06
ORD116478,535,P0012,Laptop & Accessory,4,positive,2026-07-02
ORD104021,4437,P0059,Others,4,positive,2026-07-02
ORD125861,2992,P0004,Laptop & Accessory,3,neutral,2025-11-18
ORD115578,2280,P0053,Others,4,positive,2025-12-16
ORD100596,31,P0011,Laptop & Accessory,4,positive,2026-08-29
ORD106371,1040,P0005,Laptop & Accessory,3,neutral,2026-08-17
ORD124543,1826,P0010,Laptop & Accessory,4,positive,2026-04-30
ORD113659,2474,P0057,Others,4,positive,2025-11-12
ORD115477,2205,P0013,Mobile Phone,4,positive,2026-06-14
ORD113270,1093,P0031,Household,5,positive,2025-11-26
ORD112909,2447,P0015,Mobile Phone,4,positive,2025-11-03
ORD105120,619,P0044,Fashion,4,positive,2026-05-05
ORD113492,1246,P0006,Laptop & Accessory,4,positive,2026-08-06
ORD100526,1,P0037,Fashion,5,positive,2026-06-30
ORD105878,1472,P0020,Mobile Phone,4,positive,2026-08-20
ORD103040,452,P0002,Laptop & Accessory,4,positive,2025-09-19
ORD114323,3502,P0055,Others,4,positive,2026-06-13
ORD113583,553,P0003,Laptop & Accessory,4,positive,2026-03-25
ORD109861,2866,P0013,Mobile Phone,4,positive,2025-10-23
ORD114794,4261,P0036,Household,5,positive,2025-10-13
ORD105824,209,P0046,Fashion,3,neutral,2026-01-14
ORD110429,1482,P0013,Mobile Phone,5,positive,2025-11-18
ORD119460,1483,P0022,Mobile Phone,5,positive,2026-03-28
ORD102391,2924,P0016,Mobile Phone,4,positive,2025-11-07
ORD110815,4439,P0011,Laptop & Accessory,4,positive,2025-11-11
ORD107901,26,P0005,Laptop & Accessory,4,positive,2025-11-19
ORD111556,2846,P0036,Household,4,positive,2025-11-23
ORD108811,4412,P0043,Fashion,4,positive,2026-06-20
ORD117247,3283,P0029,Household,3,neutral,2025-11-07
ORD102443,3164,P0012,Laptop & Accessory,5,positive,2025-11-06
ORD106883,171,P0009,Laptop & Accessory,4,positive,2025-08-08
ORD124161,3010,P0010,Laptop & Accessory,5,positive,2026-05-20
ORD115802,648,P0037,Fashion,3,neutral,2026-05-11
ORD123161,3938,P0018,Mobile Phone,4,positive,2025-11-25
ORD124150,2063,P0010,Laptop & Accessory,5,positive,2025-10-13
ORD113894,3035,P0046,Fashion,5,positive,2026-08-18
ORD100305,2960,P0017,Mobile Phone,4,positive,2025-12-08
ORD124410,670,P0008,Laptop & Accessory,5,positive,2026-03-10
ORD103051,4468,P0069,Grocery,3,neutral,2026-06-06
ORD116572,1139,P0040,Fashion,5,positive,2026-05-28
ORD108942,2489,P0069,Grocery,4,positive,2025-11-07
ORD113068,1768,P0064,Grocery,3,neutral,2026-08-20
ORD124681,1397,P0053,Others,3,neutral,2026-08-03
ORD104804,2159,P0012,Laptop & Accessory,4,positive,2026-07-26
ORD103497,1829,P0010,Laptop & Accessory,4,positive,2026-06-02
ORD121696,2809,P0038,Fashion,4,positive,2026-01-14
ORD122730,1609,P0007,Laptop & Accessory,5,positive,2025-12-24
ORD103502,881,P0008,Laptop & Accessory,4,positive,2026-08-02
ORD124887,3397,P0009,Laptop & Accessory,4,positive,2025-11-05
ORD112050,2766,P0008,Laptop & Accessory,4,positive,2026-02-08
ORD105317,2857,P0003,Laptop & Accessory,4,positive,2025-11-26
ORD117764,3881,P0015,Mobile Phone,5,positive,2026-08-24
ORD104830,53,P0012,Laptop & Accessory,5,positive,2025-11-06
ORD124698,3597,P0017,Mobile Phone,4,positive,2025-11-17
ORD120555,1137,P0059,Others,3,neutral,2025-11-11
ORD124683,2231,P0006,Laptop & Accessory,3,neutral,2026-05-30
ORD118915,818,P0010,Laptop & Accessory,4,positive,2026-06-23
ORD104912,553,P0010,Laptop & Accessory,4,positive,2026-07-25
ORD120537,886,P0027,Household,3,neutral,2026-04-01
ORD121876,1708,P0069,Grocery,5,positive,2026-06-19
ORD118621,3161,P0035,Household,5,positive,2026-02-12
ORD116205,3076,P0018,Mobile Phone,3,neutral,2026-05-17
ORD108151,346,P0010,Laptop & Accessory,5,positive,2026-06-03
ORD111611,663,P0010,Laptop & Accessory,4,positive,2025-10-26
ORD123404,50,P0010,Laptop & Accessory,4,positive,2025-11-04
ORD103895,4271,P0040,Fashion,4,positive,2026-06-20
ORD123680,536,P0008,Laptop & Accessory,5,positive,2026-08-21
ORD104310,2928,P0027,Household,4,positive,2026-05-19
ORD105253,3387,P0031,Household,4,positive,2025-09-17
ORD109546,1021,P0026,Household,5,positive,2026-05-25
ORD109359,194,P0012,Laptop & Accessory,3,neutral,2026-03-02
ORD120249,1484,P0024,Mobile Phone,4,positive,2026-05-10
ORD116048,798,P0006,Laptop & Accessory,4,positive,2026-08-10
ORD121106,4039,P0010,Laptop & Accessory,4,positive,2026-04-13
ORD123210,297,P0037,Fashion,4,positive,2025-09-30
ORD105362,4262,P0031,Household,4,positive,2026-06-24
ORD102456,1636,P0013,Mobile Phone,4,positive,2025-12-19
ORD117790,318,P0049,Others,5,positive,2026-07-22
ORD109767,2189,P0012,Laptop & Accessory,5,positive,2026-03-22
ORD102735,1441,P0011,Laptop & Accessory,3,neutral,2026-06-12
ORD122750,771,P0010,Laptop & Accessory,3,neutral,2026-02-07
ORD104938,1337,P0012,Laptop & Accessory,4,positive,2025-09-02
ORD120072,1512,P0016,Mobile Phone,4,positive,2026-06-15
ORD106506,2590,P0023,Mobile Phone,3,neutral,2025-12-29
ORD115480,3448,P0012,Laptop & Accessory,5,positive,2026-08-21
ORD110436,1158,P0037,Fashion,4,positive,2026-06-18
ORD114835,2403,P0013,Mobile Phone,3,neutral,2026-06-23
ORD105274,2601,P0010,Laptop & Accessory,4,positive,2025-11-16
ORD125401,15,P0014,Mobile Phone,4,positive,2026-08-23
ORD119116,846,P0055,Others,3,neutral,2026-05-20
ORD111330,3736,P0038,Fashion,5,positive,2026-03-18
ORD101848,3983,P0010,Laptop & Accessory,5,positive,2025-12-31
ORD105924,1511,P0016,Mobile Phone,4,positive,2025-10-29
ORD102015,4350,P0039,Fashion,4,positive,2026-04-17
ORD112661,3941,P0023,Mobile Phone,4,positive,2025-10-25
ORD125537,3062,P0020,Mobile Phone,4,positive,2025-12-31
ORD100569,2721,P0030,Household,4,positive,2025-12-02
ORD114722,4307,P0030,Household,3,neutral,2026-06-13
ORD124273,3733,P0056,Others,4,positive,2025-09-11
ORD118538,80,P0044,Fashion,4,positive,2025-09-17
ORD108409,1623,P0060,Others,4,positive,2025-08-26
ORD120976,1405,P0053,Others,4,positive,2025-11-18
ORD106440,3555,P0006,Laptop & Accessory,4,positive,2026-03-23
ORD104810,3834,P0013,Mobile Phone,4,positive,2026-01-06
ORD123237,2375,P0018,Mobile Phone,4,positive,2026-06-15
ORD112528,3100,P0038,Fashion,5,positive,2026-06-23
ORD102242,3927,P0019,Mobile Phone,5,positive,2025-11-12
ORD122719,1611,P0004,Laptop & Accessory,4,positive,2025-11-21
ORD113618,4032,P0004,Laptop & Accessory,4,positive,2026-05-26
ORD124207,1004,P0044,Fashion,4,positive,2026-05-07
ORD108875,2323,P0013,Mobile Phone,4,positive,2026-02-24
ORD103772,4455,P0007,Laptop & Accessory,4,positive,2026-08-28
ORD125005,4005,P0018,Mobile Phone,4,positive,2026-01-06
ORD109866,1998,P0037,Fashion,4,positive,2025-10-03
ORD123940,518,P0010,Laptop & Accessory,3,neutral,2026-05-24
ORD108260,3318,P0052,Others,4,positive,2026-06-15
ORD102603,4383,P0029,Household,5,positive,2026-07-28
ORD124053,3327,P0006,Laptop & Accessory,4,positive,2026-03-02
ORD125222,2504,P0018,Mobile Phone,4,positive,2025-09-08
ORD105009,1560,P0006,Laptop & Accessory,5,positive,2026-01-08
ORD107966,4400,P0010,Laptop & Accessory,4,positive,2026-02-09
ORD104446,4047,P0010,Laptop & Accessory,3,neutral,2026-01-14
ORD114074,1360,P0013,Mobile Phone,4,positive,2026-07-09
ORD120094,3960,P0068,Grocery,4,positive,2025-08-19
ORD120544,3248,P0030,Household,4,positive,2025-09-22
ORD110141,1146,P0022,Mobile Phone,4,positive,2026-04-19
ORD114579,604,P0043,Fashion,4,positive,2026-04-14
ORD119879,49,P0010,Laptop & Accessory,4,positive,2025-08-27
ORD117579,1803,P0066,Grocery,5,positive,2026-02-10
ORD110125,2857,P0010,Laptop & Accessory,5,positive,2026-08-21
ORD102709,1049,P0024,Mobile Phone,5,positive,2026-03-18
ORD107559,718,P0002,Laptop & Accessory,4,positive,2026-01-02
ORD100304,2971,P0029,Household,5,positive,2026-06-27
ORD113657,1011,P0013,Mobile Phone,5,positive,2026-07-15
ORD117137,2164,P0031,Household,2,negative,2025-10-03
ORD112759,3388,P0002,Laptop & Accessory,3,neutral,2025-09-04
ORD118597,578,P0066,Grocery,2,negative,2025-09-16
ORD110567,830,P0016,Mobile Phone,3,neutral,2025-11-09
ORD112206,3340,P0005,Laptop & Accessory,5,positive,2026-01-28
ORD113486,1336,P0061,Grocery,5,positive,2025-09-16
ORD118139,789,P0006,Laptop & Accessory,4,positive,2025-08-05
ORD102558,1598,P0005,Laptop & Accessory,4,positive,2026-06-02
ORD124582,249,P0004,Laptop & Accessory,4,positive,2025-11-03
ORD109787,248,P0002,Laptop & Accessory,5,positive,2025-08-20
ORD122821,1450,P0018,Mobile Phone,5,positive,2026-04-09
ORD111863,3239,P0026,Household,4,positive,2025-12-17
ORD116276,1066,P0011,Laptop & Accessory,4,positive,2026-02-27
ORD117381,2856,P0014,Mobile Phone,2,negative,2026-08-07
ORD103126,1253,P0052,Others,4,positive,2025-10-15
ORD104868,1354,P0001,Laptop & Accessory,2,negative,2026-08-02
ORD107156,3893,P0010,Laptop & Accessory,4,positive,2026-02-21
ORD111559,595,P0046,Fashion,4,positive,2025-08-15
ORD110411,2169,P0013,Mobile Phone,4,positive,2025-09-02
ORD119366,2230,P0019,Mobile Phone,4,positive,2025-11-03
ORD107717,120,P0010,Laptop & Accessory,5,positive,2025-10-21
ORD103918,1946,P0006,Laptop & Accessory,4,positive,2026-02-09
ORD109889,1435,P0003,Laptop & Accessory,4,positive,2025-11-13
ORD118347,354,P0014,Mobile Phone,4,positive,2025-08-06
ORD123977,3960,P0023,Mobile Phone,4,positive,2026-07-17
ORD118617,1814,P0045,Fashion,4,positive,2026-02-17
ORD123935,1765,P0008,Laptop & Accessory,4,positive,2025-08-29
ORD116992,113,P0006,Laptop & Accessory,4,positive,2026-07-05
ORD102799,1310,P0059,Others,4,positive,2026-05-12
ORD113952,4286,P0069,Grocery,3,neutral,2026-02-24
ORD117948,2075,P0006,Laptop & Accessory,3,neutral,2025-11-13
ORD125545,833,P0022,Mobile Phone,5,positive,2025-08-23
ORD106106,2233,P0012,Laptop & Accessory,5,positive,2026-07-01
ORD100681,32,P0002,Laptop & Accessory,5,positive,2025-11-04
ORD117591,2229,P0006,Laptop & Accessory,4,positive,2026-06-21
ORD123963,386,P0010,Laptop & Accessory,5,positive,2026-04-15
ORD108345,3084,P0067,Grocery,4,positive,2025-11-08
ORD117625,1526,P0002,Laptop & Accessory,5,positive,2025-12-23
ORD118653,1081,P0001,Laptop & Accessory,3,neutral,2025-09-24
ORD114502,599,P0037,Fashion,5,positive,2025-08-19
ORD111513,2347,P0039,Fashion,3,neutral,2025-10-26
ORD110798,2247,P0013,Mobile Phone,4,positive,2026-08-21
ORD119120,908,P0041,Fashion,4,positive,2026-06-15
ORD112656,1497,P0010,Laptop & Accessory,5,positive,2025-08-14
ORD119884,1183,P0010,Laptop & Accessory,4,positive,2025-09-08
ORD114864,2308,P0059,Others,4,positive,2025-12-05
ORD105310,1185,P0012,Laptop & Accessory,4,positive,2025-11-16
ORD112900,1047,P0006,Laptop & Accessory,4,positive,2026-02-25
ORD115947,1174,P0012,Laptop & Accessory,4,positive,2025-10-07
ORD110911,3937,P0008,Laptop & Accessory,4,positive,2025-11-06
ORD116223,3805,P0015,Mobile Phone,5,positive,2025-12-10
ORD109098,1824,P0013,Mobile Phone,2,negative,2025-10-22
ORD113118,777,P0008,Laptop & Accessory,5,positive,2026-01-29
ORD113529,256,P0010,Laptop & Accessory,5,positive,2026-07-06
ORD119310,834,P0007,Laptop & Accessory,4,positive,2025-10-29
ORD116849,1056,P0050,Others,4,positive,2025-11-14
ORD119006,3753,P0037,Fashion,3,neutral,2025-11-25
ORD112231,4351,P0010,Laptop & Accessory,4,positive,2026-03-25
ORD112901,1308,P0008,Laptop & Accessory,4,positive,2026-08-08
ORD104052,2878,P0008,Laptop & Accessory,3,neutral,2026-06-15
ORD117183,4276,P0013,Mobile Phone,5,positive,2025-09-21
ORD115357,3475,P0012,Laptop & Accessory,4,positive,2026-06-01
ORD112432,665,P0009,Laptop & Accessory,5,positive,2025-10-31
ORD114349,381,P0044,Fashion,5,positive,2026-02-17
ORD100786,1338,P0009,Laptop & Accessory,4,positive,2025-10-02
ORD117943,893,P0038,Fashion,4,positive,2025-12-20
ORD117141,2291,P0004,Laptop & Accessory,4,positive,2026-02-17
ORD101649,874,P0049,Others,4,positive,2026-06-29
ORD100773,1941,P0008,Laptop & Accessory,3,neutral,2026-06-15
ORD113135,371,P0011,Laptop & Accessory,5,positive,2026-07-13
ORD104421,76,P0021,Mobile Phone,4,positive,2026-05-03
ORD119535,534,P0065,Grocery,4,positive,2026-05-26
ORD106268,1720,P0020,Mobile Phone,4,positive,2026-08-20
ORD125731,3030,P0056,Others,3,neutral,2026-03-10
ORD108634,280,P0037,Fashion,4,positive,2025-12-16
ORD115922,3535,P0043,Fashion,4,positive,2025-10-22
ORD100399,318,P0068,Grocery,4,positive,2026-05-23
ORD122305,4196,P0035,Household,4,positive,2026-08-26
ORD114170,1194,P0045,Fashion,4,positive,2026-02-20
ORD101421,304,P0010,Laptop & Accessory,4,positive,2026-07-28
ORD120489,1628,P0017,Mobile Phone,5,positive,2026-06-22
ORD112428,111,P0043,Fashion,5,positive,2025-12-27
ORD104007,2259,P0033,Household,5,positive,2025-10-13
ORD123647,579,P0012,Laptop & Accessory,4,positive,2026-04-03
ORD102827,1317,P0010,Laptop & Accessory,4,positive,2026-01-11
ORD124326,2736,P0010,Laptop & Accessory,4,positive,2026-01-08
ORD107068,3613,P0013,Mobile Phone,3,neutral,2026-08-01
ORD109157,2037,P0020,Mobile Phone,4,positive,2026-08-18
ORD113496,908,P0040,Fashion,5,positive,2026-08-23
ORD115708,3496,P0039,Fashion,4,positive,2026-04-01
ORD111267,2122,P0031,Household,4,positive,2026-05-07
ORD115694,1120,P0053,Others,4,positive,2026-08-06
ORD125468,640,P0019,Mobile Phone,5,positive,2025-11-06
ORD111079,3041,P0043,Fashion,4,positive,2026-06-24
ORD112150,3717,P0072,Grocery,4,positive,2026-07-29
ORD104991,408,P0022,Mobile Phone,4,positive,2026-07-31
ORD103481,3342,P0008,Laptop & Accessory,3,neutral,2025-08-26
ORD121177,3963,P0065,Grocery,5,positive,2025-10-09
ORD112204,1428,P0044,Fashion,4,positive,2025-11-14
ORD125485,2327,P0018,Mobile Phone,4,positive,2025-09-15
ORD123281,4209,P0018,Mobile Phone,4,positive,2025-11-17
ORD106487,2712,P0005,Laptop & Accessory,4,positive,2025-09-29
ORD116217,2251,P0002,Laptop & Accessory,5,positive,2026-07-20
ORD100063,295,P0002,Laptop & Accessory,5,positive,2026-06-24
ORD118321,1351,P0010,Laptop & Accessory,4,positive,2026-06-17
ORD102645,1913,P0006,Laptop & Accessory,5,positive,2026-02-16
ORD107004,3847,P0017,Mobile Phone,3,neutral,2025-11-05
ORD102995,2910,P0032,Household,4,positive,2026-05-08
ORD117021,4124,P0029,Household,5,positive,2026-02-13
ORD100208,1685,P0015,Mobile Phone,4,positive,2026-03-25
ORD100494,570,P0018,Mobile Phone,4,positive,2026-08-30
ORD100630,566,P0005,Laptop & Accessory,4,positive,2025-12-18
ORD118067,3748,P0011,Laptop & Accessory,5,positive,2025-12-11
ORD100442,4267,P0039,Fashion,4,positive,2026-03-18
ORD113831,816,P0007,Laptop & Accessory,5,positive,2026-08-04
ORD120100,3860,P0014,Mobile Phone,4,positive,2026-07-12
ORD104042,2050,P0014,Mobile Phone,5,positive,2026-08-12
ORD103869,138,P0040,Fashion,3,neutral,2026-07-28
ORD117603,379,P0005,Laptop & Accessory,4,positive,2025-12-06
ORD117786,3143,P0002,Laptop & Accessory,5,positive,2026-08-27
ORD109786,1612,P0053,Others,3,neutral,2025-11-04
ORD116886,950,P0010,Laptop & Accessory,3,neutral,2026-06-29
ORD116206,1377,P0010,Laptop & Accessory,4,positive,2026-03-26
ORD100037,1968,P0010,Laptop & Accessory,5,positive,2025-11-09
ORD111601,377,P0010,Laptop & Accessory,5,positive,2025-11-07
ORD107864,290,P0049,Others,4,positive,2025-11-05
ORD111440,1468,P0013,Mobile Phone,4,positive,2025-11-20
ORD110504,2292,P0006,Laptop & Accessory,3,neutral,2025-10-22
ORD101209,1439,P0002,Laptop & Accessory,4,positive,2025-12-16
ORD114759,3432,P0001,Laptop & Accessory,5,positive,2026-05-31
ORD112967,1129,P0012,Laptop & Accessory,3,neutral,2025-10-27
ORD123105,3304,P0034,Household,4,positive,2025-11-10
ORD103997,2026,P0004,Laptop & Accessory,5,positive,2025-09-24
ORD102204,3774,P0021,Mobile Phone,5,positive,2025-09-30
ORD110693,204,P0002,Laptop & Accessory,3,neutral,2026-07-30
ORD108175,42,P0060,Others,4,positive,2026-01-06
ORD124858,565,P0010,Laptop & Accessory,4,positive,2025-11-23
ORD107985,2959,P0002,Laptop & Accessory,4,positive,2026-08-24
ORD106644,3733,P0069,Grocery,4,positive,2025-11-05
ORD124569,4331,P0006,Laptop & Accessory,4,positive,2026-06-04
ORD119371,1040,P0006,Laptop & Accessory,5,positive,2025-11-08
ORD106462,303,P0018,Mobile Phone,4,positive,2025-08-20
ORD124484,3149,P0006,Laptop & Accessory,4,positive,2025-11-11
ORD102308,703,P0041,Fashion,4,positive,2026-07-23
ORD105495,1699,P0008,Laptop & Accessory,4,positive,2026-02-28
ORD117920,2279,P0013,Mobile Phone,3,neutral,2025-11-15
ORD101455,3721,P0008,Laptop & Accessory,5,positive,2026-03-31
ORD117971,2971,P0034,Household,5,positive,2026-03-02
ORD114383,4320,P0031,Household,5,positive,2026-05-27
ORD106723,3113,P0029,Household,5,positive,2025-11-12
ORD118456,1820,P0010,Laptop & Accessory,3,neutral,2025-11-12
ORD115995,1050,P0010,Laptop & Accessory,5,positive,2026-02-05
ORD107134,621,P0020,Mobile Phone,4,positive,2025-08-20
ORD111560,978,P0029,Household,4,positive,2025-08-04
ORD108702,2189,P0010,Laptop & Accessory,5,positive,2026-07-02
ORD111128,1162,P0038,Fashion,4,positive,2026-05-06
ORD125578,3587,P0013,Mobile Phone,4,positive,2026-07-22
ORD102076,2566,P0028,Household,5,positive,2026-03-27
ORD105947,2071,P0015,Mobile Phone,5,positive,2026-03-09
ORD120073,1417,P0014,Mobile Phone,4,positive,2025-12-19
ORD111981,1879,P0013,Mobile Phone,4,positive,2025-11-10
ORD106535,3669,P0049,Others,5,positive,2025-11-12
ORD116260,489,P0069,Grocery,4,positive,2026-06-20
ORD111918,386,P0003,Laptop & Accessory,5,positive,2026-07-03
ORD107328,1881,P0015,Mobile Phone,4,positive,2026-02-28
ORD113580,3273,P0010,Laptop & Accessory,4,positive,2025-08-26
ORD125575,3484,P0032,Household,5,positive,2026-06-12
ORD112919,2843,P0004,Laptop & Accessory,3,neutral,2026-07-31
ORD123916,1445,P0010,Laptop & Accessory,5,positive,2026-07-08
ORD107515,3067,P0006,Laptop & Accessory,4,positive,2026-01-07
ORD106393,990,P0012,Laptop & Accessory,5,positive,2025-08-08
ORD105767,3026,P0069,Grocery,4,positive,2025-11-21
ORD111639,3983,P0010,Laptop & Accessory,4,positive,2025-11-17
ORD125466,280,P0065,Grocery,4,positive,2026-03-16
ORD120757,1327,P0001,Laptop & Accessory,4,positive,2025-12-09
ORD125924,46,P0012,Laptop & Accessory,3,neutral,2025-10-29
ORD115827,3795,P0010,Laptop & Accessory,4,positive,2025-11-12
ORD119815,1812,P0069,Grocery,4,positive,2026-02-06
ORD105621,3816,P0010,Laptop & Accessory,5,positive,2026-02-10
ORD122127,2956,P0005,Laptop & Accessory,5,positive,2026-06-22
ORD105146,416,P0045,Fashion,5,positive,2025-10-08
ORD103199,2257,P0007,Laptop & Accessory,4,positive,2025-11-07
ORD115862,765,P0029,Household,4,positive,2025-09-19
ORD101302,4050,P0006,Laptop & Accessory,3,neutral,2025-10-14
ORD116183,2294,P0062,Grocery,4,positive,2026-03-08
ORD125270,330,P0003,Laptop & Accessory,5,positive,2026-05-28
ORD102790,3811,P0007,Laptop & Accessory,3,neutral,2026-03-18
ORD120585,2153,P0014,Mobile Phone,4,positive,2026-08-31
ORD115848,896,P0029,Household,5,positive,2025-11-26
ORD117758,1942,P0018,Mobile Phone,4,positive,2026-07-27
ORD109905,3570,P0011,Laptop & Accessory,5,positive,2025-11-06
ORD106685,2719,P0009,Laptop & Accessory,5,positive,2026-02-17
ORD108924,919,P0025,Household,4,positive,2026-01-06
ORD121839,2194,P0014,Mobile Phone,4,positive,2025-09-27
ORD102644,751,P0011,Laptop & Accessory,4,positive,2025-12-27
ORD125754,1747,P0057,Others,4,positive,2025-11-12
ORD106432,1430,P0067,Grocery,3,neutral,2026-07-25
ORD113219,1462,P0010,Laptop & Accessory,3,neutral,2026-02-04
ORD110792,2988,P0013,Mobile Phone,4,positive,2025-11-22
ORD102342,3858,P0013,Mobile Phone,4,positive,2026-01-19
ORD119858,3741,P0069,Grocery,3,neutral,2025-10-13
ORD110241,3387,P0026,Household,4,positive,2025-10-23
ORD101043,4223,P0003,Laptop & Accessory,4,positive,2026-08-31
ORD110258,3791,P0019,Mobile Phone,4,positive,2025-12-19
ORD115484,181,P0041,Fashion,3,neutral,2026-07-22
ORD113961,608,P0001,Laptop & Accessory,4,positive,2026-06-18
ORD100094,1155,P0026,Household,4,positive,2026-01-25
ORD103766,475,P0038,Fashion,5,positive,2026-03-14
ORD100877,646,P0050,Others,4,positive,2025-11-10
ORD112527,304,P0010,Laptop & Accessory,4,positive,2026-03-14
ORD109466,492,P0018,Mobile Phone,4,positive,2026-08-13
ORD124085,1688,P0022,Mobile Phone,4,positive,2025-09-09
ORD121677,2296,P0020,Mobile Phone,3,neutral,2025-08-23
ORD111370,1008,P0008,Laptop & Accessory,5,positive,2026-06-12
ORD122751,2435,P0024,Mobile Phone,5,positive,2026-01-31
ORD100964,14,P0018,Mobile Phone,4,positive,2026-06-01
ORD119731,2383,P0023,Mobile Phone,5,positive,2025-08-30
ORD113729,439,P0033,Household,5,positive,2026-06-15
ORD118599,3741,P0035,Household,3,neutral,2026-07-22
ORD125434,2027,P0013,Mobile Phone,3,neutral,2026-06-07
ORD111232,4269,P0029,Household,4,positive,2026-05-03
ORD125926,1311,P0016,Mobile Phone,4,positive,2025-09-30
ORD110856,1054,P0030,Household,3,neutral,2026-07-04
ORD113440,3348,P0041,Fashion,4,positive,2026-08-11
ORD100132,583,P0038,Fashion,4,positive,2026-03-18
ORD117070,497,P0004,Laptop & Accessory,4,positive,2026-03-04
ORD117568,2318,P0006,Laptop & Accessory,4,positive,2026-02-01
ORD102786,1063,P0011,Laptop & Accessory,4,positive,2025-11-09
ORD125177,2666,P0038,Fashion,4,positive,2026-01-27
ORD120511,540,P0010,Laptop & Accessory,4,positive,2025-12-06
ORD106420,3715,P0008,Laptop & Accessory,5,positive,2025-09-29
ORD104424,4032,P0005,Laptop & Accessory,4,positive,2025-11-04
ORD119838,803,P0001,Laptop & Accessory,5,positive,2026-06-23
ORD122801,2549,P0038,Fashion,5,positive,2026-03-24
ORD103156,2060,P0018,Mobile Phone,4,positive,2026-06-26
ORD103425,1677,P0048,Fashion,3,neutral,2025-08-17
ORD111595,2239,P0022,Mobile Phone,4,positive,2026-01-20
ORD106935,3121,P0002,Laptop & Accessory,5,positive,2026-05-24
ORD109354,3774,P0017,Mobile Phone,4,positive,2025-09-28
ORD113468,4430,P0010,Laptop & Accessory,5,positive,2025-11-18
ORD111685,3673,P0010,Laptop & Accessory,5,positive,2025-12-31
ORD125065,1913,P0069,Grocery,4,positive,2026-08-04
ORD117118,2253,P0005,Laptop & Accessory,5,positive,2025-08-16
ORD111598,4489,P0020,Mobile Phone,5,positive,2026-01-29
ORD119674,3264,P0029,Household,5,positive,2026-02-25
ORD124804,2035,P0017,Mobile Phone,3,neutral,2026-07-31
ORD102581,992,P0038,Fashion,5,positive,2025-11-28
ORD112001,653,P0008,Laptop & Accessory,4,positive,2025-11-24
ORD106363,2414,P0010,Laptop & Accessory,5,positive,2026-08-14
ORD111383,724,P0068,Grocery,4,positive,2025-09-14
ORD115474,2334,P0029,Household,3,neutral,2025-09-12
ORD121108,488,P0044,Fashion,3,neutral,2025-12-31
ORD113391,4333,P0012,Laptop & Accessory,4,positive,2026-08-18
ORD120590,4155,P0028,Household,5,positive,2026-04-06
ORD113435,806,P0010,Laptop & Accessory,5,positive,2025-11-11
ORD116383,1335,P0011,Laptop & Accessory,4,positive,2026-05-10
ORD105717,2654,P0025,Household,3,neutral,2025-11-09
ORD111178,929,P0043,Fashion,5,positive,2026-07-04
ORD116905,2910,P0026,Household,5,positive,2025-11-11
ORD101062,945,P0006,Laptop & Accessory,5,positive,2026-07-01
ORD124414,2995,P0006,Laptop & Accessory,4,positive,2026-05-10
ORD103888,3784,P0018,Mobile Phone,4,positive,2026-07-21
ORD110260,2952,P0033,Household,4,positive,2026-01-28
ORD100339,2046,P0018,Mobile Phone,4,positive,2025-11-07
ORD125843,2163,P0031,Household,4,positive,2026-01-24
ORD104051,3678,P0039,Fashion,5,positive,2026-06-18
ORD117708,4133,P0023,Mobile Phone,4,positive,2026-08-15
ORD105104,2431,P0036,Household,4,positive,2025-09-12
ORD125091,2962,P0008,Laptop & Accessory,4,positive,2026-05-09
ORD119055,4236,P0013,Mobile Phone,5,positive,2025-09-08
ORD117929,2176,P0018,Mobile Phone,4,positive,2025-11-12
ORD110473,283,P0012,Laptop & Accessory,3,neutral,2026-08-26
ORD125725,143,P0001,Laptop & Accessory,4,positive,2026-04-02
ORD102511,1021,P0031,Household,3,neutral,2025-10-06
ORD117748,3532,P0027,Household,4,positive,2026-01-04
ORD125833,1334,P0033,Household,5,positive,2026-01-26
ORD106931,709,P0001,Laptop & Accessory,5,positive,2026-06-06
ORD123633,1470,P0044,Fashion,5,positive,2025-11-13
ORD109266,1127,P0004,Laptop & Accessory,4,positive,2026-09-01
ORD109077,1330,P0065,Grocery,4,positive,2025-09-10
ORD105502,2590,P0032,Household,4,positive,2025-09-17
ORD100691,296,P0021,Mobile Phone,4,positive,2025-09-23
ORD124948,3663,P0013,Mobile Phone,3,neutral,2026-07-16
ORD116937,3288,P0001,Laptop & Accessory,4,positive,2025-12-05
ORD121021,375,P0008,Laptop & Accessory,3,neutral,2026-02-04
ORD113515,1131,P0019,Mobile Phone,4,positive,2025-12-30
ORD107689,2578,P0003,Laptop & Accessory,5,positive,2025-10-29
ORD122880,367,P0069,Grocery,4,positive,2026-06-23
ORD125150,1256,P0069,Grocery,3,neutral,2026-08-04
ORD116570,557,P0037,Fashion,4,positive,2025-11-24
ORD116404,294,P0010,Laptop & Accessory,4,positive,2026-05-06
ORD113032,4268,P0039,Fashion,4,positive,2026-07-08
ORD111821,1766,P0058,Others,4,positive,2026-02-19
ORD115082,3003,P0013,Mobile Phone,3,neutral,2025-09-09
ORD106590,3956,P0018,Mobile Phone,5,positive,2026-02-17
ORD104445,688,P0006,Laptop & Accessory,5,positive,2026-07-25
ORD125426,108,P0006,Laptop & Accessory,4,positive,2025-10-03
ORD110738,2022,P0007,Laptop & Accessory,4,positive,2026-07-28
ORD102278,189,P0008,Laptop & Accessory,4,positive,2026-07-09
ORD105529,3672,P0014,Mobile Phone,3,neutral,2025-09-03
ORD105891,2154,P0065,Grocery,4,positive,2025-10-02
ORD112404,1732,P0066,Grocery,3,neutral,2026-05-18
ORD109064,1349,P0010,Laptop & Accessory,4,positive,2026-08-09
ORD120637,1618,P0067,Grocery,3,neutral,2026-04-12
ORD111757,317,P0031,Household,4,positive,2025-11-18
ORD112907,703,P0034,Household,3,neutral,2026-08-01
ORD105623,585,P0011,Laptop & Accessory,5,positive,2025-11-03
ORD119456,1048,P0005,Laptop & Accessory,5,positive,2026-07-18
ORD110582,824,P0010,Laptop & Accessory,5,positive,2026-08-05
ORD112871,2860,P0006,Laptop & Accessory,3,neutral,2025-10-02
ORD119392,2533,P0015,Mobile Phone,5,positive,2025-11-05
ORD114477,3587,P0022,Mobile Phone,5,positive,2025-11-04
ORD113794,923,P0035,Household,4,positive,2026-07-15
ORD122335,453,P0010,Laptop & Accessory,4,positive,2026-03-24
ORD119314,973,P0052,Others,5,positive,2025-11-11
ORD121013,151,P0004,Laptop & Accessory,4,positive,2025-11-18
ORD100519,2856,P0053,Others,4,positive,2026-05-07
ORD115027,3706,P0030,Household,5,positive,2026-08-13
ORD122111,602,P0046,Fashion,4,positive,2026-07-06
ORD124409,367,P0002,Laptop & Accessory,4,positive,2025-10-02
ORD121493,3442,P0029,Household,4,positive,2026-06-18
ORD113730,2898,P0022,Mobile Phone,4,positive,2026-06-17
ORD103865,564,P0048,Fashion,3,neutral,2025-11-12
ORD111895,2250,P0007,Laptop & Accessory,4,positive,2026-01-03
ORD105905,1070,P0003,Laptop & Accessory,5,positive,2025-12-03
ORD121312,1830,P0016,Mobile Phone,2,negative,2026-06-06
ORD117882,477,P0013,Mobile Phone,5,positive,2026-06-13
ORD101897,1986,P0035,Household,5,positive,2026-03-29
ORD111201,2347,P0036,Household,4,positive,2026-02-09
ORD107017,853,P0012,Laptop & Accessory,5,positive,2025-12-08
ORD101692,1362,P0050,Others,5,positive,2026-06-16
ORD119153,1003,P0012,Laptop & Accessory,4,positive,2026-04-04
ORD121456,584,P0005,Laptop & Accessory,4,positive,2025-11-06
ORD110746,2698,P0011,Laptop & Accessory,5,positive,2026-08-15
ORD101645,662,P0049,Others,4,positive,2026-08-29
ORD107622,11,P0046,Fashion,5,positive,2026-05-27
ORD125360,3575,P0066,Grocery,3,neutral,2026-05-31
ORD123279,1400,P0002,Laptop & Accessory,5,positive,2025-08-31
ORD119848,3009,P0033,Household,4,positive,2026-01-13
ORD121392,2429,P0024,Mobile Phone,5,positive,2026-01-22
ORD122422,559,P0024,Mobile Phone,4,positive,2025-12-14
ORD104560,531,P0015,Mobile Phone,3,neutral,2026-01-03
ORD112248,1064,P0028,Household,5,positive,2026-06-23
ORD110621,537,P0054,Others,5,positive,2026-05-13
ORD110276,1126,P0057,Others,3,neutral,2026-08-10
ORD121935,603,P0010,Laptop & Accessory,3,neutral,2026-06-23
ORD118373,1072,P0010,Laptop & Accessory,4,positive,2025-08-06
ORD118745,3067,P0010,Laptop & Accessory,3,neutral,2025-10-15
ORD121196,557,P0053,Others,3,neutral,2026-06-09
ORD111794,3775,P0018,Mobile Phone,4,positive,2026-08-12
ORD120165,1705,P0008,Laptop & Accessory,5,positive,2026-05-22
ORD105494,881,P0004,Laptop & Accessory,3,neutral,2026-06-10
ORD120571,388,P0009,Laptop & Accessory,4,positive,2025-11-18
ORD105843,1429,P0010,Laptop & Accessory,4,positive,2026-07-11
ORD102841,466,P0005,Laptop & Accessory,5,positive,2025-10-13
ORD116464,2534,P0010,Laptop & Accessory,4,positive,2025-11-12
ORD114048,3700,P0022,Mobile Phone,4,positive,2026-05-04
ORD110230,354,P0069,Grocery,3,neutral,2026-06-23
ORD120651,940,P0035,Household,3,neutral,2025-08-10
ORD118852,378,P0010,Laptop & Accessory,5,positive,2026-07-12
ORD102455,1378,P0008,Laptop & Accessory,3,neutral,2026-01-11
ORD124596,555,P0029,Household,4,positive,2026-08-05
ORD107839,3377,P0011,Laptop & Accessory,5,positive,2026-03-17
ORD118769,1783,P0039,Fashion,4,positive,2026-01-24
ORD111857,4118,P0053,Others,5,positive,2025-08-23
ORD125548,4325,P0010,Laptop & Accessory,4,positive,2026-06-16
ORD105375,570,P0015,Mobile Phone,4,positive,2026-06-15
ORD122170,1825,P0013,Mobile Phone,5,positive,2026-02-19
ORD115667,3333,P0018,Mobile Phone,4,positive,2026-06-20
ORD102765,3145,P0010,Laptop & Accessory,4,positive,2025-11-12
ORD125568,2440,P0042,Fashion,5,positive,2026-05-23
ORD125876,936,P0010,Laptop & Accessory,5,positive,2026-07-07
ORD109761,632,P0012,Laptop & Accessory,4,positive,2026-06-23
ORD100008,2754,P0001,Laptop & Accessory,4,positive,2025-11-13
ORD120887,1383,P0008,Laptop & Accessory,4,positive,2025-10-21
ORD106456,279,P0032,Household,4,positive,2026-02-09
ORD101760,2198,P0055,Others,4,positive,2026-01-19
ORD125143,4390,P0046,Fashion,4,positive,2025-09-13
ORD100172,1772,P0015,Mobile Phone,4,positive,2025-09-27
ORD109579,537,P0007,Laptop & Accessory,4,positive,2026-03-26
ORD119285,3798,P0022,Mobile Phone,4,positive,2025-09-06
ORD118242,1123,P0010,Laptop & Accessory,3,neutral,2026-06-20
ORD111867,3676,P0017,Mobile Phone,4,positive,2026-04-28
ORD119967,685,P0029,Household,4,positive,2026-07-17
ORD115645,690,P0035,Household,4,positive,2026-07-09
ORD118483,1757,P0032,Household,5,positive,2025-12-29
ORD103957,1048,P0012,Laptop & Accessory,5,positive,2025-11-14
ORD116362,1950,P0005,Laptop & Accessory,4,positive,2026-01-15
ORD112678,1541,P0022,Mobile Phone,4,positive,2026-04-03
ORD102880,170,P0055,Others,4,positive,2025-09-11
ORD106199,2086,P0015,Mobile Phone,4,positive,2025-10-15
ORD125835,1498,P0018,Mobile Phone,4,positive,2026-01-09
ORD109342,1788,P0065,Grocery,4,positive,2026-02-14
ORD115569,1309,P0043,Fashion,4,positive,2025-08-09
ORD113103,1061,P0010,Laptop & Accessory,4,positive,2025-08-22
ORD119323,924,P0003,Laptop & Accessory,4,positive,2026-03-11
ORD111915,381,P0041,Fashion,4,positive,2025-10-24
ORD123692,4481,P0010,Laptop & Accessory,3,neutral,2025-12-10
ORD104205,3659,P0018,Mobile Phone,4,positive,2025-10-26
ORD107797,70,P0001,Laptop & Accessory,5,positive,2025-12-02
ORD115213,3750,P0018,Mobile Phone,4,positive,2026-06-15
ORD118654,4312,P0029,Household,5,positive,2025-12-20
ORD125171,144,P0060,Others,4,positive,2026-06-24
ORD104574,4301,P0009,Laptop & Accessory,4,positive,2026-01-31
ORD111244,2813,P0002,Laptop & Accessory,4,positive,2026-02-01
ORD105501,1022,P0044,Fashion,4,positive,2026-08-31
ORD110722,2198,P0012,Laptop & Accessory,4,positive,2025-12-10
ORD117830,179,P0006,Laptop & Accessory,4,positive,2025-09-17
ORD124518,3811,P0059,Others,4,positive,2025-11-16
ORD115426,1066,P0011,Laptop & Accessory,4,positive,2025-11-25
ORD109981,3932,P0013,Mobile Phone,4,positive,2026-04-29
ORD107821,596,P0012,Laptop & Accessory,4,positive,2026-02-01
ORD102986,2427,P0018,Mobile Phone,5,positive,2026-07-25
ORD117968,1021,P0026,Household,4,positive,2026-04-08
ORD122280,1419,P0018,Mobile Phone,4,positive,2026-01-03
ORD117113,666,P0043,Fashion,5,positive,2025-10-01
ORD115003,349,P0035,Household,4,positive,2026-02-05
ORD121258,663,P0022,Mobile Phone,3,neutral,2026-03-23
ORD125617,1312,P0044,Fashion,3,neutral,2025-11-10
ORD102739,37,P0031,Household,4,positive,2025-11-21
ORD115374,3902,P0018,Mobile Phone,3,neutral,2026-02-19
ORD125133,4231,P0055,Others,3,neutral,2026-06-19
ORD124918,390,P0004,Laptop & Accessory,3,neutral,2026-07-01
ORD117360,1725,P0029,Household,4,positive,2026-06-23
ORD100070,1563,P0010,Laptop & Accessory,3,neutral,2025-08-26
ORD120483,706,P0010,Laptop & Accessory,5,positive,2026-04-24
ORD125801,801,P0010,Laptop & Accessory,4,positive,2025-11-29
ORD112920,687,P0010,Laptop & Accessory,5,positive,2025-09-23
ORD117595,2201,P0029,Household,4,positive,2026-07-07
ORD112007,2079,P0016,Mobile Phone,4,positive,2026-05-18
ORD108649,50,P0010,Laptop & Accessory,5,positive,2026-01-23
ORD124578,1435,P0007,Laptop & Accessory,5,positive,2026-08-18
ORD121623,1756,P0019,Mobile Phone,5,positive,2026-08-23
ORD123408,1138,P0008,Laptop & Accessory,5,positive,2025-12-28
ORD119182,1966,P0020,Mobile Phone,4,positive,2026-06-25
ORD117868,177,P0012,Laptop & Accessory,4,positive,2026-08-13
ORD123091,1334,P0069,Grocery,5,positive,2026-03-14
ORD115345,631,P0008,Laptop & Accessory,4,positive,2026-07-19
ORD108553,2775,P0012,Laptop & Accessory,4,positive,2025-09-09
ORD112197,2924,P0043,Fashion,4,positive,2026-08-09
ORD106941,1652,P0028,Household,5,positive,2026-08-12
ORD113993,965,P0006,Laptop & Accessory,4,positive,2025-11-06
ORD101775,3169,P0028,Household,5,positive,2026-04-26
ORD120769,1728,P0012,Laptop & Accessory,5,positive,2026-04-11
ORD116994,1749,P0018,Mobile Phone,4,positive,2026-06-11
ORD113092,186,P0010,Laptop & Accessory,5,positive,2025-10-12
ORD115305,4329,P0051,Others,3,neutral,2026-04-02
ORD106780,1552,P0012,Laptop & Accessory,5,positive,2026-05-24
ORD119686,662,P0070,Grocery,4,positive,2026-08-10
ORD109872,596,P0003,Laptop & Accessory,5,positive,2025-10-17
ORD118697,3204,P0010,Laptop & Accessory,4,positive,2026-06-15
ORD123687,533,P0010,Laptop & Accessory,3,neutral,2026-07-12
ORD100561,560,P0008,Laptop & Accessory,4,positive,2025-10-17
ORD118379,1634,P0001,Laptop & Accessory,4,positive,2025-09-05
ORD111148,3251,P0010,Laptop & Accessory,3,neutral,2026-04-04
ORD116212,1026,P0030,Household,4,positive,2025-10-01
ORD101648,627,P0003,Laptop & Accessory,4,positive,2026-04-09
ORD101004,33,P0057,Others,4,positive,2025-08-04
ORD116660,3265,P0013,Mobile Phone,4,positive,2026-04-24
ORD125361,215,P0004,Laptop & Accessory,3,neutral,2026-04-18
ORD123863,157,P0013,Mobile Phone,5,positive,2026-02-14
ORD123245,615,P0050,Others,4,positive,2026-08-25
ORD101892,2097,P0065,Grocery,3,neutral,2025-11-23
ORD112524,23,P0013,Mobile Phone,4,positive,2026-07-09
ORD124036,927,P0010,Laptop & Accessory,5,positive,2026-02-05
ORD116050,3126,P0007,Laptop & Accessory,4,positive,2026-04-21
ORD104596,2373,P0023,Mobile Phone,3,neutral,2026-02-08
ORD104858,1431,P0041,Fashion,4,positive,2026-08-25
ORD112755,4225,P0023,Mobile Phone,5,positive,2025-12-18
ORD123446,1672,P0046,Fashion,4,positive,2026-04-30
ORD123744,1678,P0010,Laptop & Accessory,4,positive,2025-11-03
ORD112367,3586,P0019,Mobile Phone,3,neutral,2026-05-31
ORD118325,3096,P0035,Household,4,positive,2026-05-12
ORD113555,487,P0009,Laptop & Accessory,3,neutral,2025-12-18
ORD120265,3657,P0018,Mobile Phone,4,positive,2025-11-18
ORD117462,2426,P0010,Laptop & Accessory,5,positive,2026-04-07
ORD116883,610,P0018,Mobile Phone,3,neutral,2026-08-18
ORD112452,1959,P0007,Laptop & Accessory,5,positive,2025-12-28
ORD125981,2380,P0010,Laptop & Accessory,5,positive,2025-11-11
ORD115499,4006,P0029,Household,4,positive,2025-11-15
ORD101414,996,P0017,Mobile Phone,5,positive,2026-01-26
ORD109476,915,P0029,Household,4,positive,2026-05-24
ORD111350,3564,P0005,Laptop & Accessory,4,positive,2026-01-15
ORD101362,2294,P0014,Mobile Phone,5,positive,2026-08-30
ORD116230,730,P0044,Fashion,4,positive,2026-01-13
ORD104966,3234,P0002,Laptop & Accessory,4,positive,2025-08-05
ORD107352,569,P0010,Laptop & Accessory,5,positive,2026-07-20
ORD107133,177,P0009,Laptop & Accessory,3,neutral,2025-10-02
ORD118304,3971,P0006,Laptop & Accessory,3,neutral,2025-12-19
ORD107212,2326,P0003,Laptop & Accessory,3,neutral,2026-03-22
ORD113862,329,P0049,Others,4,positive,2026-01-02
ORD106485,1773,P0019,Mobile Phone,5,positive,2026-04-02
ORD111855,3146,P0067,Grocery,4,positive,2025-10-15
ORD102722,486,P0063,Grocery,2,negative,2025-11-08
ORD109796,1671,P0023,Mobile Phone,3,neutral,2025-08-24
ORD125539,3580,P0013,Mobile Phone,4,positive,2026-06-22
ORD109845,4372,P0036,Household,5,positive,2026-01-28
ORD118174,493,P0006,Laptop & Accessory,4,positive,2025-09-18
ORD102155,3035,P0039,Fashion,4,positive,2025-11-18
ORD117117,42,P0055,Others,4,positive,2026-06-23
ORD108387,289,P0004,Laptop & Accessory,3,neutral,2026-08-27
ORD119108,3853,P0018,Mobile Phone,4,positive,2026-08-16
ORD118717,3446,P0049,Others,4,positive,2026-06-01
ORD116417,4056,P0026,Household,5,positive,2025-10-03
ORD111914,1884,P0010,Laptop & Accessory,5,positive,2026-02-11
ORD113400,3356,P0033,Household,4,positive,2025-09-10
ORD114440,1383,P0044,Fashion,3,neutral,2026-08-29
ORD122647,3074,P0042,Fashion,4,positive,2025-08-17
ORD107840,1405,P0010,Laptop & Accessory,5,positive,2026-03-12
ORD105526,750,P0015,Mobile Phone,4,positive,2026-06-14
ORD110164,1117,P0008,Laptop & Accessory,5,positive,2026-04-29
ORD107881,4026,P0066,Grocery,5,positive,2026-02-18
ORD112238,59,P0006,Laptop & Accessory,4,positive,2026-02-17
ORD108426,192,P0052,Others,4,positive,2025-08-30
ORD117586,4458,P0009,Laptop & Accessory,4,positive,2026-01-01
ORD108639,4356,P0004,Laptop & Accessory,4,positive,2025-10-28
ORD105339,3731,P0029,Household,4,positive,2026-07-08
ORD110565,3514,P0009,Laptop & Accessory,4,positive,2026-04-01
ORD122021,3651,P0005,Laptop & Accessory,4,positive,2025-10-07
ORD120339,2152,P0024,Mobile Phone,3,neutral,2026-04-09
ORD105736,188,P0039,Fashion,4,positive,2026-01-16
ORD120153,874,P0006,Laptop & Accessory,5,positive,2025-12-23
ORD119832,6,P0003,Laptop & Accessory,4,positive,2025-10-08
ORD104303,1782,P0019,Mobile Phone,3,neutral,2025-11-09
ORD124956,981,P0041,Fashion,4,positive,2026-02-02
ORD104197,646,P0024,Mobile Phone,5,positive,2025-10-12
ORD123411,2225,P0006,Laptop & Accessory,5,positive,2025-09-09
ORD102712,1681,P0052,Others,4,positive,2025-12-04
ORD116938,290,P0010,Laptop & Accessory,4,positive,2026-08-31
ORD102503,1400,P0019,Mobile Phone,4,positive,2026-03-03
ORD114894,2247,P0069,Grocery,4,positive,2025-11-04
ORD114643,1037,P0006,Laptop & Accessory,5,positive,2026-01-24
ORD110220,1008,P0010,Laptop & Accessory,5,positive,2025-11-07
ORD112159,3267,P0008,Laptop & Accessory,5,positive,2025-10-30
ORD100881,2168,P0053,Others,4,positive,2026-06-18
ORD113532,4195,P0010,Laptop & Accessory,4,positive,2025-10-20
ORD110257,4042,P0009,Laptop & Accessory,4,positive,2026-06-22
ORD123475,588,P0037,Fashion,4,positive,2026-05-23
ORD113595,2620,P0004,Laptop & Accessory,3,neutral,2026-05-09
ORD108592,1675,P0043,Fashion,4,positive,2026-07-22
ORD124290,3127,P0032,Household,4,positive,2026-06-12
ORD116370,982,P0026,Household,4,positive,2026-05-19
ORD114949,2364,P0044,Fashion,3,neutral,2025-11-02
ORD111177,2632,P0002,Laptop & Accessory,3,neutral,2026-01-02
ORD114547,1838,P0022,Mobile Phone,3,neutral,2025-11-06
ORD103652,3778,P0038,Fashion,5,positive,2026-04-01
ORD106446,4080,P0007,Laptop & Accessory,5,positive,2025-10-05
ORD115788,2869,P0069,Grocery,4,positive,2025-09-19
ORD104087,1948,P0003,Laptop & Accessory,4,positive,2025-11-27
ORD115680,169,P0038,Fashion,5,positive,2025-10-25
ORD123262,1445,P0004,Laptop & Accessory,4,positive,2025-11-13
ORD125756,2311,P0032,Household,3,neutral,2025-11-04
ORD125315,1044,P0012,Laptop & Accessory,4,positive,2025-09-02
ORD114709,1818,P0018,Mobile Phone,4,positive,2026-04-25
ORD111508,2302,P0032,Household,5,positive,2025-08-25
ORD119626,407,P0023,Mobile Phone,4,positive,2026-08-22
ORD122167,278,P0039,Fashion,5,positive,2026-05-17
ORD107383,1655,P0026,Household,4,positive,2026-03-23
ORD114066,179,P0008,Laptop & Accessory,4,positive,2026-05-28
ORD116305,1560,P0006,Laptop & Accessory,3,neutral,2025-10-17
ORD110927,1668,P0015,Mobile Phone,4,positive,2025-08-15
ORD107625,2012,P0039,Fashion,4,positive,2025-11-11
ORD108334,4107,P0063,Grocery,4,positive,2026-03-26
ORD104243,677,P0029,Household,5,positive,2026-06-20
ORD107190,3825,P0023,Mobile Phone,4,positive,2026-08-13
ORD102693,80,P0069,Grocery,3,neutral,2026-03-08
ORD119837,2426,P0011,Laptop & Accessory,4,positive,2025-09-08
ORD121919,1707,P0037,Fashion,5,positive,2025-09-20
ORD102998,272,P0069,Grocery,4,positive,2025-10-10
ORD115249,728,P0010,Laptop & Accessory,4,positive,2025-08-30
ORD100307,3282,P0001,Laptop & Accessory,4,positive,2026-03-23
ORD111856,1334,P0041,Fashion,4,positive,2025-12-04
ORD107198,4069,P0029,Household,3,neutral,2026-04-18
ORD120752,4180,P0033,Household,4,positive,2025-11-14
ORD108322,2292,P0032,Household,4,positive,2025-09-24
ORD104996,3511,P0059,Others,4,positive,2026-08-15
ORD107830,54,P0008,Laptop & Accessory,5,positive,2026-05-14
ORD110775,3404,P0017,Mobile Phone,4,positive,2026-05-14
ORD117348,953,P0039,Fashion,4,positive,2026-03-29
ORD105693,1080,P0018,Mobile Phone,4,positive,2025-10-04
ORD101525,1751,P0012,Laptop & Accessory,5,positive,2025-11-07
ORD120854,17,P0015,Mobile Phone,4,positive,2026-07-13
ORD121070,262,P0016,Mobile Phone,4,positive,2026-05-23
ORD123443,3305,P0042,Fashion,4,positive,2026-03-16
ORD109853,1026,P0010,Laptop & Accessory,3,neutral,2025-09-21
ORD123794,3228,P0012,Laptop & Accessory,5,positive,2026-08-20
ORD109240,1439,P0018,Mobile Phone,4,positive,2025-11-04
ORD111544,3701,P0034,Household,3,neutral,2026-01-03
ORD110864,2216,P0053,Others,4,positive,2026-04-18
ORD125190,2211,P0060,Others,4,positive,2026-06-17
ORD113504,2200,P0010,Laptop & Accessory,4,positive,2026-02-16
ORD100301,566,P0005,Laptop & Accessory,4,positive,2026-05-27
ORD121393,70,P0006,Laptop & Accessory,5,positive,2026-01-26
ORD112905,3695,P0017,Mobile Phone,4,positive,2026-02-23
ORD124228,688,P0010,Laptop & Accessory,4,positive,2026-05-17
ORD116160,2341,P0008,Laptop & Accessory,3,neutral,2025-10-19
ORD113876,4111,P0031,Household,3,neutral,2026-08-02
ORD125137,1021,P0031,Household,5,positive,2025-11-26
ORD102661,1559,P0009,Laptop & Accessory,4,positive,2025-12-21
ORD124084,257,P0017,Mobile Phone,4,positive,2026-04-22
ORD119079,1920,P0010,Laptop & Accessory,4,positive,2025-11-12
ORD112647,503,P0026,Household,4,positive,2025-10-16
ORD114958,338,P0049,Others,5,positive,2025-08-29
ORD103066,1081,P0019,Mobile Phone,3,neutral,2025-11-12
ORD122403,163,P0048,Fashion,4,positive,2026-03-23
ORD114571,586,P0032,Household,4,positive,2026-07-12
ORD116858,852,P0010,Laptop & Accessory,5,positive,2025-12-24
ORD110122,657,P0010,Laptop & Accessory,4,positive,2025-11-16
ORD117508,828,P0007,Laptop & Accessory,2,negative,2025-11-12
ORD106890,71,P0005,Laptop & Accessory,5,positive,2026-04-10
ORD109012,3927,P0015,Mobile Phone,4,positive,2026-06-13
ORD116721,396,P0001,Laptop & Accessory,5,positive,2026-03-10
ORD117994,3009,P0020,Mobile Phone,5,positive,2025-10-15
ORD122646,3127,P0029,Household,4,positive,2026-06-27
ORD112634,2343,P0025,Household,4,positive,2026-05-13
ORD121449,238,P0009,Laptop & Accessory,4,positive,2025-10-30
ORD120463,1042,P0023,Mobile Phone,4,positive,2025-11-15
ORD103522,1335,P0009,Laptop & Accessory,4,positive,2026-06-16
ORD117976,223,P0011,Laptop & Accessory,4,positive,2025-11-06
ORD101202,376,P0010,Laptop & Accessory,3,neutral,2026-07-17
ORD122718,105,P0059,Others,4,positive,2026-02-03
ORD114825,1003,P0046,Fashion,4,positive,2026-06-19
ORD100867,167,P0046,Fashion,5,positive,2026-06-23
ORD109299,1719,P0021,Mobile Phone,3,neutral,2026-08-02
ORD111894,786,P0039,Fashion,4,positive,2026-01-14
ORD113220,301,P0010,Laptop & Accessory,4,positive,2025-11-18
ORD100457,2532,P0004,Laptop & Accessory,3,neutral,2026-05-08
ORD123110,11,P0048,Fashion,3,neutral,2026-08-31
ORD118972,1762,P0021,Mobile Phone,4,positive,2026-04-12
ORD113988,3415,P0007,Laptop & Accessory,5,positive,2026-07-09
ORD116611,1826,P0033,Household,3,neutral,2025-08-10
ORD115529,2836,P0021,Mobile Phone,4,positive,2025-10-25
ORD105953,1333,P0045,Fashion,4,positive,2026-05-07
ORD109837,2246,P0012,Laptop & Accessory,5,positive,2025-12-26
ORD116922,3083,P0012,Laptop & Accessory,3,neutral,2026-03-19
ORD117380,3785,P0050,Others,4,positive,2025-08-27
ORD122385,719,P0013,Mobile Phone,4,positive,2026-04-04
ORD123626,2304,P0045,Fashion,3,neutral,2026-02-12
ORD106588,1523,P0016,Mobile Phone,5,positive,2026-07-10
ORD101778,3539,P0026,Household,4,positive,2026-01-24
ORD124819,507,P0014,Mobile Phone,4,positive,2026-05-02
ORD124764,160,P0008,Laptop & Accessory,4,positive,2025-11-21
ORD101976,2727,P0050,Others,3,neutral,2026-05-18
ORD112279,1342,P0032,Household,4,positive,2026-07-26
ORD119129,996,P0018,Mobile Phone,3,neutral,2026-01-06
ORD103716,3468,P0015,Mobile Phone,4,positive,2026-02-09
ORD115890,3908,P0007,Laptop & Accessory,5,positive,2025-10-13
ORD111352,487,P0006,Laptop & Accessory,4,positive,2026-01-08
ORD109182,185,P0009,Laptop & Accessory,4,positive,2026-06-14
ORD118681,994,P0016,Mobile Phone,3,neutral,2026-07-17
ORD118868,4001,P0034,Household,5,positive,2026-06-23
ORD120928,1048,P0010,Laptop & Accessory,3,neutral,2026-06-16
ORD105144,81,P0048,Fashion,5,positive,2026-04-12
ORD101638,2608,P0067,Grocery,4,positive,2026-06-24
ORD105812,792,P0018,Mobile Phone,5,positive,2026-07-28
ORD118795,4009,P0023,Mobile Phone,4,positive,2026-04-24
ORD111497,2052,P0022,Mobile Phone,4,positive,2025-11-27
ORD111173,2413,P0019,Mobile Phone,4,positive,2025-11-14
ORD115462,3560,P0006,Laptop & Accessory,5,positive,2026-05-29
ORD106973,737,P0006,Laptop & Accessory,3,neutral,2026-04-19
ORD113672,3845,P0070,Grocery,4,positive,2026-05-06
ORD109596,1859,P0010,Laptop & Accessory,5,positive,2026-04-05
ORD102721,2867,P0044,Fashion,3,neutral,2025-09-12
ORD121977,2617,P0019,Mobile Phone,3,neutral,2025-09-07
ORD122060,1033,P0060,Others,4,positive,2025-11-24
ORD112768,129,P0010,Laptop & Accessory,4,positive,2025-12-17
ORD111159,1025,P0069,Grocery,4,positive,2025-09-03
ORD102554,1086,P0030,Household,5,positive,2025-10-17
ORD109402,391,P0043,Fashion,4,positive,2026-03-20
ORD110368,2344,P0005,Laptop & Accessory,4,positive,2026-01-04
ORD113010,1532,P0010,Laptop & Accessory,5,positive,2026-04-08
ORD103645,2843,P0069,Grocery,3,neutral,2025-08-16
ORD115289,1848,P0010,Laptop & Accessory,5,positive,2026-06-16
ORD112720,2072,P0022,Mobile Phone,5,positive,2025-11-18
ORD105689,516,P0023,Mobile Phone,3,neutral,2026-07-08
ORD104758,923,P0006,Laptop & Accessory,5,positive,2026-03-14
ORD100417,4244,P0033,Household,4,positive,2025-12-08
ORD102123,1892,P0006,Laptop & Accessory,5,positive,2025-09-04
ORD101547,3434,P0034,Household,4,positive,2025-09-14
ORD117668,1988,P0010,Laptop & Accessory,4,positive,2025-12-11
ORD119265,1900,P0002,Laptop & Accessory,4,positive,2025-09-10
ORD118730,1340,P0004,Laptop & Accessory,5,positive,2026-04-29
ORD122257,2903,P0068,Grocery,4,positive,2025-10-15
ORD116630,3743,P0029,Household,3,neutral,2025-11-10
ORD100572,247,P0005,Laptop & Accessory,4,positive,2026-06-16
ORD111793,1382,P0010,Laptop & Accessory,4,positive,2026-01-15
ORD115725,3117,P0025,Household,5,positive,2026-04-12
ORD108817,3077,P0018,Mobile Phone,3,neutral,2026-07-12
ORD120574,4076,P0032,Household,5,positive,2026-04-28
ORD118940,320,P0008,Laptop & Accessory,5,positive,2026-04-24
ORD118454,3093,P0070,Grocery,4,positive,2026-08-07
ORD122034,734,P0012,Laptop & Accessory,5,positive,2026-03-11
ORD115369,2855,P0023,Mobile Phone,4,positive,2026-04-03
ORD125276,1747,P0018,Mobile Phone,5,positive,2026-08-27
ORD115967,551,P0012,Laptop & Accessory,5,positive,2025-08-25
ORD113860,139,P0024,Mobile Phone,4,positive,2025-11-12
ORD122708,4291,P0012,Laptop & Accessory,4,positive,2026-02-12
ORD118615,988,P0063,Grocery,4,positive,2026-06-15
ORD124590,1953,P0008,Laptop & Accessory,4,positive,2026-03-18
ORD120665,1390,P0012,Laptop & Accessory,5,positive,2025-11-15
ORD125491,4171,P0026,Household,2,negative,2025-08-18
ORD124672,3011,P0059,Others,4,positive,2025-11-06
ORD120255,334,P0048,Fashion,3,neutral,2026-08-18
ORD112697,3509,P0028,Household,5,positive,2026-07-30
ORD120271,756,P0010,Laptop & Accessory,5,positive,2025-11-04
ORD118669,3286,P0039,Fashion,5,positive,2026-05-14
ORD123967,477,P0010,Laptop & Accessory,4,positive,2026-07-05
ORD103724,30,P0066,Grocery,4,positive,2025-09-06
ORD112976,2862,P0020,Mobile Phone,4,positive,2025-10-27
ORD125697,2710,P0018,Mobile Phone,4,positive,2026-04-15
ORD110965,1616,P0035,Household,5,positive,2025-08-12
ORD110218,4490,P0018,Mobile Phone,5,positive,2025-11-14
ORD125412,1832,P0063,Grocery,5,positive,2025-08-16
ORD100516,848,P0010,Laptop & Accessory,4,positive,2025-09-24
ORD108990,293,P0010,Laptop & Accessory,4,positive,2026-04-03
ORD118401,2006,P0010,Laptop & Accessory,5,positive,2026-03-17
ORD124182,2832,P0058,Others,3,neutral,2026-05-31
ORD112890,811,P0010,Laptop & Accessory,5,positive,2026-06-28
ORD108652,1329,P0029,Household,4,positive,2025-12-22
ORD112629,3258,P0029,Household,4,positive,2026-02-21
ORD110566,554,P0068,Grocery,5,positive,2025-11-10
ORD106407,537,P0010,Laptop & Accessory,4,positive,2026-01-02
ORD103327,3277,P0006,Laptop & Accessory,4,positive,2025-11-06
ORD100095,277,P0055,Others,5,positive,2025-12-28
ORD119403,2143,P0019,Mobile Phone,3,neutral,2026-05-12
ORD113689,687,P0011,Laptop & Accessory,5,positive,2026-08-03
ORD110226,2559,P0001,Laptop & Accessory,3,neutral,2026-08-27
ORD112264,3053,P0042,Fashion,5,positive,2026-06-29
ORD115098,2010,P0013,Mobile Phone,3,neutral,2025-12-27
ORD103613,3435,P0010,Laptop & Accessory,5,positive,2026-04-02
ORD102021,4441,P0023,Mobile Phone,3,neutral,2025-11-17
ORD115776,2929,P0037,Fashion,3,neutral,2025-09-22
ORD111796,2143,P0018,Mobile Phone,5,positive,2026-07-14
ORD103291,978,P0032,Household,4,positive,2026-06-17
ORD120529,2063,P0024,Mobile Phone,4,positive,2026-09-01
ORD116967,1344,P0042,Fashion,4,positive,2025-09-07
ORD107951,852,P0031,Household,4,positive,2026-08-21
ORD100665,776,P0010,Laptop & Accessory,5,positive,2026-03-24
ORD104557,3052,P0055,Others,4,positive,2026-01-11
ORD100658,1819,P0048,Fashion,4,positive,2026-05-17
ORD101524,1416,P0057,Others,4,positive,2025-11-09
ORD122155,2230,P0018,Mobile Phone,4,positive,2025-10-03
ORD101190,1176,P0003,Laptop & Accessory,4,positive,2026-08-16
ORD107947,1707,P0006,Laptop & Accessory,4,positive,2025-11-06
ORD100718,222,P0010,Laptop & Accessory,5,positive,2026-06-10
ORD116986,99,P0012,Laptop & Accessory,2,negative,2026-04-16
ORD113751,152,P0010,Laptop & Accessory,4,positive,2026-05-06
ORD106671,1665,P0010,Laptop & Accessory,4,positive,2025-11-11
ORD105055,2019,P0029,Household,4,positive,2026-07-06
ORD116282,671,P0046,Fashion,4,positive,2026-08-26
ORD121182,995,P0024,Mobile Phone,4,positive,2026-07-06
ORD103082,3912,P0006,Laptop & Accessory,4,positive,2026-01-26
ORD121851,2196,P0018,Mobile Phone,4,positive,2026-07-07
ORD110531,217,P0018,Mobile Phone,4,positive,2026-06-22
ORD113708,2956,P0012,Laptop & Accessory,5,positive,2026-04-22
ORD123054,558,P0010,Laptop & Accessory,4,positive,2025-08-10
ORD120146,1848,P0011,Laptop & Accessory,4,positive,2026-07-20
ORD119607,960,P0004,Laptop & Accessory,3,neutral,2026-06-20
ORD118979,2960,P0046,Fashion,5,positive,2026-01-26
ORD116138,472,P0028,Household,5,positive,2026-05-13
ORD114099,2445,P0020,Mobile Phone,3,neutral,2025-09-11
ORD106734,532,P0006,Laptop & Accessory,4,positive,2026-03-20
ORD105964,1063,P0010,Laptop & Accessory,5,positive,2025-08-20
ORD108561,2649,P0046,Fashion,4,positive,2026-06-16
ORD116255,2053,P0020,Mobile Phone,5,positive,2026-06-13
ORD122160,329,P0048,Fashion,4,positive,2025-12-25
ORD121383,288,P0010,Laptop & Accessory,5,positive,2026-07-10
ORD105151,331,P0039,Fashion,4,positive,2026-06-14
ORD105028,612,P0029,Household,4,positive,2026-01-17
ORD113667,2686,P0020,Mobile Phone,4,positive,2025-11-28
ORD105034,596,P0071,Grocery,4,positive,2026-01-26
ORD109303,12,P0010,Laptop & Accessory,3,neutral,2025-10-06
ORD100398,1510,P0001,Laptop & Accessory,4,positive,2025-11-13
ORD123552,3821,P0032,Household,3,neutral,2025-12-24
ORD122502,573,P0018,Mobile Phone,4,positive,2025-11-11
ORD120200,626,P0026,Household,4,positive,2026-06-20
ORD108299,391,P0044,Fashion,4,positive,2026-03-05
ORD108751,2294,P0016,Mobile Phone,4,positive,2025-11-17
ORD114371,535,P0063,Grocery,3,neutral,2025-11-13
ORD118141,4192,P0018,Mobile Phone,5,positive,2025-11-08
ORD101796,2758,P0011,Laptop & Accessory,5,positive,2025-10-07
ORD101991,4307,P0064,Grocery,4,positive,2026-01-09
ORD119875,2055,P0018,Mobile Phone,5,positive,2026-05-29
ORD109595,3571,P0013,Mobile Phone,5,positive,2025-12-11
ORD116873,4376,P0029,Household,4,positive,2026-04-29
ORD122714,1856,P0010,Laptop & Accessory,5,positive,2025-08-27
ORD101782,736,P0013,Mobile Phone,4,positive,2026-06-23
ORD108048,480,P0010,Laptop & Accessory,3,neutral,2026-04-22
ORD115330,3522,P0029,Household,4,positive,2026-03-01
ORD101312,58,P0006,Laptop & Accessory,4,positive,2025-10-10
ORD103075,188,P0037,Fashion,5,positive,2026-05-17
ORD108657,1325,P0006,Laptop & Accessory,5,positive,2026-06-11
ORD105923,1434,P0006,Laptop & Accessory,4,positive,2026-01-10
ORD110029,2187,P0015,Mobile Phone,5,positive,2026-06-14
ORD111084,2886,P0029,Household,5,positive,2026-02-04
ORD118238,637,P0012,Laptop & Accessory,4,positive,2026-07-20
ORD108925,2180,P0014,Mobile Phone,3,neutral,2026-08-06
ORD109927,3102,P0055,Others,5,positive,2025-10-06
ORD108240,1287,P0029,Household,5,positive,2026-08-11
ORD121519,1339,P0010,Laptop & Accessory,5,positive,2026-03-31
ORD124585,455,P0017,Mobile Phone,5,positive,2025-12-03
ORD123375,1066,P0006,Laptop & Accessory,4,positive,2026-04-17
ORD119391,503,P0025,Household,4,positive,2026-07-29
ORD117551,1106,P0011,Laptop & Accessory,4,positive,2026-03-15
ORD112057,3797,P0001,Laptop & Accessory,4,positive,2025-10-06
ORD105212,3749,P0025,Household,4,positive,2026-07-30
ORD111135,3737,P0038,Fashion,5,positive,2025-12-29
ORD123231,2870,P0068,Grocery,4,positive,2025-12-30
ORD119767,4512,P0033,Household,3,neutral,2026-02-12
ORD123500,325,P0018,Mobile Phone,4,positive,2025-10-21
ORD104496,2594,P0018,Mobile Phone,4,positive,2026-03-28
ORD106269,2599,P0046,Fashion,5,positive,2026-07-12
ORD102421,685,P0010,Laptop & Accessory,5,positive,2025-11-04
ORD120992,635,P0018,Mobile Phone,4,positive,2026-05-08
ORD123184,1019,P0026,Household,3,neutral,2025-11-26
ORD100151,1749,P0007,Laptop & Accessory,4,positive,2026-04-24
ORD122833,486,P0010,Laptop & Accessory,2,negative,2025-12-08
ORD119334,2915,P0027,Household,4,positive,2026-05-26
ORD103392,3138,P0034,Household,4,positive,2025-11-03
ORD100470,2471,P0029,Household,5,positive,2025-12-30
ORD122672,1952,P0006,Laptop & Accessory,5,positive,2026-06-18
ORD104459,2506,P0018,Mobile Phone,5,positive,2025-10-08
ORD103560,3611,P0021,Mobile Phone,5,positive,2026-05-10
ORD100453,1050,P0008,Laptop & Accessory,4,positive,2025-12-24
ORD105401,2180,P0022,Mobile Phone,4,positive,2026-06-22
ORD104053,2311,P0034,Household,5,positive,2026-06-03
ORD121484,109,P0017,Mobile Phone,5,positive,2025-10-16
ORD115366,766,P0049,Others,3,neutral,2026-05-05
ORD104126,1198,P0010,Laptop & Accessory,4,positive,2026-03-08
ORD115757,669,P0003,Laptop & Accessory,4,positive,2026-01-15
ORD118976,1344,P0028,Household,5,positive,2025-12-22
ORD101969,670,P0038,Fashion,3,neutral,2025-10-21
ORD111085,2130,P0008,Laptop & Accessory,5,positive,2026-08-26
ORD104864,2983,P0012,Laptop & Accessory,4,positive,2025-10-23
ORD109870,854,P0045,Fashion,4,positive,2026-05-06
ORD101962,482,P0020,Mobile Phone,4,positive,2025-11-10
ORD118764,3298,P0023,Mobile Phone,4,positive,2025-12-28
ORD110451,1418,P0024,Mobile Phone,4,positive,2025-08-17
ORD109104,1332,P0003,Laptop & Accessory,3,neutral,2026-05-26
ORD108082,203,P0010,Laptop & Accessory,4,positive,2025-08-05
ORD118431,3011,P0020,Mobile Phone,4,positive,2026-07-14
ORD117042,697,P0012,Laptop & Accessory,5,positive,2025-11-24
ORD116711,1756,P0018,Mobile Phone,3,neutral,2025-11-11
ORD108768,3838,P0046,Fashion,5,positive,2026-03-21
ORD101304,1830,P0049,Others,4,positive,2025-11-14
ORD125658,3024,P0013,Mobile Phone,3,neutral,2025-12-30
ORD115395,163,P0059,Others,5,positive,2025-12-23
ORD106103,1630,P0041,Fashion,5,positive,2026-03-23
ORD100486,3165,P0029,Household,5,positive,2025-10-14
ORD120581,2544,P0010,Laptop & Accessory,4,positive,2025-10-17
ORD118448,677,P0029,Household,4,positive,2025-12-02
ORD122158,4011,P0017,Mobile Phone,3,neutral,2025-11-12
ORD114071,2766,P0007,Laptop & Accessory,4,positive,2025-09-18
ORD101343,1050,P0012,Laptop & Accessory,4,positive,2026-07-02
ORD116104,500,P0010,Laptop & Accessory,5,positive,2026-06-17
ORD119292,4210,P0015,Mobile Phone,3,neutral,2025-11-04
ORD114556,989,P0038,Fashion,3,neutral,2026-01-15
ORD125917,3600,P0024,Mobile Phone,4,positive,2026-05-26
ORD113207,3599,P0001,Laptop & Accessory,4,positive,2026-02-17
ORD110196,1342,P0035,Household,4,positive,2025-10-02
ORD108968,3983,P0009,Laptop & Accessory,4,positive,2026-06-02
ORD117791,1609,P0047,Fashion,4,positive,2025-12-31
ORD101184,1686,P0018,Mobile Phone,4,positive,2026-01-10
ORD102498,3243,P0010,Laptop & Accessory,3,neutral,2026-06-29
ORD125205,1334,P0043,Fashion,3,neutral,2026-05-26
ORD114278,921,P0051,Others,5,positive,2025-11-12
ORD102664,1148,P0004,Laptop & Accessory,4,positive,2025-10-17
ORD118723,3804,P0018,Mobile Phone,4,positive,2026-08-31
ORD102856,3824,P0033,Household,4,positive,2026-06-18
ORD110168,3593,P0024,Mobile Phone,4,positive,2026-06-06
ORD116278,2200,P0037,Fashion,3,neutral,2025-09-23
ORD104593,2067,P0013,Mobile Phone,4,positive,2026-03-13
ORD118354,2598,P0022,Mobile Phone,3,neutral,2026-06-05
ORD116822,2444,P0013,Mobile Phone,5,positive,2025-10-09
ORD119467,1455,P0011,Laptop & Accessory,3,neutral,2025-11-05
ORD100711,4,P0031,Household,4,positive,2026-06-25
ORD117375,3379,P0026,Household,3,neutral,2026-01-28
ORD116925,3816,P0004,Laptop & Accessory,5,positive,2025-08-26
ORD105813,1030,P0032,Household,3,neutral,2025-10-22
ORD116533,2182,P0014,Mobile Phone,4,positive,2026-03-02
ORD112776,1692,P0043,Fashion,5,positive,2025-12-16
ORD113223,2,P0016,Mobile Phone,4,positive,2025-09-27
ORD107570,2175,P0019,Mobile Phone,4,positive,2026-05-05
ORD115598,536,P0042,Fashion,4,positive,2025-09-16
ORD106262,316,P0019,Mobile Phone,5,positive,2025-11-09
ORD102209,484,P0043,Fashion,4,positive,2026-05-20
ORD123659,649,P0033,Household,5,positive,2026-07-02
ORD100117,4118,P0019,Mobile Phone,4,positive,2026-06-29
ORD109760,4011,P0016,Mobile Phone,4,positive,2026-05-12
ORD101717,516,P0019,Mobile Phone,3,neutral,2026-06-17
ORD121152,1774,P0066,Grocery,4,positive,2026-01-01
ORD117956,3795,P0009,Laptop & Accessory,4,positive,2026-07-31
ORD122716,1692,P0024,Mobile Phone,4,positive,2026-05-04
ORD116845,3326,P0031,Household,3,neutral,2025-10-08
ORD101390,652,P0011,Laptop & Accessory,3,neutral,2026-08-16
ORD115859,938,P0029,Household,5,positive,2026-01-28
ORD115784,470,P0024,Mobile Phone,4,positive,2026-04-20
ORD119192,3356,P0032,Household,4,positive,2026-04-04
ORD111898,489,P0002,Laptop & Accessory,4,positive,2026-04-06
ORD121681,2626,P0021,Mobile Phone,4,positive,2026-07-28
ORD120882,356,P0008,Laptop & Accessory,4,positive,2026-07-15
ORD108694,951,P0038,Fashion,3,neutral,2025-12-06
ORD119482,1199,P0011,Laptop & Accessory,4,positive,2025-09-06
ORD108690,1879,P0015,Mobile Phone,4,positive,2025-12-23
ORD110743,1305,P0029,Household,3,neutral,2026-08-27
ORD111995,2270,P0010,Laptop & Accessory,5,positive,2025-08-29
ORD100859,582,P0006,Laptop & Accessory,4,positive,2025-11-18
ORD100015,63,P0006,Laptop & Accessory,4,positive,2025-12-29
ORD120832,1968,P0012,Laptop & Accessory,4,positive,2025-10-14
ORD115679,3865,P0018,Mobile Phone,3,neutral,2026-06-20
ORD111679,145,P0004,Laptop & Accessory,4,positive,2025-10-18
ORD108122,2066,P0023,Mobile Phone,4,positive,2025-12-20
ORD101763,4025,P0046,Fashion,4,positive,2025-11-05
ORD113465,747,P0014,Mobile Phone,4,positive,2025-10-11
ORD113080,3030,P0005,Laptop & Accessory,5,positive,2026-01-06
ORD119409,622,P0031,Household,5,positive,2025-08-27
ORD114255,2336,P0024,Mobile Phone,5,positive,2025-08-13
ORD118607,290,P0052,Others,4,positive,2026-02-16
ORD104449,2965,P0012,Laptop & Accessory,4,positive,2025-12-24
ORD123652,2994,P0002,Laptop & Accessory,4,positive,2025-11-12
ORD111545,36,P0018,Mobile Phone,4,positive,2026-01-23
ORD103713,3601,P0064,Grocery,4,positive,2026-07-22
ORD106655,1705,P0022,Mobile Phone,5,positive,2026-03-07
ORD124697,283,P0003,Laptop & Accessory,4,positive,2026-03-24
ORD103396,1064,P0009,Laptop & Accessory,3,neutral,2026-03-30
ORD118805,4167,P0039,Fashion,4,positive,2026-01-19
ORD109608,1421,P0006,Laptop & Accessory,4,positive,2025-12-14
ORD117491,1666,P0015,Mobile Phone,3,neutral,2025-11-06
ORD111187,1018,P0047,Fashion,4,positive,2025-10-22
ORD120620,4068,P0010,Laptop & Accessory,5,positive,2026-06-16
ORD101076,724,P0021,Mobile Phone,5,positive,2026-03-02
ORD101326,2339,P0018,Mobile Phone,4,positive,2025-12-02
ORD109734,872,P0029,Household,5,positive,2025-08-05
ORD101118,3612,P0013,Mobile Phone,5,positive,2026-08-16
ORD101112,2457,P0013,Mobile Phone,4,positive,2025-11-11
ORD122397,3468,P0026,Household,2,negative,2026-07-01
ORD100554,1778,P0004,Laptop & Accessory,4,positive,2025-11-08
ORD118215,4266,P0042,Fashion,4,positive,2026-03-13
ORD124393,2628,P0018,Mobile Phone,4,positive,2025-10-17
ORD116664,634,P0008,Laptop & Accessory,2,negative,2025-11-05
ORD103055,4066,P0027,Household,4,positive,2026-03-20
ORD106194,4186,P0012,Laptop & Accessory,4,positive,2025-08-12
ORD112769,1842,P0065,Grocery,4,positive,2026-05-05
ORD118427,1441,P0010,Laptop & Accessory,4,positive,2025-11-14
ORD120810,318,P0046,Fashion,4,positive,2026-05-31
ORD104160,2629,P0010,Laptop & Accessory,3,neutral,2026-05-19
ORD112126,2166,P0024,Mobile Phone,4,positive,2025-09-19
ORD109961,2965,P0046,Fashion,4,positive,2026-05-22
ORD119378,2671,P0032,Household,4,positive,2026-03-02
ORD124052,728,P0010,Laptop & Accessory,4,positive,2026-01-03
ORD105919,2569,P0012,Laptop & Accessory,4,positive,2025-11-09
ORD102512,3103,P0013,Mobile Phone,4,positive,2025-12-17
ORD103436,4323,P0008,Laptop & Accessory,4,positive,2025-11-16
ORD119878,3761,P0022,Mobile Phone,4,positive,2025-10-23
ORD117898,3025,P0070,Grocery,3,neutral,2025-11-07
ORD114955,2067,P0022,Mobile Phone,5,positive,2026-04-24
ORD120907,233,P0002,Laptop & Accessory,5,positive,2026-01-24
ORD121558,4262,P0035,Household,4,positive,2026-01-03
ORD109561,3818,P0009,Laptop & Accessory,4,positive,2026-04-18
ORD104360,1890,P0007,Laptop & Accessory,4,positive,2026-06-19
ORD122839,2445,P0013,Mobile Phone,4,positive,2026-03-16
ORD124725,226,P0053,Others,4,positive,2026-02-17
ORD107580,2253,P0010,Laptop & Accessory,4,positive,2025-11-08
ORD108210,814,P0024,Mobile Phone,5,positive,2026-06-15
ORD100388,58,P0012,Laptop & Accessory,5,positive,2026-08-16
ORD102590,164,P0046,Fashion,3,neutral,2025-11-18
ORD109925,3725,P0030,Household,4,positive,2026-06-20
ORD100944,214,P0012,Laptop & Accessory,4,positive,2025-08-19
ORD117821,1729,P0008,Laptop & Accessory,5,positive,2026-04-05
ORD112419,544,P0013,Mobile Phone,3,neutral,2026-04-22
ORD121607,1554,P0007,Laptop & Accessory,3,neutral,2025-12-24
ORD117544,488,P0030,Household,5,positive,2026-04-05
ORD107753,2532,P0006,Laptop & Accessory,4,positive,2025-08-23
ORD109647,3949,P0018,Mobile Phone,4,positive,2026-07-29
ORD106563,4059,P0038,Fashion,4,positive,2026-05-19
ORD123178,745,P0001,Laptop & Accessory,4,positive,2025-11-12
ORD102700,102,P0004,Laptop & Accessory,4,positive,2025-11-08
ORD119961,3002,P0026,Household,5,positive,2026-06-17
ORD121405,2022,P0012,Laptop & Accessory,4,positive,2025-10-09
ORD121223,484,P0037,Fashion,3,neutral,2026-01-20
ORD116293,1981,P0058,Others,4,positive,2025-09-25
ORD123324,1903,P0010,Laptop & Accessory,3,neutral,2026-08-13
ORD109581,3922,P0069,Grocery,4,positive,2025-11-13
ORD103572,673,P0001,Laptop & Accessory,5,positive,2025-11-26
ORD124513,2353,P0011,Laptop & Accessory,4,positive,2025-12-10
ORD109564,3568,P0004,Laptop & Accessory,4,positive,2025-10-26
ORD125589,4350,P0005,Laptop & Accessory,5,positive,2025-11-11
ORD120913,2130,P0010,Laptop & Accessory,5,positive,2025-08-20
ORD111873,2982,P0022,Mobile Phone,4,positive,2026-03-29
ORD104086,2078,P0022,Mobile Phone,4,positive,2026-09-01
ORD116158,2860,P0069,Grocery,5,positive,2026-04-13
ORD121457,4157,P0059,Others,4,positive,2025-10-07
ORD120583,3744,P0021,Mobile Phone,4,positive,2025-11-17
ORD122089,4468,P0069,Grocery,4,positive,2025-11-20
ORD115004,2395,P0010,Laptop & Accessory,5,positive,2025-10-28
ORD117218,943,P0020,Mobile Phone,5,positive,2025-11-12
ORD116290,3167,P0020,Mobile Phone,4,positive,2025-11-13
ORD106376,2504,P0014,Mobile Phone,4,positive,2026-01-06
ORD116320,3432,P0008,Laptop & Accessory,4,positive,2025-12-24
ORD124568,2181,P0023,Mobile Phone,5,positive,2026-04-02
ORD122370,169,P0046,Fashion,4,positive,2026-06-20
ORD120777,141,P0015,Mobile Phone,2,negative,2026-06-18
ORD101258,1493,P0005,Laptop & Accessory,4,positive,2026-02-13
ORD116395,4281,P0010,Laptop & Accessory,3,neutral,2025-11-24
ORD109357,843,P0006,Laptop & Accessory,3,neutral,2026-05-16
ORD103667,473,P0028,Household,3,neutral,2026-01-19
ORD123491,2350,P0008,Laptop & Accessory,5,positive,2025-10-18
ORD100125,3982,P0010,Laptop & Accessory,4,positive,2026-08-13
ORD122106,3330,P0018,Mobile Phone,4,positive,2026-06-08
ORD107872,1476,P0034,Household,4,positive,2026-01-18
ORD116586,2096,P0024,Mobile Phone,3,neutral,2025-11-05
ORD102836,58,P0010,Laptop & Accessory,5,positive,2026-04-14
ORD106138,534,P0008,Laptop & Accessory,4,positive,2025-11-12
ORD105771,927,P0009,Laptop & Accessory,4,positive,2025-12-10
ORD113425,219,P0010,Laptop & Accessory,5,positive,2026-05-26
ORD124662,1781,P0013,Mobile Phone,4,positive,2026-07-21
ORD118339,2606,P0023,Mobile Phone,4,positive,2026-06-22
ORD105076,1268,P0013,Mobile Phone,4,positive,2026-06-30
ORD105015,3765,P0008,Laptop & Accessory,4,positive,2026-07-24
ORD123484,147,P0015,Mobile Phone,3,neutral,2025-11-17
ORD125032,3492,P0030,Household,4,positive,2025-09-02
ORD112286,309,P0018,Mobile Phone,3,neutral,2025-11-08
ORD116341,758,P0067,Grocery,5,positive,2026-02-19
ORD118403,1097,P0029,Household,4,positive,2026-06-18
ORD117231,2331,P0023,Mobile Phone,5,positive,2025-11-13
ORD105977,325,P0018,Mobile Phone,4,positive,2026-01-29
ORD108401,1496,P0013,Mobile Phone,4,positive,2026-05-01
ORD112857,705,P0009,Laptop & Accessory,4,positive,2025-11-08
ORD108737,512,P0031,Household,4,positive,2026-08-19
ORD122175,4174,P0013,Mobile Phone,3,neutral,2026-07-06
ORD114451,2782,P0019,Mobile Phone,5,positive,2026-06-20
ORD107764,14,P0029,Household,4,positive,2025-12-19
ORD107994,1029,P0069,Grocery,5,positive,2026-01-02
ORD107247,723,P0009,Laptop & Accessory,4,positive,2026-07-20
ORD103057,3931,P0013,Mobile Phone,4,positive,2026-05-12
ORD117011,451,P0015,Mobile Phone,5,positive,2026-02-25
ORD123024,177,P0002,Laptop & Accessory,4,positive,2026-08-05
ORD125115,1180,P0001,Laptop & Accessory,4,positive,2026-02-14
ORD107013,148,P0031,Household,4,positive,2026-08-27
ORD111277,2989,P0018,Mobile Phone,3,neutral,2025-10-21
ORD124944,3874,P0010,Laptop & Accessory,5,positive,2026-07-20
ORD124330,4018,P0038,Fashion,5,positive,2025-10-08
ORD114285,2969,P0026,Household,4,positive,2026-07-30
ORD102490,3367,P0017,Mobile Phone,4,positive,2026-07-14
ORD119383,3958,P0012,Laptop & Accessory,5,positive,2026-01-27
ORD100660,3084,P0007,Laptop & Accessory,4,positive,2025-12-17
ORD107708,1812,P0002,Laptop & Accessory,4,positive,2026-06-23
ORD119969,2383,P0007,Laptop & Accessory,4,positive,2026-06-21
ORD120518,4027,P0012,Laptop & Accessory,4,positive,2025-11-11
ORD112721,1032,P0003,Laptop & Accessory,3,neutral,2025-11-18
ORD114018,2918,P0028,Household,5,positive,2025-11-02
ORD112617,1560,P0018,Mobile Phone,4,positive,2025-10-15
ORD106738,2989,P0013,Mobile Phone,4,positive,2026-05-15
ORD101679,2307,P0017,Mobile Phone,4,positive,2025-10-24
ORD102176,2595,P0020,Mobile Phone,4,positive,2025-12-02
ORD100852,1714,P0060,Others,3,neutral,2025-08-14
ORD105249,3486,P0010,Laptop & Accessory,3,neutral,2026-06-17
ORD115343,3353,P0012,Laptop & Accessory,4,positive,2026-08-15
ORD124855,15,P0009,Laptop & Accessory,3,neutral,2025-11-18
ORD111901,3870,P0055,Others,4,positive,2026-05-17
ORD102825,2770,P0010,Laptop & Accessory,4,positive,2026-07-29
ORD117358,2662,P0059,Others,5,positive,2026-03-17
ORD104502,297,P0001,Laptop & Accessory,3,neutral,2026-02-07
ORD112061,81,P0044,Fashion,5,positive,2026-04-21
ORD119316,4486,P0006,Laptop & Accessory,4,positive,2026-03-04
ORD104534,579,P0002,Laptop & Accessory,4,positive,2025-11-02
ORD123805,1796,P0023,Mobile Phone,4,positive,2025-11-09
ORD113013,1579,P0069,Grocery,4,positive,2026-05-24
ORD115568,2312,P0007,Laptop & Accessory,4,positive,2026-01-31
ORD103752,608,P0010,Laptop & Accessory,4,positive,2026-01-04
ORD103445,2009,P0013,Mobile Phone,4,positive,2026-07-21
ORD124599,2371,P0028,Household,5,positive,2025-08-08
ORD112414,12,P0012,Laptop & Accessory,5,positive,2025-11-20
ORD124838,2463,P0006,Laptop & Accessory,3,neutral,2025-08-06
ORD121207,1442,P0004,Laptop & Accessory,4,positive,2026-06-11
ORD116063,243,P0008,Laptop & Accessory,5,positive,2025-08-27
ORD125375,2488,P0024,Mobile Phone,4,positive,2026-02-21
ORD100983,592,P0029,Household,5,positive,2026-05-24
ORD114856,2076,P0020,Mobile Phone,5,positive,2025-10-22
ORD111846,506,P0024,Mobile Phone,4,positive,2026-05-08
ORD113611,996,P0020,Mobile Phone,4,positive,2026-04-19
ORD107561,2823,P0029,Household,3,neutral,2026-07-05
ORD111413,303,P0062,Grocery,2,negative,2026-04-24
ORD106120,2361,P0010,Laptop & Accessory,4,positive,2026-01-02
ORD101416,2223,P0029,Household,3,neutral,2026-04-11
ORD118477,1504,P0018,Mobile Phone,4,positive,2026-01-22
ORD112192,3831,P0018,Mobile Phone,5,positive,2026-04-14
ORD110945,449,P0004,Laptop & Accessory,4,positive,2026-05-17
ORD124153,1688,P0017,Mobile Phone,4,positive,2026-04-07
ORD116082,3476,P0029,Household,5,positive,2025-11-06
ORD123902,3823,P0014,Mobile Phone,4,positive,2025-12-11
ORD109079,287,P0010,Laptop & Accessory,4,positive,2025-12-17
ORD100897,2878,P0006,Laptop & Accessory,3,neutral,2026-08-02
ORD113401,4295,P0037,Fashion,3,neutral,2026-08-30
ORD110987,1126,P0029,Household,5,positive,2025-10-25
ORD105850,3338,P0031,Household,3,neutral,2026-01-29
ORD113711,2970,P0059,Others,5,positive,2025-11-18
ORD122972,1343,P0043,Fashion,5,positive,2026-03-11
ORD102368,2969,P0026,Household,5,positive,2025-08-05
ORD122643,349,P0029,Household,3,neutral,2025-11-21
ORD103108,4277,P0035,Household,3,neutral,2026-03-25
ORD120820,3951,P0010,Laptop & Accessory,4,positive,2026-03-25
ORD112744,315,P0064,Grocery,3,neutral,2025-10-11
ORD101584,727,P0057,Others,3,neutral,2026-03-27
ORD108676,1108,P0012,Laptop & Accessory,3,neutral,2026-06-01
ORD101389,64,P0072,Grocery,5,positive,2025-11-12
ORD118408,2465,P0004,Laptop & Accessory,3,neutral,2025-12-18
ORD109335,3623,P0016,Mobile Phone,4,positive,2025-09-25
ORD122824,4,P0012,Laptop & Accessory,3,neutral,2025-11-06
ORD103302,358,P0010,Laptop & Accessory,4,positive,2026-02-24
ORD114139,784,P0013,Mobile Phone,4,positive,2026-06-12
ORD105588,1703,P0013,Mobile Phone,4,positive,2026-02-09
ORD117155,2833,P0003,Laptop & Accessory,5,positive,2026-01-08
ORD116473,2247,P0066,Grocery,4,positive,2026-05-19
ORD122020,927,P0032,Household,4,positive,2026-04-21
ORD111677,2012,P0038,Fashion,5,positive,2026-06-16
ORD111631,1964,P0006,Laptop & Accessory,4,positive,2026-02-10
ORD110684,2724,P0030,Household,4,positive,2025-10-17
ORD108041,175,P0001,Laptop & Accessory,4,positive,2025-11-09
ORD124155,753,P0037,Fashion,4,positive,2025-11-08
ORD113678,3812,P0009,Laptop & Accessory,5,positive,2025-10-21
ORD119779,769,P0027,Household,4,positive,2026-06-18
ORD118061,3,P0029,Household,3,neutral,2026-05-16
ORD123668,341,P0053,Others,4,positive,2026-06-17
ORD115612,42,P0068,Grocery,4,positive,2026-05-16
ORD107326,412,P0038,Fashion,4,positive,2026-04-14
ORD123481,3764,P0018,Mobile Phone,5,positive,2026-05-26
ORD102950,674,P0010,Laptop & Accessory,5,positive,2025-09-17
ORD117874,2023,P0023,Mobile Phone,4,positive,2026-06-02
ORD114272,1490,P0027,Household,3,neutral,2025-11-16
ORD122868,549,P0037,Fashion,4,positive,2025-09-06
ORD101657,1731,P0010,Laptop & Accessory,3,neutral,2026-08-26
ORD124354,278,P0037,Fashion,4,positive,2026-04-04
ORD109434,3658,P0030,Household,4,positive,2026-06-24
ORD105412,157,P0010,Laptop & Accessory,4,positive,2025-08-31
ORD125317,1501,P0003,Laptop & Accessory,4,positive,2026-05-17
ORD119575,679,P0015,Mobile Phone,3,neutral,2026-04-17
ORD119761,229,P0004,Laptop & Accessory,5,positive,2025-11-18
ORD125736,2151,P0005,Laptop & Accessory,4,positive,2026-06-10
ORD124601,1658,P0023,Mobile Phone,4,positive,2025-12-06
ORD102886,2352,P0033,Household,4,positive,2026-08-13
ORD124768,278,P0048,Fashion,5,positive,2026-09-01
ORD103710,114,P0063,Grocery,5,positive,2026-02-21
ORD104712,1655,P0029,Household,4,positive,2026-05-15
ORD123488,3062,P0018,Mobile Phone,5,positive,2025-09-28
ORD106636,2310,P0035,Household,4,positive,2026-05-12
ORD103718,280,P0039,Fashion,5,positive,2026-02-03
ORD103192,1561,P0010,Laptop & Accessory,4,positive,2026-02-07
ORD101163,2874,P0070,Grocery,4,positive,2026-01-02
ORD107696,2424,P0062,Grocery,4,positive,2025-12-25
ORD121369,4277,P0031,Household,5,positive,2025-12-04
ORD113102,2860,P0016,Mobile Phone,4,positive,2026-06-04
ORD123223,1337,P0010,Laptop & Accessory,3,neutral,2026-03-11
ORD105370,4420,P0006,Laptop & Accessory,5,positive,2026-03-08
ORD107780,2771,P0006,Laptop & Accessory,4,positive,2025-10-05
ORD118002,3278,P0013,Mobile Phone,4,positive,2025-12-11
ORD101128,4409,P0029,Household,4,positive,2026-08-25
ORD112819,111,P0031,Household,5,positive,2026-05-06
ORD101854,4292,P0006,Laptop & Accessory,4,positive,2026-06-29
ORD102748,2776,P0038,Fashion,4,positive,2025-11-10
ORD120118,2888,P0006,Laptop & Accessory,5,positive,2025-09-23
ORD118980,594,P0007,Laptop & Accessory,4,positive,2025-10-06
ORD119956,672,P0044,Fashion,4,positive,2026-04-19
ORD100783,3981,P0018,Mobile Phone,4,positive,2025-11-12
ORD109038,191,P0030,Household,4,positive,2026-06-20
ORD107302,2179,P0003,Laptop & Accessory,3,neutral,2025-12-03
ORD121046,4167,P0010,Laptop & Accessory,4,positive,2025-09-17
ORD107808,261,P0014,Mobile Phone,4,positive,2025-11-09
ORD113592,3863,P0035,Household,4,positive,2026-03-26
ORD111827,4464,P0029,Household,4,positive,2025-08-28
ORD110050,3172,P0028,Household,4,positive,2026-01-23
ORD124973,207,P0010,Laptop & Accessory,4,positive,2025-10-22
ORD117100,1665,P0031,Household,4,positive,2026-05-17
ORD100195,933,P0018,Mobile Phone,4,positive,2026-04-15
ORD122825,2655,P0012,Laptop & Accessory,4,positive,2026-01-31
ORD112589,3791,P0020,Mobile Phone,4,positive,2025-11-05
ORD117677,171,P0008,Laptop & Accessory,4,positive,2025-11-05
ORD110602,2287,P0016,Mobile Phone,4,positive,2025-11-11
ORD119169,2192,P0024,Mobile Phone,5,positive,2026-07-15
ORD114922,2524,P0046,Fashion,4,positive,2026-06-02
ORD101260,334,P0048,Fashion,5,positive,2026-01-06
ORD116176,52,P0010,Laptop & Accessory,4,positive,2026-01-27
ORD113780,4257,P0029,Household,4,positive,2025-11-12
ORD105875,3112,P0072,Grocery,5,positive,2025-09-26
ORD104319,192,P0007,Laptop & Accessory,5,positive,2025-09-14
ORD125275,497,P0005,Laptop & Accessory,5,positive,2026-04-28
ORD118434,2522,P0044,Fashion,3,neutral,2026-04-23
ORD122024,2280,P0003,Laptop & Accessory,4,positive,2026-01-10
ORD101478,2316,P0020,Mobile Phone,5,positive,2026-04-28
ORD101109,1788,P0018,Mobile Phone,3,neutral,2026-07-08
ORD109937,543,P0010,Laptop & Accessory,4,positive,2025-11-23
ORD118468,933,P0024,Mobile Phone,5,positive,2026-07-19
ORD114391,2177,P0009,Laptop & Accessory,5,positive,2026-02-19
ORD106729,354,P0021,Mobile Phone,4,positive,2026-06-11
ORD124302,1824,P0001,Laptop & Accessory,4,positive,2026-06-10
ORD106040,769,P0015,Mobile Phone,4,positive,2026-04-15
ORD123395,3861,P0005,Laptop & Accessory,3,neutral,2025-11-06
ORD125758,3581,P0013,Mobile Phone,3,neutral,2025-09-22
ORD108263,666,P0046,Fashion,3,neutral,2026-06-17
ORD109620,3127,P0027,Household,4,positive,2025-10-21
ORD112239,621,P0018,Mobile Phone,5,positive,2026-07-07
ORD119112,3090,P0024,Mobile Phone,5,positive,2025-11-05
ORD105136,956,P0048,Fashion,5,positive,2026-04-18
ORD121479,1386,P0003,Laptop & Accessory,4,positive,2026-05-22
ORD118879,544,P0024,Mobile Phone,5,positive,2026-01-29
ORD115117,2378,P0013,Mobile Phone,4,positive,2026-03-07
ORD124937,1534,P0050,Others,4,positive,2025-11-13
ORD120905,557,P0012,Laptop & Accessory,3,neutral,2025-11-11
ORD111216,660,P0006,Laptop & Accessory,4,positive,2026-05-18
ORD108933,2729,P0043,Fashion,5,positive,2025-09-24
ORD124529,1090,P0008,Laptop & Accessory,4,positive,2026-06-09
ORD111606,1561,P0010,Laptop & Accessory,5,positive,2026-06-14
ORD104794,4207,P0019,Mobile Phone,4,positive,2025-11-07
ORD120967,3950,P0061,Grocery,4,positive,2025-09-19
ORD108750,4021,P0025,Household,4,positive,2026-02-07
ORD101855,2333,P0010,Laptop & Accessory,4,positive,2026-01-12
ORD125092,1326,P0010,Laptop & Accessory,4,positive,2026-05-28
ORD120238,608,P0028,Household,5,positive,2025-10-15
ORD114145,741,P0018,Mobile Phone,5,positive,2025-10-12
ORD117061,988,P0010,Laptop & Accessory,4,positive,2025-12-07
ORD121552,2573,P0019,Mobile Phone,5,positive,2026-08-24
ORD125140,3994,P0010,Laptop & Accessory,4,positive,2025-11-17
ORD111527,2074,P0045,Fashion,5,positive,2025-11-13
ORD115101,918,P0010,Laptop & Accessory,4,positive,2025-08-31
ORD118612,1141,P0002,Laptop & Accessory,4,positive,2026-04-28
ORD100671,3340,P0030,Household,4,positive,2025-10-03
ORD108507,1031,P0059,Others,4,positive,2026-05-31
ORD122915,2730,P0008,Laptop & Accessory,4,positive,2026-06-01
ORD121067,3398,P0032,Household,4,positive,2025-09-26
ORD123076,4120,P0011,Laptop & Accessory,5,positive,2026-06-15
ORD123055,499,P0038,Fashion,4,positive,2026-06-24
ORD104674,3191,P0028,Household,4,positive,2025-11-06
ORD114056,2536,P0018,Mobile Phone,5,positive,2026-07-09
ORD124693,107,P0004,Laptop & Accessory,4,positive,2025-08-26
ORD108760,1669,P0017,Mobile Phone,3,neutral,2025-08-18
ORD108493,3794,P0024,Mobile Phone,3,neutral,2025-11-27
ORD113677,4298,P0004,Laptop & Accessory,4,positive,2026-01-26
ORD120476,3034,P0012,Laptop & Accessory,5,positive,2025-11-15
ORD119176,1566,P0004,Laptop & Accessory,4,positive,2026-01-19
ORD118680,3950,P0018,Mobile Phone,3,neutral,2026-05-25
ORD103576,1728,P0010,Laptop & Accessory,4,positive,2025-08-14
ORD124531,4082,P0010,Laptop & Accessory,3,neutral,2026-03-19
ORD106792,587,P0005,Laptop & Accessory,4,positive,2025-08-04
ORD110944,1572,P0010,Laptop & Accessory,4,positive,2025-10-29
ORD111621,1902,P0006,Laptop & Accessory,4,positive,2026-07-28
ORD115237,2395,P0006,Laptop & Accessory,4,positive,2025-09-25
ORD112962,2855,P0014,Mobile Phone,5,positive,2025-11-07
ORD111399,338,P0048,Fashion,4,positive,2025-10-09
ORD108075,31,P0005,Laptop & Accessory,5,positive,2026-08-09
ORD102120,1285,P0001,Laptop & Accessory,3,neutral,2026-07-02
ORD107187,3112,P0059,Others,4,positive,2026-02-11
ORD106504,930,P0029,Household,4,positive,2025-12-17
ORD125313,4422,P0030,Household,3,neutral,2025-11-04
ORD116467,2937,P0067,Grocery,4,positive,2026-04-02
ORD112603,1069,P0052,Others,5,positive,2026-02-18
ORD114434,723,P0010,Laptop & Accessory,4,positive,2026-03-22
ORD125685,2199,P0012,Laptop & Accessory,5,positive,2025-09-29
ORD100685,1738,P0010,Laptop & Accessory,4,positive,2025-11-10
ORD117894,1413,P0043,Fashion,4,positive,2026-05-19
ORD115698,3735,P0037,Fashion,3,neutral,2026-08-11
ORD118600,2640,P0012,Laptop & Accessory,5,positive,2026-05-17
ORD104409,2026,P0011,Laptop & Accessory,3,neutral,2026-04-02
ORD115482,3552,P0036,Household,4,positive,2026-04-01
ORD112168,1067,P0031,Household,5,positive,2026-03-06
ORD115962,4265,P0029,Household,5,positive,2025-11-13
ORD121235,3597,P0012,Laptop & Accessory,5,positive,2025-09-18
ORD123132,4173,P0008,Laptop & Accessory,5,positive,2025-09-05
ORD113380,4268,P0039,Fashion,4,positive,2025-11-18
ORD101222,1925,P0039,Fashion,4,positive,2026-08-03
ORD101318,2436,P0012,Laptop & Accessory,1,negative,2025-09-04
ORD107481,3213,P0005,Laptop & Accessory,4,positive,2026-06-21
ORD111830,1687,P0017,Mobile Phone,5,positive,2026-03-25
ORD117689,1329,P0040,Fashion,4,positive,2025-08-06
ORD101023,968,P0035,Household,4,positive,2025-10-05
ORD101428,3451,P0020,Mobile Phone,4,positive,2025-10-28
ORD115651,306,P0008,Laptop & Accessory,2,negative,2025-08-26
ORD125564,2468,P0014,Mobile Phone,4,positive,2026-06-13
ORD119373,2365,P0004,Laptop & Accessory,3,neutral,2026-01-12
ORD108349,3343,P0015,Mobile Phone,4,positive,2025-12-05
ORD125886,2793,P0028,Household,3,neutral,2025-11-14
ORD109165,546,P0059,Others,5,positive,2025-12-29
ORD102575,3417,P0024,Mobile Phone,4,positive,2025-09-07
ORD116819,2639,P0018,Mobile Phone,5,positive,2026-06-02
ORD107909,1326,P0011,Laptop & Accessory,5,positive,2025-11-30
ORD116673,712,P0010,Laptop & Accessory,4,positive,2026-06-14
ORD121940,3294,P0036,Household,4,positive,2025-08-04
ORD105743,2026,P0010,Laptop & Accessory,5,positive,2025-11-16
ORD114806,808,P0003,Laptop & Accessory,4,positive,2026-06-03
ORD115749,2268,P0010,Laptop & Accessory,4,positive,2026-06-16
ORD111902,1416,P0004,Laptop & Accessory,4,positive,2025-09-05
ORD113008,973,P0029,Household,4,positive,2026-03-14
ORD118179,652,P0007,Laptop & Accessory,3,neutral,2026-06-22
ORD110857,714,P0051,Others,4,positive,2025-11-18
ORD116069,3048,P0037,Fashion,3,neutral,2026-04-27
ORD110878,481,P0037,Fashion,5,positive,2025-08-23
ORD114054,93,P0041,Fashion,5,positive,2026-07-23
ORD123046,756,P0030,Household,5,positive,2026-01-01
ORD109443,1797,P0010,Laptop & Accessory,4,positive,2025-12-18
ORD125228,1664,P0037,Fashion,3,neutral,2026-02-25
ORD100581,113,P0004,Laptop & Accessory,5,positive,2025-10-19
ORD116635,1145,P0010,Laptop & Accessory,4,positive,2026-02-24
ORD100697,630,P0064,Grocery,4,positive,2026-08-25
ORD111772,3286,P0049,Others,4,positive,2026-08-04
ORD112083,619,P0037,Fashion,4,positive,2025-10-09
ORD108978,1857,P0021,Mobile Phone,4,positive,2026-01-29
ORD125314,1448,P0045,Fashion,4,positive,2025-11-08
ORD107886,4011,P0054,Others,3,neutral,2026-05-30
ORD100553,3889,P0010,Laptop & Accessory,5,positive,2026-04-01
ORD114997,114,P0007,Laptop & Accessory,4,positive,2026-04-26
ORD112305,4161,P0031,Household,5,positive,2026-02-28
ORD106159,7,P0023,Mobile Phone,4,positive,2025-11-04
ORD123765,544,P0018,Mobile Phone,4,positive,2026-03-28
ORD117122,3037,P0018,Mobile Phone,4,positive,2026-04-03
ORD119706,1523,P0024,Mobile Phone,4,positive,2026-06-21
ORD106938,201,P0012,Laptop & Accessory,5,positive,2026-06-17
ORD108616,337,P0023,Mobile Phone,4,positive,2025-09-14
ORD104606,2974,P0002,Laptop & Accessory,4,positive,2026-04-21
ORD105471,3752,P0004,Laptop & Accessory,4,positive,2025-11-02
ORD120805,2086,P0015,Mobile Phone,3,neutral,2026-09-01
ORD109161,1363,P0066,Grocery,4,positive,2025-10-23
ORD114321,2066,P0018,Mobile Phone,5,positive,2026-08-25
ORD120883,2019,P0066,Grocery,5,positive,2026-04-17
ORD112799,189,P0006,Laptop & Accessory,4,positive,2025-10-24
ORD110056,4142,P0045,Fashion,4,positive,2026-03-24
ORD107700,1774,P0037,Fashion,4,positive,2026-07-10
ORD110917,2445,P0018,Mobile Phone,4,positive,2026-08-21
ORD118969,415,P0010,Laptop & Accessory,5,positive,2026-04-29
ORD110183,367,P0001,Laptop & Accessory,4,positive,2026-06-17
ORD116761,1048,P0006,Laptop & Accessory,5,positive,2026-05-30
ORD109868,2417,P0010,Laptop & Accessory,4,positive,2026-04-17
ORD118165,4138,P0029,Household,5,positive,2025-09-09
ORD120612,3562,P0013,Mobile Phone,4,positive,2025-12-03
ORD116638,4037,P0069,Grocery,5,positive,2026-06-16
ORD108894,2163,P0029,Household,4,positive,2026-08-25
ORD106575,42,P0066,Grocery,4,positive,2025-11-18
ORD103774,1050,P0010,Laptop & Accessory,5,positive,2026-08-23
ORD116022,1859,P0001,Laptop & Accessory,5,positive,2025-09-24
ORD109812,1321,P0010,Laptop & Accessory,4,positive,2026-07-08
ORD107810,848,P0049,Others,4,positive,2025-12-14
ORD110445,3733,P0069,Grocery,3,neutral,2026-05-08
ORD115200,1692,P0015,Mobile Phone,4,positive,2026-01-03
ORD101631,2982,P0020,Mobile Phone,5,positive,2026-04-11
ORD117254,2406,P0020,Mobile Phone,4,positive,2026-08-15
ORD123023,315,P0028,Household,4,positive,2026-04-09
ORD117098,4041,P0009,Laptop & Accessory,4,positive,2026-02-08
ORD111770,3007,P0012,Laptop & Accessory,4,positive,2025-09-23
ORD114540,320,P0008,Laptop & Accessory,4,positive,2025-11-12
ORD108948,2961,P0010,Laptop & Accessory,4,positive,2026-01-31
ORD103410,3257,P0059,Others,5,positive,2026-07-10
ORD104182,495,P0007,Laptop & Accessory,4,positive,2025-10-15
ORD105976,3407,P0004,Laptop & Accessory,3,neutral,2025-11-01
ORD102476,304,P0011,Laptop & Accessory,3,neutral,2026-07-06
ORD106444,2321,P0006,Laptop & Accessory,4,positive,2025-11-19
ORD119844,142,P0059,Others,3,neutral,2026-06-19
ORD103093,476,P0004,Laptop & Accessory,4,positive,2025-09-05
ORD125476,334,P0040,Fashion,4,positive,2025-12-15
ORD120173,1019,P0072,Grocery,3,neutral,2026-02-17
ORD101119,1327,P0026,Household,5,positive,2026-06-27
ORD125128,3446,P0012,Laptop & Accessory,5,positive,2026-01-28
ORD100158,3069,P0018,Mobile Phone,4,positive,2025-10-15
ORD101386,2258,P0015,Mobile Phone,4,positive,2026-04-28
ORD119238,1373,P0006,Laptop & Accessory,5,positive,2026-03-08
ORD118000,136,P0010,Laptop & Accessory,4,positive,2026-04-24
ORD112388,3703,P0010,Laptop & Accessory,5,positive,2025-11-04
ORD123364,667,P0013,Mobile Phone,5,positive,2025-08-10
ORD106887,918,P0042,Fashion,4,positive,2025-09-01
ORD115572,765,P0049,Others,4,positive,2026-01-27
ORD105922,3040,P0063,Grocery,4,positive,2025-10-27
ORD101320,604,P0004,Laptop & Accessory,4,positive,2026-06-13
ORD111174,2528,P0023,Mobile Phone,5,positive,2025-11-21
ORD114292,672,P0038,Fashion,4,positive,2026-04-04
ORD120171,4266,P0050,Others,4,positive,2025-08-18
ORD123355,3223,P0010,Laptop & Accessory,4,positive,2026-06-23
ORD105201,1413,P0023,Mobile Phone,3,neutral,2026-08-14
ORD101080,2588,P0069,Grocery,5,positive,2025-09-16
ORD121724,196,P0010,Laptop & Accessory,4,positive,2026-03-23
ORD105871,1867,P0009,Laptop & Accessory,5,positive,2025-11-08
ORD101440,1430,P0010,Laptop & Accessory,4,positive,2025-11-06
ORD108089,2980,P0029,Household,4,positive,2025-09-27
ORD117583,554,P0016,Mobile Phone,4,positive,2026-06-05
ORD122717,556,P0038,Fashion,5,positive,2026-02-18
ORD123133,188,P0047,Fashion,4,positive,2025-11-08
ORD113142,543,P0049,Others,4,positive,2025-12-29
ORD101625,3370,P0018,Mobile Phone,3,neutral,2026-03-09
ORD112939,1912,P0004,Laptop & Accessory,5,positive,2026-06-18
ORD104151,3023,P0018,Mobile Phone,4,positive,2026-03-17
ORD122045,2533,P0029,Household,4,positive,2026-08-19
ORD119057,442,P0010,Laptop & Accessory,5,positive,2025-11-06
ORD104247,1380,P0018,Mobile Phone,4,positive,2026-08-18
ORD112085,857,P0006,Laptop & Accessory,3,neutral,2026-01-14
ORD119552,2882,P0047,Fashion,4,positive,2026-06-13
ORD120082,353,P0024,Mobile Phone,5,positive,2026-09-01
ORD100577,1248,P0003,Laptop & Accessory,3,neutral,2025-09-09
ORD113323,3224,P0010,Laptop & Accessory,4,positive,2026-07-18
ORD121729,617,P0007,Laptop & Accessory,4,positive,2026-06-20
ORD125581,3786,P0067,Grocery,4,positive,2026-08-25
ORD104105,3736,P0042,Fashion,4,positive,2026-02-28
ORD118121,774,P0004,Laptop & Accessory,3,neutral,2026-05-05
ORD123985,3421,P0012,Laptop & Accessory,5,positive,2026-03-05
ORD124054,1039,P0061,Grocery,4,positive,2026-08-17
ORD108866,2407,P0024,Mobile Phone,5,positive,2025-09-26
ORD102054,2433,P0008,Laptop & Accessory,5,positive,2026-04-05
ORD121666,584,P0008,Laptop & Accessory,5,positive,2026-05-26
ORD118593,1572,P0066,Grocery,4,positive,2026-03-12
ORD109460,1718,P0066,Grocery,5,positive,2026-03-18
ORD100085,108,P0009,Laptop & Accessory,4,positive,2025-10-04
ORD105648,176,P0011,Laptop & Accessory,4,positive,2026-04-25
ORD104786,3858,P0013,Mobile Phone,5,positive,2026-06-08
ORD110496,856,P0040,Fashion,4,positive,2026-02-03
ORD100875,2294,P0023,Mobile Phone,5,positive,2026-04-12
ORD116190,4230,P0027,Household,4,positive,2025-11-15
ORD121765,3745,P0047,Fashion,3,neutral,2025-12-20
ORD116232,130,P0010,Laptop & Accessory,3,neutral,2025-10-01
ORD119953,3583,P0066,Grocery,5,positive,2025-12-13
ORD121926,1911,P0029,Household,4,positive,2026-08-03
ORD122515,1483,P0018,Mobile Phone,3,neutral,2026-06-25
ORD106208,28,P0007,Laptop & Accessory,4,positive,2025-09-09
ORD118995,2422,P0010,Laptop & Accessory,4,positive,2025-11-08
ORD105338,1830,P0010,Laptop & Accessory,5,positive,2026-04-20
ORD107937,591,P0012,Laptop & Accessory,3,neutral,2026-07-11
ORD124195,190,P0049,Others,5,positive,2025-12-14
ORD118247,2229,P0002,Laptop & Accessory,5,positive,2026-01-20
ORD109875,30,P0061,Grocery,5,positive,2025-09-20
ORD110937,1042,P0037,Fashion,4,positive,2026-05-31
ORD113459,1098,P0029,Household,3,neutral,2026-08-31
ORD112660,2795,P0004,Laptop & Accessory,5,positive,2026-06-16
ORD113026,2812,P0010,Laptop & Accessory,5,positive,2026-08-29
ORD118619,1377,P0010,Laptop & Accessory,4,positive,2026-05-19
ORD125255,2565,P0011,Laptop & Accessory,5,positive,2026-01-29
ORD117239,2617,P0021,Mobile Phone,3,neutral,2026-07-28
ORD112575,2409,P0039,Fashion,5,positive,2025-10-11
ORD116588,3293,P0010,Laptop & Accessory,3,neutral,2025-10-04
ORD104752,1321,P0010,Laptop & Accessory,5,positive,2025-08-18
ORD113154,1435,P0016,Mobile Phone,5,positive,2025-08-16
ORD114210,4409,P0026,Household,4,positive,2025-09-23
ORD103624,277,P0056,Others,5,positive,2026-04-29
ORD112065,11,P0028,Household,5,positive,2026-08-10
ORD120047,1036,P0024,Mobile Phone,3,neutral,2026-06-24
ORD103812,1057,P0008,Laptop & Accessory,5,positive,2026-01-26
ORD111066,1677,P0042,Fashion,5,positive,2026-02-05
ORD105238,2864,P0006,Laptop & Accessory,2,negative,2026-08-01
ORD112602,4409,P0028,Household,4,positive,2025-11-14
ORD105570,2593,P0018,Mobile Phone,3,neutral,2026-07-08
ORD125552,528,P0045,Fashion,4,positive,2026-08-27
ORD104342,600,P0010,Laptop & Accessory,2,negative,2025-08-14
ORD104232,1183,P0029,Household,5,positive,2026-03-02
ORD121763,1368,P0004,Laptop & Accessory,5,positive,2025-11-06
ORD101054,1031,P0044,Fashion,4,positive,2026-08-19
ORD106564,2396,P0015,Mobile Phone,4,positive,2025-12-11
ORD106751,2403,P0010,Laptop & Accessory,5,positive,2025-10-22
ORD101349,2403,P0029,Household,5,positive,2026-01-17
ORD120209,666,P0044,Fashion,3,neutral,2026-04-15
ORD119270,2642,P0017,Mobile Phone,4,positive,2026-04-29
ORD107653,1149,P0057,Others,3,neutral,2026-05-05
ORD119798,656,P0010,Laptop & Accessory,4,positive,2025-08-13
ORD113484,3233,P0039,Fashion,5,positive,2026-07-04
ORD113497,3741,P0010,Laptop & Accessory,4,positive,2025-12-14
ORD124049,4122,P0016,Mobile Phone,5,positive,2025-12-07
ORD106164,860,P0008,Laptop & Accessory,3,neutral,2026-05-10
ORD117368,249,P0011,Laptop & Accessory,5,positive,2025-10-21
ORD100035,348,P0010,Laptop & Accessory,4,positive,2026-07-02
ORD107784,2143,P0022,Mobile Phone,4,positive,2026-03-04
ORD113586,265,P0007,Laptop & Accessory,3,neutral,2025-09-25
ORD109635,2715,P0029,Household,3,neutral,2026-05-07
ORD121773,751,P0010,Laptop & Accessory,4,positive,2025-09-08
ORD114780,1056,P0014,Mobile Phone,5,positive,2026-03-13
ORD115030,2503,P0010,Laptop & Accessory,4,positive,2026-06-17
ORD106722,2440,P0010,Laptop & Accessory,4,positive,2025-09-03
ORD100289,3876,P0001,Laptop & Accessory,3,neutral,2026-06-16
ORD114844,2143,P0023,Mobile Phone,5,positive,2025-11-14
ORD115846,3132,P0029,Household,3,neutral,2026-03-20
ORD102111,3880,P0005,Laptop & Accessory,4,positive,2025-11-03
ORD121114,1921,P0003,Laptop & Accessory,2,negative,2026-05-27
ORD119658,770,P0010,Laptop & Accessory,4,positive,2025-09-19
ORD124452,1739,P0013,Mobile Phone,4,positive,2026-02-05
ORD111111,2248,P0023,Mobile Phone,4,positive,2025-08-24
ORD101463,514,P0010,Laptop & Accessory,4,positive,2026-02-17
ORD124743,2685,P0042,Fashion,4,positive,2025-08-16
ORD125455,1035,P0018,Mobile Phone,4,positive,2026-08-23
ORD116996,2837,P0014,Mobile Phone,5,positive,2026-02-08
ORD125302,1509,P0010,Laptop & Accessory,4,positive,2025-11-11
ORD113039,345,P0026,Household,4,positive,2025-08-11
ORD104626,3074,P0013,Mobile Phone,4,positive,2025-11-12
ORD115238,3875,P0010,Laptop & Accessory,4,positive,2025-11-04
ORD108554,1843,P0008,Laptop & Accessory,4,positive,2025-09-20
ORD115509,762,P0017,Mobile Phone,5,positive,2025-11-07
ORD123816,292,P0006,Laptop & Accessory,4,positive,2026-06-02
ORD119523,589,P0010,Laptop & Accessory,4,positive,2025-11-12
ORD119150,656,P0040,Fashion,4,positive,2025-11-09
ORD112391,170,P0057,Others,5,positive,2026-07-20
ORD125628,523,P0052,Others,4,positive,2026-06-28
ORD105730,1793,P0018,Mobile Phone,5,positive,2025-08-30
ORD103933,2053,P0018,Mobile Phone,5,positive,2025-12-27
ORD125211,3854,P0062,Grocery,3,neutral,2025-12-06
ORD124909,1179,P0052,Others,5,positive,2025-10-06
ORD120436,428,P0038,Fashion,3,neutral,2026-08-05
ORD113347,2031,P0019,Mobile Phone,4,positive,2025-12-09
ORD105313,4315,P0029,Household,4,positive,2026-06-17
ORD102674,2412,P0018,Mobile Phone,4,positive,2025-10-10
ORD110509,621,P0024,Mobile Phone,5,positive,2026-09-01
ORD124202,2593,P0022,Mobile Phone,4,positive,2026-03-24
ORD117134,550,P0040,Fashion,5,positive,2025-11-11
ORD104206,3116,P0024,Mobile Phone,4,positive,2026-03-29
ORD106633,1742,P0018,Mobile Phone,5,positive,2026-08-11
ORD105968,1733,P0072,Grocery,5,positive,2025-11-03
ORD106962,11,P0046,Fashion,5,positive,2026-07-28
ORD125164,355,P0010,Laptop & Accessory,4,positive,2026-08-19
ORD121183,3597,P0013,Mobile Phone,4,positive,2025-08-29
ORD113285,1275,P0042,Fashion,3,neutral,2025-11-16
ORD107476,3159,P0014,Mobile Phone,3,neutral,2025-12-24
ORD116952,1109,P0037,Fashion,4,positive,2026-05-22
ORD111116,141,P0043,Fashion,4,positive,2025-12-26
ORD110339,324,P0012,Laptop & Accessory,4,positive,2026-07-27
ORD122920,968,P0035,Household,5,positive,2026-05-17
ORD120553,2743,P0043,Fashion,3,neutral,2026-06-17
ORD114115,1075,P0034,Household,4,positive,2026-03-31
ORD109898,2309,P0024,Mobile Phone,4,positive,2025-08-08
ORD115095,561,P0046,Fashion,4,positive,2026-07-02
ORD116556,823,P0048,Fashion,3,neutral,2026-08-25
ORD105242,265,P0065,Grocery,5,positive,2025-10-31
ORD125305,2277,P0018,Mobile Phone,4,positive,2026-06-02
ORD109662,4112,P0029,Household,4,positive,2025-10-23
ORD115424,2109,P0040,Fashion,4,positive,2025-08-20
ORD121898,2333,P0029,Household,4,positive,2026-04-25
ORD108960,259,P0014,Mobile Phone,3,neutral,2026-01-29
ORD121099,990,P0044,Fashion,5,positive,2026-05-18
ORD106414,3385,P0007,Laptop & Accessory,5,positive,2026-04-27
ORD106413,3835,P0003,Laptop & Accessory,4,positive,2026-05-07
ORD113058,2239,P0038,Fashion,4,positive,2026-04-01
ORD107992,1382,P0010,Laptop & Accessory,4,positive,2026-04-09
ORD104773,3032,P0008,Laptop & Accessory,4,positive,2025-09-20
ORD113581,76,P0003,Laptop & Accessory,4,positive,2025-12-16
ORD112631,1341,P0027,Household,4,positive,2026-06-16
ORD105072,2847,P0020,Mobile Phone,5,positive,2025-11-16
ORD100178,3011,P0020,Mobile Phone,4,positive,2025-08-09
ORD103331,2266,P0018,Mobile Phone,3,neutral,2026-09-01
ORD112929,1010,P0039,Fashion,4,positive,2025-08-15
ORD115428,2905,P0042,Fashion,4,positive,2026-06-23
ORD106219,3814,P0005,Laptop & Accessory,3,neutral,2025-12-15
ORD122844,2061,P0016,Mobile Phone,3,neutral,2025-12-16
ORD111986,22,P0069,Grocery,4,positive,2026-04-05
ORD118085,1101,P0033,Household,3,neutral,2025-10-02
ORD119582,3229,P0026,Household,5,positive,2026-03-23
ORD113861,1782,P0022,Mobile Phone,5,positive,2025-11-29
ORD115430,1102,P0004,Laptop & Accessory,3,neutral,2026-02-05
ORD125730,3120,P0042,Fashion,4,positive,2025-11-17
ORD125498,1566,P0004,Laptop & Accessory,4,positive,2026-04-13
ORD122337,3253,P0026,Household,4,positive,2026-06-09
ORD100921,434,P0046,Fashion,5,positive,2025-12-31
ORD123071,2715,P0050,Others,4,positive,2025-10-15
ORD120860,698,P0005,Laptop & Accessory,5,positive,2025-11-27
ORD121976,3734,P0064,Grocery,4,positive,2025-08-07
ORD121524,592,P0029,Household,3,neutral,2026-01-01
ORD112329,2497,P0007,Laptop & Accessory,5,positive,2026-06-03
ORD107928,3582,P0014,Mobile Phone,3,neutral,2026-03-25
ORD103232,1925,P0043,Fashion,4,positive,2025-11-18
ORD119058,570,P0021,Mobile Phone,3,neutral,2025-10-28
ORD112420,2951,P0027,Household,4,positive,2025-08-07
ORD118851,1782,P0023,Mobile Phone,3,neutral,2026-06-05
ORD112880,1320,P0020,Mobile Phone,4,positive,2025-08-30
ORD123546,1107,P0069,Grocery,4,positive,2026-03-15
ORD107438,1447,P0045,Fashion,4,positive,2025-11-05
ORD120844,3985,P0010,Laptop & Accessory,5,positive,2026-07-31
ORD109444,2005,P0007,Laptop & Accessory,5,positive,2025-12-02
ORD118672,2074,P0016,Mobile Phone,5,positive,2026-05-01
ORD115697,4248,P0029,Household,4,positive,2026-04-11
ORD109553,1556,P0050,Others,4,positive,2025-09-11
ORD121026,1100,P0069,Grocery,5,positive,2025-11-01
ORD110564,224,P0010,Laptop & Accessory,5,positive,2026-01-19
ORD113338,2671,P0028,Household,4,positive,2026-07-30
ORD109090,311,P0006,Laptop & Accessory,5,positive,2026-06-23
ORD116786,4286,P0048,Fashion,3,neutral,2025-10-31
ORD117461,3629,P0022,Mobile Phone,3,neutral,2026-03-16
ORD106921,1732,P0023,Mobile Phone,4,positive,2025-11-07
ORD102181,4013,P0033,Household,5,positive,2025-10-30
ORD114153,3519,P0028,Household,4,positive,2026-07-20
ORD121921,520,P0023,Mobile Phone,3,neutral,2025-10-01
ORD100513,856,P0044,Fashion,4,positive,2026-02-12
ORD120920,3497,P0069,Grocery,5,positive,2025-10-11
ORD113734,2384,P0019,Mobile Phone,4,positive,2026-07-20
ORD122344,216,P0002,Laptop & Accessory,3,neutral,2026-06-02
ORD103163,1093,P0055,Others,4,positive,2026-08-11
ORD106150,3573,P0017,Mobile Phone,3,neutral,2026-01-04
ORD106286,3762,P0013,Mobile Phone,4,positive,2026-03-13
ORD125352,1399,P0008,Laptop & Accessory,4,positive,2025-11-11
ORD107294,3047,P0029,Household,4,positive,2026-03-24
ORD125457,192,P0007,Laptop & Accessory,5,positive,2026-08-15
ORD114510,2818,P0003,Laptop & Accessory,4,positive,2026-02-19
ORD123994,844,P0054,Others,5,positive,2026-03-04
ORD114942,2457,P0024,Mobile Phone,4,positive,2026-04-05
ORD110526,3013,P0018,Mobile Phone,4,positive,2025-08-16
ORD122419,1331,P0007,Laptop & Accessory,5,positive,2025-11-07
ORD122761,1187,P0009,Laptop & Accessory,4,positive,2025-12-17
ORD115283,2965,P0033,Household,4,positive,2025-10-15
ORD115543,1697,P0037,Fashion,4,positive,2025-11-12
ORD105807,3330,P0014,Mobile Phone,4,positive,2026-07-07
ORD125155,1667,P0006,Laptop & Accessory,3,neutral,2025-08-16
ORD114225,1032,P0010,Laptop & Accessory,4,positive,2026-04-12
ORD112541,4297,P0030,Household,4,positive,2025-11-14
ORD114946,1183,P0044,Fashion,4,positive,2026-05-27
ORD117848,534,P0046,Fashion,4,positive,2026-05-22
ORD121388,1340,P0005,Laptop & Accessory,4,positive,2026-01-07
ORD109132,349,P0037,Fashion,4,positive,2026-05-07
ORD118441,4476,P0010,Laptop & Accessory,5,positive,2025-09-04
ORD118988,2221,P0050,Others,4,positive,2025-12-15
ORD117096,3673,P0029,Household,5,positive,2025-11-01
ORD114631,1026,P0004,Laptop & Accessory,5,positive,2026-01-08
ORD123501,2985,P0008,Laptop & Accessory,4,positive,2026-07-16
ORD110498,2306,P0013,Mobile Phone,4,positive,2026-03-29
ORD114209,2621,P0021,Mobile Phone,3,neutral,2026-01-08
ORD102973,2344,P0004,Laptop & Accessory,4,positive,2025-11-13
ORD104001,45,P0021,Mobile Phone,4,positive,2025-09-05
ORD108189,2778,P0002,Laptop & Accessory,4,positive,2026-06-20
ORD106821,641,P0017,Mobile Phone,4,positive,2026-05-26
ORD106181,76,P0010,Laptop & Accessory,4,positive,2025-10-14
ORD111928,19,P0011,Laptop & Accessory,5,positive,2025-12-15
ORD125141,1375,P0056,Others,4,positive,2026-01-23
ORD112189,3595,P0037,Fashion,4,positive,2026-05-20
ORD101021,75,P0009,Laptop & Accessory,4,positive,2025-12-31
ORD122336,984,P0056,Others,5,positive,2026-02-12
ORD101458,496,P0031,Household,4,positive,2026-06-13
ORD120490,3111,P0022,Mobile Phone,4,positive,2026-04-19
ORD113573,1578,P0010,Laptop & Accessory,5,positive,2026-04-05
ORD111263,2955,P0055,Others,4,positive,2026-06-23
ORD113982,416,P0002,Laptop & Accessory,3,neutral,2026-08-03
ORD108609,2933,P0030,Household,5,positive,2026-07-06
ORD115504,2023,P0031,Household,3,neutral,2026-06-29
ORD111275,1952,P0009,Laptop & Accessory,5,positive,2025-08-16
ORD120420,3196,P0024,Mobile Phone,3,neutral,2025-10-23
ORD109871,2056,P0017,Mobile Phone,5,positive,2026-06-21
ORD101781,938,P0018,Mobile Phone,3,neutral,2025-11-20
ORD113246,65,P0010,Laptop & Accessory,5,positive,2026-03-05
ORD112069,2494,P0042,Fashion,4,positive,2025-11-04
ORD106119,3470,P0026,Household,4,positive,2025-12-10
ORD103777,1254,P0048,Fashion,5,positive,2025-11-18
ORD121465,1347,P0030,Household,5,positive,2026-06-20
ORD121058,954,P0046,Fashion,5,positive,2025-12-18
ORD103734,1913,P0006,Laptop & Accessory,4,positive,2026-01-01
ORD106305,3743,P0030,Household,4,positive,2026-01-12
ORD108418,731,P0003,Laptop & Accessory,4,positive,2025-09-22
ORD108570,2431,P0028,Household,4,positive,2026-03-30
ORD116830,1402,P0004,Laptop & Accessory,5,positive,2025-09-16
ORD100936,1708,P0045,Fashion,4,positive,2025-09-17
ORD115864,3444,P0047,Fashion,4,positive,2025-11-04
ORD123840,2317,P0020,Mobile Phone,5,positive,2025-09-06
ORD102235,817,P0020,Mobile Phone,5,positive,2026-05-17
ORD107461,810,P0010,Laptop & Accessory,4,positive,2026-08-16
ORD107281,2959,P0010,Laptop & Accessory,5,positive,2026-02-05
ORD118409,1444,P0008,Laptop & Accessory,4,positive,2025-11-19
ORD116719,3212,P0030,Household,4,positive,2026-03-20
ORD117145,4277,P0009,Laptop & Accessory,5,positive,2025-08-22
ORD112296,1302,P0030,Household,3,neutral,2025-11-10
ORD119475,172,P0054,Others,4,positive,2026-07-30
ORD109997,1770,P0029,Household,4,positive,2026-03-06
ORD120693,2574,P0024,Mobile Phone,5,positive,2026-05-02
ORD111684,415,P0069,Grocery,5,positive,2025-09-19
ORD107039,4098,P0042,Fashion,4,positive,2025-08-26
ORD111984,2443,P0029,Household,4,positive,2026-06-25
ORD124217,556,P0018,Mobile Phone,3,neutral,2025-10-07
ORD104782,2229,P0010,Laptop & Accessory,4,positive,2025-11-28
ORD121739,3927,P0023,Mobile Phone,4,positive,2026-02-25
ORD114861,2032,P0016,Mobile Phone,4,positive,2026-05-15
ORD120370,69,P0043,Fashion,4,positive,2025-10-14
ORD107981,482,P0017,Mobile Phone,3,neutral,2025-11-05
ORD106727,1434,P0012,Laptop & Accessory,5,positive,2026-03-21
ORD124751,498,P0033,Household,4,positive,2026-07-18
ORD109560,3836,P0013,Mobile Phone,4,positive,2025-09-27
ORD119397,2203,P0010,Laptop & Accessory,5,positive,2025-11-21
ORD107041,155,P0012,Laptop & Accessory,3,neutral,2026-07-21
ORD110185,3106,P0010,Laptop & Accessory,3,neutral,2025-10-13
ORD115544,919,P0029,Household,3,neutral,2025-11-15
ORD105663,2303,P0005,Laptop & Accessory,3,neutral,2025-11-12
ORD112801,216,P0009,Laptop & Accessory,4,positive,2026-01-12
ORD115065,4237,P0013,Mobile Phone,4,positive,2025-09-30
ORD110861,599,P0041,Fashion,4,positive,2026-02-13
ORD121647,2025,P0014,Mobile Phone,3,neutral,2025-11-04
ORD102857,159,P0061,Grocery,3,neutral,2026-05-19
ORD124912,3698,P0022,Mobile Phone,4,positive,2026-02-14
ORD115154,3734,P0066,Grocery,5,positive,2026-07-06
ORD125414,547,P0048,Fashion,4,positive,2025-10-15
ORD100506,1491,P0002,Laptop & Accessory,4,positive,2025-08-20
ORD109192,2060,P0021,Mobile Phone,4,positive,2026-05-08
ORD121483,2108,P0010,Laptop & Accessory,5,positive,2025-12-30
ORD109733,2062,P0066,Grocery,5,positive,2026-02-27
ORD116135,339,P0006,Laptop & Accessory,4,positive,2026-02-01
ORD108950,3310,P0029,Household,3,neutral,2026-03-28
ORD112733,987,P0039,Fashion,3,neutral,2026-06-23
ORD119016,2798,P0020,Mobile Phone,3,neutral,2026-03-08
ORD113077,705,P0008,Laptop & Accessory,5,positive,2025-11-01
ORD118415,3857,P0018,Mobile Phone,4,positive,2026-05-25
ORD120628,1638,P0013,Mobile Phone,4,positive,2025-12-23
ORD112056,1846,P0016,Mobile Phone,4,positive,2025-11-12
ORD113621,640,P0013,Mobile Phone,4,positive,2025-12-07
ORD103517,3925,P0018,Mobile Phone,5,positive,2026-03-13
ORD103113,534,P0008,Laptop & Accessory,4,positive,2025-11-06
ORD119699,3399,P0006,Laptop & Accessory,5,positive,2026-06-19
ORD107528,1327,P0006,Laptop & Accessory,5,positive,2026-06-14
ORD119897,2859,P0023,Mobile Phone,5,positive,2025-12-23
ORD121641,587,P0010,Laptop & Accessory,4,positive,2025-10-18
ORD119390,938,P0033,Household,5,positive,2026-08-11
ORD105262,3885,P0028,Household,4,positive,2026-03-10
ORD101001,2783,P0069,Grocery,4,positive,2026-03-06
ORD112865,316,P0007,Laptop & Accessory,4,positive,2026-01-02
ORD106611,2641,P0015,Mobile Phone,5,positive,2026-06-30
ORD110085,2301,P0072,Grocery,4,positive,2026-03-10
ORD110546,534,P0029,Household,4,positive,2025-11-05
ORD125988,469,P0040,Fashion,5,positive,2026-06-17
ORD107512,3738,P0041,Fashion,4,positive,2026-03-23
ORD117374,1893,P0032,Household,4,positive,2026-05-15
ORD112042,1153,P0005,Laptop & Accessory,3,neutral,2025-11-16
ORD118308,478,P0012,Laptop & Accessory,4,positive,2026-02-25
ORD108306,472,P0033,Household,3,neutral,2026-08-18
ORD120296,284,P0010,Laptop & Accessory,4,positive,2026-04-02
ORD119441,2772,P0029,Household,4,positive,2025-10-13
ORD114164,2228,P0062,Grocery,5,positive,2026-03-01
ORD108152,2814,P0008,Laptop & Accessory,4,positive,2025-11-20
ORD114866,10,P0043,Fashion,5,positive,2025-11-18
ORD111276,1190,P0029,Household,4,positive,2025-08-16
ORD114791,2261,P0047,Fashion,4,positive,2026-08-11
ORD106153,54,P0005,Laptop & Accessory,5,positive,2026-05-08
ORD118942,1157,P0010,Laptop & Accessory,4,positive,2025-09-26
ORD113723,349,P0005,Laptop & Accessory,4,positive,2026-07-14
ORD116968,295,P0009,Laptop & Accessory,5,positive,2026-02-28
ORD120000,677,P0029,Household,3,neutral,2026-08-26
ORD105591,3367,P0024,Mobile Phone,4,positive,2026-06-21
ORD107369,577,P0011,Laptop & Accessory,4,positive,2025-12-10
ORD112988,1188,P0012,Laptop & Accessory,5,positive,2025-12-26
ORD112872,1110,P0051,Others,4,positive,2026-06-30
ORD111493,3746,P0005,Laptop & Accessory,4,positive,2026-04-15
ORD115067,3573,P0021,Mobile Phone,5,positive,2026-06-18
ORD106327,2427,P0017,Mobile Phone,4,positive,2026-02-12
ORD119234,730,P0038,Fashion,5,positive,2026-06-18
ORD120619,1339,P0010,Laptop & Accessory,4,positive,2026-05-16
ORD119305,3174,P0028,Household,4,positive,2026-08-17
ORD104840,589,P0041,Fashion,4,positive,2026-02-27
ORD103792,1128,P0011,Laptop & Accessory,4,positive,2025-10-17
ORD105854,1488,P0011,Laptop & Accessory,4,positive,2026-07-26
ORD107314,289,P0012,Laptop & Accessory,4,positive,2025-09-24
ORD102982,2202,P0018,Mobile Phone,3,neutral,2025-10-14
ORD108586,2956,P0010,Laptop & Accessory,4,positive,2025-10-01
ORD100427,1480,P0015,Mobile Phone,4,positive,2025-11-07
ORD101730,2749,P0033,Household,5,positive,2025-11-04
ORD102260,4145,P0010,Laptop & Accessory,3,neutral,2025-10-08
ORD104106,162,P0057,Others,4,positive,2026-03-31
ORD102092,6,P0018,Mobile Phone,4,positive,2026-03-22
ORD110131,3360,P0008,Laptop & Accessory,4,positive,2026-03-06
ORD117960,1725,P0069,Grocery,3,neutral,2025-08-21
ORD110679,1068,P0007,Laptop & Accessory,4,positive,2026-08-15
ORD106297,4317,P0029,Household,4,positive,2026-06-01
ORD117536,2365,P0012,Laptop & Accessory,4,positive,2026-08-07
ORD122394,2991,P0050,Others,5,positive,2026-04-10
ORD100065,74,P0029,Household,4,positive,2025-10-26
ORD109429,1765,P0069,Grocery,3,neutral,2026-02-03
ORD103178,3825,P0018,Mobile Phone,3,neutral,2026-05-26
ORD102671,283,P0023,Mobile Phone,4,positive,2026-08-05
ORD122863,996,P0019,Mobile Phone,4,positive,2025-11-04
ORD112084,924,P0009,Laptop & Accessory,5,positive,2025-10-14
ORD102386,2196,P0013,Mobile Phone,4,positive,2026-01-15
ORD114731,4297,P0026,Household,3,neutral,2026-01-29
ORD115483,2526,P0010,Laptop & Accessory,4,positive,2025-09-26
ORD100107,191,P0018,Mobile Phone,4,positive,2026-02-21
ORD100485,529,P0036,Household,4,positive,2025-11-18
ORD120829,159,P0071,Grocery,5,positive,2026-06-13
ORD118091,283,P0010,Laptop & Accessory,4,positive,2025-11-12
ORD112715,271,P0040,Fashion,3,neutral,2026-03-10
ORD122892,1027,P0048,Fashion,5,positive,2025-09-10
ORD118016,1697,P0046,Fashion,3,neutral,2026-06-13
ORD110838,935,P0006,Laptop & Accessory,4,positive,2025-11-17
ORD122451,3011,P0059,Others,4,positive,2026-06-17
ORD105445,3798,P0017,Mobile Phone,4,positive,2025-08-11
ORD120252,2886,P0030,Household,5,positive,2026-08-11
ORD109070,286,P0009,Laptop & Accessory,5,positive,2026-07-05
ORD123921,1375,P0002,Laptop & Accessory,4,positive,2026-06-16
ORD110430,115,P0050,Others,5,positive,2026-02-03
ORD121506,2259,P0013,Mobile Phone,4,positive,2025-11-13
ORD120467,620,P0050,Others,4,positive,2026-06-13
ORD108722,1530,P0010,Laptop & Accessory,4,positive,2026-01-06
ORD117952,2303,P0040,Fashion,4,positive,2026-06-18
ORD118252,1351,P0004,Laptop & Accessory,5,positive,2026-06-27
ORD118316,2655,P0010,Laptop & Accessory,4,positive,2025-09-11
ORD107973,2584,P0035,Household,5,positive,2026-06-16
ORD124625,3739,P0042,Fashion,4,positive,2025-11-11
ORD105880,834,P0010,Laptop & Accessory,4,positive,2025-09-02
ORD103414,695,P0009,Laptop & Accessory,3,neutral,2025-09-22
ORD121280,1608,P0001,Laptop & Accessory,5,positive,2026-03-24
ORD114142,4429,P0035,Household,3,neutral,2025-10-01
ORD105217,97,P0035,Household,4,positive,2026-01-01
ORD106131,2145,P0053,Others,4,positive,2026-05-20
ORD108114,3985,P0005,Laptop & Accessory,5,positive,2025-10-31
ORD104184,924,P0006,Laptop & Accessory,5,positive,2026-06-16
ORD118970,4448,P0032,Household,3,neutral,2026-08-29
ORD111394,79,P0008,Laptop & Accessory,3,neutral,2025-09-09
ORD107722,1558,P0022,Mobile Phone,5,positive,2025-11-05
ORD103940,377,P0010,Laptop & Accessory,3,neutral,2026-07-21
ORD125949,1430,P0066,Grocery,3,neutral,2026-08-01
ORD115717,2451,P0020,Mobile Phone,4,positive,2026-08-12
ORD115723,853,P0012,Laptop & Accessory,4,positive,2025-10-13
ORD112308,3935,P0004,Laptop & Accessory,3,neutral,2026-04-22
ORD117429,1663,P0013,Mobile Phone,4,positive,2025-10-27
ORD113441,3094,P0026,Household,3,neutral,2026-01-28
ORD113479,42,P0057,Others,5,positive,2025-11-19
ORD103727,602,P0042,Fashion,4,positive,2026-03-26
ORD110444,35,P0065,Grocery,3,neutral,2025-10-03
ORD118924,1441,P0002,Laptop & Accessory,4,positive,2026-05-09
ORD108819,639,P0011,Laptop & Accessory,4,positive,2025-11-13
ORD107924,661,P0018,Mobile Phone,4,positive,2025-11-13
ORD104610,1077,P0010,Laptop & Accessory,4,positive,2025-10-25
ORD103084,68,P0031,Household,4,positive,2026-08-06
ORD114974,77,P0012,Laptop & Accessory,5,positive,2025-09-04
ORD118719,26,P0012,Laptop & Accessory,4,positive,2026-04-29
ORD100471,4440,P0003,Laptop & Accessory,4,positive,2026-08-13
ORD119248,335,P0010,Laptop & Accessory,5,positive,2025-09-20
ORD109921,563,P0028,Household,5,positive,2026-04-29
ORD103117,2984,P0013,Mobile Phone,4,positive,2025-11-08
ORD114506,1678,P0011,Laptop & Accessory,5,positive,2026-05-19
ORD112712,291,P0010,Laptop & Accessory,4,positive,2025-09-08
ORD109531,2962,P0004,Laptop & Accessory,3,neutral,2026-07-15
ORD113852,331,P0044,Fashion,3,neutral,2026-04-13
ORD107443,1431,P0041,Fashion,5,positive,2026-02-28
ORD121948,3431,P0018,Mobile Phone,5,positive,2025-11-13
ORD120853,2141,P0004,Laptop & Accessory,4,positive,2026-04-08
ORD101197,1269,P0004,Laptop & Accessory,5,positive,2026-08-06
ORD117284,383,P0007,Laptop & Accessory,3,neutral,2026-01-14
ORD119780,1316,P0039,Fashion,4,positive,2026-02-17
ORD104931,311,P0010,Laptop & Accessory,3,neutral,2026-01-28
ORD101239,3758,P0013,Mobile Phone,4,positive,2025-09-14
ORD115039,3803,P0013,Mobile Phone,4,positive,2025-09-05
ORD104384,242,P0047,Fashion,3,neutral,2026-04-02
ORD103011,1128,P0010,Laptop & Accessory,4,positive,2025-11-01
ORD108524,3904,P0046,Fashion,2,negative,2025-08-07
ORD106648,2531,P0018,Mobile Phone,5,positive,2026-02-17
ORD111245,817,P0020,Mobile Phone,4,positive,2025-12-31
ORD113980,329,P0045,Fashion,3,neutral,2025-10-30
ORD102633,1555,P0010,Laptop & Accessory,4,positive,2025-12-09
ORD110088,251,P0037,Fashion,4,positive,2026-07-03
ORD119325,1406,P0016,Mobile Phone,4,positive,2026-05-14
ORD101012,519,P0039,Fashion,4,positive,2026-08-03
ORD121827,1643,P0010,Laptop & Accessory,5,positive,2025-08-13
ORD125479,2253,P0008,Laptop & Accessory,5,positive,2025-11-06
ORD109235,3192,P0031,Household,5,positive,2025-11-09
ORD113427,3414,P0046,Fashion,4,positive,2025-10-11
ORD110779,587,P0018,Mobile Phone,3,neutral,2026-06-20
ORD120402,2075,P0023,Mobile Phone,4,positive,2026-07-07
ORD107734,122,P0032,Household,5,positive,2026-04-17
ORD123553,531,P0037,Fashion,4,positive,2026-07-27
ORD107943,1347,P0031,Household,3,neutral,2025-11-25
ORD113128,1772,P0020,Mobile Phone,5,positive,2025-10-15
ORD109117,4435,P0053,Others,4,positive,2026-03-28
ORD118285,119,P0006,Laptop & Accessory,4,positive,2026-06-15
ORD114797,2321,P0010,Laptop & Accessory,4,positive,2026-06-14
ORD120564,951,P0009,Laptop & Accessory,4,positive,2026-04-28
ORD104354,3958,P0001,Laptop & Accessory,4,positive,2025-11-15
ORD100845,3061,P0033,Household,4,positive,2026-03-27
ORD125066,3134,P0035,Household,3,neutral,2025-11-04
ORD110675,304,P0053,Others,4,positive,2025-11-08
ORD125845,3230,P0002,Laptop & Accessory,4,positive,2025-12-02
ORD100990,476,P0010,Laptop & Accessory,4,positive,2026-03-24
ORD114808,2490,P0020,Mobile Phone,3,neutral,2026-06-18
ORD110512,283,P0006,Laptop & Accessory,5,positive,2026-06-12
ORD107980,587,P0010,Laptop & Accessory,4,positive,2026-04-03
ORD113129,72,P0008,Laptop & Accessory,4,positive,2026-06-23
ORD111718,1976,P0042,Fashion,3,neutral,2026-07-11
ORD112806,3781,P0046,Fashion,4,positive,2026-03-26
ORD100054,1926,P0010,Laptop & Accessory,4,positive,2025-08-29
ORD106530,1485,P0042,Fashion,5,positive,2026-03-27
ORD111018,4216,P0025,Household,5,positive,2026-05-26
ORD106117,1459,P0006,Laptop & Accessory,3,neutral,2026-01-21
ORD101685,1563,P0010,Laptop & Accessory,4,positive,2025-08-13
ORD100536,2220,P0002,Laptop & Accessory,5,positive,2025-11-08
ORD101040,1467,P0011,Laptop & Accessory,4,positive,2026-06-02
ORD122609,4159,P0030,Household,4,positive,2026-05-16
ORD103119,3396,P0044,Fashion,5,positive,2025-11-27
ORD103596,4469,P0002,Laptop & Accessory,5,positive,2026-03-06
ORD117069,2617,P0018,Mobile Phone,3,neutral,2025-10-22
ORD100043,1850,P0014,Mobile Phone,3,neutral,2026-03-20
ORD105662,3140,P0004,Laptop & Accessory,5,positive,2026-05-13
ORD123833,2282,P0058,Others,4,positive,2025-11-09
ORD101587,1690,P0017,Mobile Phone,4,positive,2026-05-05
ORD111802,2036,P0014,Mobile Phone,4,positive,2026-03-16
ORD109563,854,P0024,Mobile Phone,4,positive,2026-06-18
ORD106801,2618,P0024,Mobile Phone,5,positive,2025-08-16
ORD119147,3964,P0069,Grocery,5,positive,2025-11-07
ORD115690,4199,P0067,Grocery,4,positive,2026-03-08
ORD107128,3244,P0010,Laptop & Accessory,5,positive,2025-11-17
ORD123465,1906,P0016,Mobile Phone,3,neutral,2025-08-11
ORD122778,2137,P0024,Mobile Phone,4,positive,2026-06-15
ORD120685,1042,P0054,Others,3,neutral,2026-02-05
ORD101906,357,P0006,Laptop & Accessory,4,positive,2025-11-12
ORD107519,2332,P0020,Mobile Phone,4,positive,2025-12-18
ORD107060,1651,P0012,Laptop & Accessory,4,positive,2025-12-17
ORD119399,131,P0056,Others,4,positive,2025-11-12
ORD125158,1065,P0010,Laptop & Accessory,4,positive,2025-09-11
ORD112272,4173,P0005,Laptop & Accessory,4,positive,2026-07-08
ORD108199,3110,P0065,Grocery,4,positive,2026-06-20
ORD119803,735,P0001,Laptop & Accessory,4,positive,2026-03-28
ORD116580,688,P0004,Laptop & Accessory,4,positive,2026-03-03
ORD101057,566,P0057,Others,3,neutral,2026-03-16
ORD119041,3050,P0029,Household,5,positive,2026-02-12
ORD109453,70,P0010,Laptop & Accessory,5,positive,2026-07-04
ORD121001,1090,P0008,Laptop & Accessory,4,positive,2026-06-15
ORD124339,996,P0021,Mobile Phone,4,positive,2026-06-20
ORD109497,864,P0058,Others,4,positive,2026-06-16
ORD123555,1511,P0028,Household,3,neutral,2025-10-28
ORD125780,1812,P0065,Grocery,3,neutral,2026-05-05
ORD111381,2590,P0018,Mobile Phone,4,positive,2026-01-24
ORD102078,1693,P0010,Laptop & Accessory,4,positive,2025-11-15
ORD110304,4315,P0031,Household,5,positive,2026-07-21
ORD101871,1664,P0037,Fashion,4,positive,2025-11-26
ORD103403,719,P0022,Mobile Phone,5,positive,2026-08-16
ORD115639,1583,P0037,Fashion,3,neutral,2026-07-18
ORD108820,1144,P0018,Mobile Phone,4,positive,2026-07-17
ORD111710,1022,P0012,Laptop & Accessory,4,positive,2025-12-17
ORD116983,3804,P0010,Laptop & Accessory,5,positive,2026-07-21
ORD102832,3434,P0027,Household,3,neutral,2026-07-26
ORD122938,1004,P0037,Fashion,4,positive,2026-06-12
ORD117667,1994,P0028,Household,4,positive,2025-08-05
ORD120407,2931,P0004,Laptop & Accessory,5,positive,2026-04-30
ORD104489,3984,P0013,Mobile Phone,5,positive,2025-11-14
ORD109171,997,P0011,Laptop & Accessory,4,positive,2026-06-18
ORD112980,2555,P0017,Mobile Phone,4,positive,2026-07-04
ORD124627,1664,P0039,Fashion,5,positive,2026-03-10
ORD104990,289,P0011,Laptop & Accessory,4,positive,2025-08-27
ORD111412,4193,P0019,Mobile Phone,3,neutral,2025-11-17
ORD125715,3682,P0046,Fashion,4,positive,2025-10-02
ORD106226,444,P0002,Laptop & Accessory,5,positive,2026-06-22
ORD123273,203,P0010,Laptop & Accessory,5,positive,2025-09-24
ORD116346,2352,P0018,Mobile Phone,4,positive,2025-09-03
ORD110490,714,P0031,Household,5,positive,2026-08-24
ORD103258,1618,P0017,Mobile Phone,4,positive,2026-03-01
ORD113551,1684,P0024,Mobile Phone,5,positive,2025-12-10
ORD104546,639,P0011,Laptop & Accessory,4,positive,2026-07-28
ORD101758,2814,P0067,Grocery,4,positive,2025-10-23
ORD106851,430,P0003,Laptop & Accessory,4,positive,2026-08-08
ORD108312,3744,P0022,Mobile Phone,5,positive,2026-05-30
ORD117669,937,P0039,Fashion,5,positive,2026-01-26
ORD121289,1644,P0038,Fashion,5,positive,2025-09-21
ORD108476,859,P0018,Mobile Phone,4,positive,2025-08-08
ORD111456,1691,P0006,Laptop & Accessory,5,positive,2026-01-24
ORD105619,529,P0006,Laptop & Accessory,5,positive,2025-09-17
ORD102914,2051,P0012,Laptop & Accessory,4,positive,2026-01-01
ORD125992,3774,P0014,Mobile Phone,3,neutral,2026-01-25
ORD118916,2287,P0018,Mobile Phone,4,positive,2026-05-29
ORD109465,593,P0036,Household,4,positive,2025-08-16
ORD108678,96,P0046,Fashion,4,positive,2025-12-17
ORD103854,4,P0012,Laptop & Accessory,5,positive,2025-12-17
ORD120032,4277,P0036,Household,5,positive,2025-09-02
ORD104709,839,P0006,Laptop & Accessory,4,positive,2025-11-23
ORD124108,129,P0004,Laptop & Accessory,5,positive,2025-11-17
ORD124140,2497,P0013,Mobile Phone,4,positive,2026-08-09
ORD110751,1680,P0048,Fashion,4,positive,2026-08-06
ORD100118,3441,P0041,Fashion,3,neutral,2025-10-03
ORD124385,265,P0003,Laptop & Accessory,3,neutral,2025-09-18
ORD103340,3759,P0002,Laptop & Accessory,4,positive,2026-02-04
ORD100378,1677,P0037,Fashion,3,neutral,2025-08-06
ORD113989,1001,P0017,Mobile Phone,4,positive,2025-09-25
ORD123340,1347,P0032,Household,3,neutral,2026-04-24
ORD111175,2414,P0012,Laptop & Accessory,3,neutral,2026-01-14
ORD112077,2958,P0020,Mobile Phone,4,positive,2026-04-05
ORD120711,1012,P0006,Laptop & Accessory,4,positive,2026-03-02
ORD124282,4095,P0032,Household,4,positive,2025-12-29
ORD110709,1672,P0041,Fashion,4,positive,2025-10-27
ORD119632,1768,P0010,Laptop & Accessory,4,positive,2026-05-15
ORD121083,939,P0066,Grocery,3,neutral,2025-11-15
ORD102335,381,P0042,Fashion,5,positive,2026-02-04
ORD119565,3613,P0018,Mobile Phone,4,positive,2026-05-08
ORD105839,120,P0005,Laptop & Accessory,4,positive,2025-08-21
ORD124102,1021,P0031,Household,4,positive,2026-05-13
ORD100246,537,P0072,Grocery,5,positive,2026-08-07
ORD117226,302,P0041,Fashion,4,positive,2026-04-01
ORD105688,2070,P0049,Others,4,positive,2026-01-19
ORD122890,28,P0035,Household,4,positive,2025-08-14
ORD109645,1451,P0024,Mobile Phone,4,positive,2026-02-04
ORD119275,3393,P0043,Fashion,3,neutral,2026-06-17
ORD120674,1063,P0010,Laptop & Accessory,5,positive,2026-03-20
ORD118440,929,P0046,Fashion,4,positive,2026-06-19
ORD109107,1697,P0029,Household,3,neutral,2026-04-28
ORD107331,1792,P0003,Laptop & Accessory,4,positive,2025-08-28
ORD122506,502,P0035,Household,4,positive,2025-10-22
ORD117112,967,P0028,Household,4,positive,2025-08-31
ORD121705,2240,P0023,Mobile Phone,5,positive,2025-11-11
ORD117842,2009,P0014,Mobile Phone,4,positive,2026-07-01
ORD110954,2983,P0010,Laptop & Accessory,4,positive,2025-09-05
ORD112160,3295,P0016,Mobile Phone,3,neutral,2025-09-08
ORD119985,3553,P0031,Household,4,positive,2025-10-07
ORD119955,436,P0070,Grocery,4,positive,2026-08-15
ORD125035,2695,P0004,Laptop & Accessory,4,positive,2026-04-26
ORD106298,807,P0001,Laptop & Accessory,4,positive,2025-10-11
ORD109839,859,P0015,Mobile Phone,3,neutral,2025-10-22
ORD117629,341,P0005,Laptop & Accessory,4,positive,2025-12-03
ORD104954,2328,P0043,Fashion,5,positive,2026-05-15
ORD123998,2348,P0024,Mobile Phone,4,positive,2026-02-28
ORD105277,1032,P0017,Mobile Phone,3,neutral,2025-11-18
ORD108221,1504,P0018,Mobile Phone,3,neutral,2026-06-16
ORD119052,1460,P0012,Laptop & Accessory,4,positive,2026-03-13
ORD103409,15,P0038,Fashion,4,positive,2026-03-04
ORD113332,656,P0007,Laptop & Accessory,4,positive,2025-11-18
ORD117124,3299,P0004,Laptop & Accessory,3,neutral,2026-03-08
ORD106865,394,P0011,Laptop & Accessory,5,positive,2026-06-22
ORD102272,2540,P0002,Laptop & Accessory,3,neutral,2025-09-24
ORD111603,1280,P0018,Mobile Phone,3,neutral,2026-01-14
ORD101081,194,P0012,Laptop & Accessory,4,positive,2025-10-19
ORD110484,4152,P0029,Household,4,positive,2026-06-06
ORD113929,900,P0027,Household,5,positive,2026-06-22
ORD105272,2637,P0029,Household,4,positive,2025-12-25
ORD123493,1253,P0059,Others,4,positive,2026-05-09
ORD123760,205,P0024,Mobile Phone,5,positive,2026-07-10
ORD110694,2339,P0014,Mobile Phone,4,positive,2026-05-12
ORD109523,2586,P0002,Laptop & Accessory,3,neutral,2026-04-19
ORD124781,1380,P0013,Mobile Phone,5,positive,2026-03-02
ORD115780,2271,P0015,Mobile Phone,4,positive,2026-08-12
ORD118330,2412,P0063,Grocery,3,neutral,2025-09-30
ORD124071,495,P0008,Laptop & Accessory,4,positive,2026-04-13
ORD113859,2432,P0004,Laptop & Accessory,4,positive,2025-12-18
ORD118108,539,P0031,Household,2,negative,2025-11-29
ORD115422,3816,P0010,Laptop & Accessory,4,positive,2026-01-03
ORD105288,538,P0024,Mobile Phone,3,neutral,2026-07-06
ORD104569,4025,P0012,Laptop & Accessory,5,positive,2026-07-02
ORD116042,261,P0020,Mobile Phone,3,neutral,2026-06-19
ORD105094,2412,P0016,Mobile Phone,4,positive,2026-01-01
ORD107639,311,P0010,Laptop & Accessory,4,positive,2026-06-15
ORD123134,3697,P0006,Laptop & Accessory,2,negative,2026-05-03
ORD125738,1606,P0003,Laptop & Accessory,4,positive,2025-11-15
ORD124146,396,P0003,Laptop & Accessory,5,positive,2026-06-14
ORD118040,3771,P0015,Mobile Phone,5,positive,2026-01-31
ORD117044,4079,P0010,Laptop & Accessory,5,positive,2026-04-01
ORD108996,1888,P0010,Laptop & Accessory,5,positive,2025-10-05
ORD101960,2685,P0010,Laptop & Accessory,4,positive,2025-12-26
ORD118029,68,P0011,Laptop & Accessory,4,positive,2026-06-14
ORD108159,1859,P0062,Grocery,4,positive,2026-03-11
ORD114845,2188,P0017,Mobile Phone,3,neutral,2026-08-21
ORD117187,2840,P0001,Laptop & Accessory,5,positive,2025-11-09
ORD108580,2124,P0006,Laptop & Accessory,4,positive,2026-01-25
ORD105227,643,P0046,Fashion,5,positive,2026-05-26
ORD118734,331,P0047,Fashion,3,neutral,2026-07-14
ORD100775,1458,P0012,Laptop & Accessory,4,positive,2026-05-31
ORD107151,4066,P0029,Household,4,positive,2026-06-14
ORD110579,4406,P0010,Laptop & Accessory,3,neutral,2026-03-04
ORD116529,1006,P0069,Grocery,4,positive,2026-03-14
ORD119168,538,P0001,Laptop & Accessory,4,positive,2025-08-22
ORD113151,325,P0019,Mobile Phone,4,positive,2025-11-15
ORD101147,3748,P0010,Laptop & Accessory,5,positive,2025-08-22
ORD102093,3593,P0018,Mobile Phone,4,positive,2026-07-16
ORD108083,10,P0042,Fashion,4,positive,2025-11-25
ORD102388,771,P0046,Fashion,5,positive,2025-08-18
ORD115328,115,P0058,Others,3,neutral,2026-06-16
ORD114118,2449,P0022,Mobile Phone,4,positive,2025-09-02
ORD109915,2326,P0010,Laptop & Accessory,4,positive,2025-09-22
ORD108718,961,P0029,Household,4,positive,2026-06-17
ORD114724,2651,P0020,Mobile Phone,4,positive,2026-03-07
ORD100325,3764,P0069,Grocery,3,neutral,2026-03-02
ORD104260,1164,P0004,Laptop & Accessory,4,positive,2026-02-21
ORD125667,1131,P0010,Laptop & Accessory,4,positive,2026-06-23
ORD123792,3743,P0029,Household,5,positive,2025-11-13
ORD100355,478,P0008,Laptop & Accessory,4,positive,2026-06-23
ORD121794,2332,P0038,Fashion,4,positive,2026-01-09
ORD108759,3117,P0058,Others,5,positive,2025-09-09
ORD114810,3734,P0069,Grocery,3,neutral,2025-11-10
ORD125094,1919,P0029,Household,5,positive,2026-08-06
ORD111327,3229,P0020,Mobile Phone,4,positive,2026-06-23
ORD100926,3217,P0018,Mobile Phone,4,positive,2026-06-21
ORD121352,2553,P0018,Mobile Phone,4,positive,2026-04-13
ORD109697,311,P0016,Mobile Phone,5,positive,2025-11-10
ORD110908,2777,P0030,Household,2,negative,2026-08-11
ORD112405,3214,P0059,Others,4,positive,2026-06-13
ORD102970,1534,P0010,Laptop & Accessory,4,positive,2026-05-20
ORD102449,2228,P0047,Fashion,4,positive,2026-06-17
ORD115461,1823,P0038,Fashion,4,positive,2025-08-11
ORD108742,294,P0008,Laptop & Accessory,4,positive,2025-08-05
ORD114010,77,P0010,Laptop & Accessory,5,positive,2025-08-10
ORD119332,2546,P0024,Mobile Phone,3,neutral,2026-03-08
ORD122516,488,P0069,Grocery,5,positive,2025-10-26
ORD125683,1547,P0001,Laptop & Accessory,4,positive,2026-01-25
ORD100720,2092,P0001,Laptop & Accessory,5,positive,2026-08-05
ORD121549,1905,P0046,Fashion,5,positive,2025-12-23
ORD113446,1305,P0070,Grocery,3,neutral,2026-08-01
ORD112545,605,P0014,Mobile Phone,4,positive,2026-03-06
ORD103399,2489,P0065,Grocery,4,positive,2026-05-05
ORD107851,2222,P0018,Mobile Phone,3,neutral,2025-12-26
ORD111558,4516,P0029,Household,4,positive,2025-11-06
ORD114338,658,P0010,Laptop & Accessory,3,neutral,2026-03-29
ORD120086,758,P0009,Laptop & Accessory,3,neutral,2026-02-04
ORD115507,3746,P0007,Laptop & Accessory,4,positive,2026-06-01
ORD100756,4485,P0036,Household,4,positive,2025-09-27
ORD108610,958,P0043,Fashion,4,positive,2026-05-18
ORD113316,3891,P0002,Laptop & Accessory,5,positive,2025-11-04
ORD107343,3152,P0028,Household,4,positive,2026-07-14
ORD109537,3971,P0011,Laptop & Accessory,3,neutral,2025-08-13
ORD125793,491,P0042,Fashion,5,positive,2026-06-15
ORD110270,665,P0010,Laptop & Accessory,4,positive,2025-10-01
ORD111549,2963,P0035,Household,4,positive,2025-09-04
ORD103966,2229,P0001,Laptop & Accessory,4,positive,2026-05-07
ORD108357,1319,P0031,Household,3,neutral,2025-12-20
ORD121660,2871,P0023,Mobile Phone,4,positive,2026-05-01
ORD113384,931,P0031,Household,4,positive,2026-03-31
ORD110398,4413,P0002,Laptop & Accessory,4,positive,2026-03-15
ORD113112,1458,P0013,Mobile Phone,3,neutral,2025-09-03
ORD100374,1865,P0012,Laptop & Accessory,3,neutral,2026-07-30
ORD100511,1490,P0005,Laptop & Accessory,4,positive,2025-09-03
ORD101445,1002,P0040,Fashion,5,positive,2026-04-09
ORD110986,1504,P0018,Mobile Phone,4,positive,2026-04-23
ORD119752,623,P0008,Laptop & Accessory,5,positive,2026-05-02
ORD111909,4153,P0015,Mobile Phone,4,positive,2026-06-19
ORD104733,1906,P0040,Fashion,4,positive,2026-05-04
ORD100912,3770,P0069,Grocery,5,positive,2026-04-16
ORD122638,2214,P0015,Mobile Phone,4,positive,2025-12-27
ORD114180,1692,P0019,Mobile Phone,2,negative,2026-04-18
ORD125378,2211,P0004,Laptop & Accessory,3,neutral,2025-10-10
ORD117722,4437,P0029,Household,2,negative,2025-12-16
ORD101198,4118,P0022,Mobile Phone,4,positive,2025-10-01
ORD105835,528,P0010,Laptop & Accessory,4,positive,2026-02-25
ORD119291,106,P0039,Fashion,4,positive,2026-03-24
ORD100611,4060,P0001,Laptop & Accessory,4,positive,2025-11-07
ORD109438,2532,P0008,Laptop & Accessory,4,positive,2026-06-27
ORD114511,2988,P0012,Laptop & Accessory,4,positive,2025-09-24
ORD122309,3201,P0001,Laptop & Accessory,4,positive,2026-03-24
ORD115928,4222,P0025,Household,4,positive,2026-05-17
ORD117300,807,P0070,Grocery,5,positive,2026-03-08
ORD122518,3223,P0006,Laptop & Accessory,3,neutral,2026-08-17
ORD102310,233,P0002,Laptop & Accessory,5,positive,2026-07-23
ORD118998,4267,P0013,Mobile Phone,4,positive,2026-02-15
ORD113578,3936,P0010,Laptop & Accessory,5,positive,2025-11-09
ORD109725,3162,P0036,Household,4,positive,2025-11-06
ORD124226,1375,P0010,Laptop & Accessory,4,positive,2025-10-18
ORD104914,311,P0005,Laptop & Accessory,5,positive,2025-11-15
ORD125827,2657,P0001,Laptop & Accessory,3,neutral,2026-07-29
ORD105948,2374,P0002,Laptop & Accessory,3,neutral,2026-07-14
ORD108366,883,P0010,Laptop & Accessory,3,neutral,2026-02-20
ORD125657,4360,P0015,Mobile Phone,3,neutral,2026-07-25
ORD105352,473,P0026,Household,3,neutral,2025-11-01
ORD106610,2577,P0003,Laptop & Accessory,2,negative,2025-08-10
ORD121903,2297,P0015,Mobile Phone,4,positive,2026-03-03
ORD109671,257,P0028,Household,5,positive,2026-06-10
ORD113769,4000,P0019,Mobile Phone,3,neutral,2025-12-10
ORD106769,1091,P0030,Household,5,positive,2026-04-05
ORD117160,586,P0013,Mobile Phone,4,positive,2026-07-29
ORD100806,3895,P0063,Grocery,4,positive,2026-08-29
ORD112523,3648,P0006,Laptop & Accessory,5,positive,2026-05-14
ORD106271,4313,P0006,Laptop & Accessory,4,positive,2026-04-19
ORD124813,119,P0002,Laptop & Accessory,4,positive,2025-10-11
ORD111317,1855,P0018,Mobile Phone,5,positive,2026-05-20
ORD111097,2909,P0008,Laptop & Accessory,4,positive,2025-10-23
ORD110072,2141,P0011,Laptop & Accessory,4,positive,2026-02-04
ORD100742,3750,P0006,Laptop & Accessory,3,neutral,2026-01-31
ORD119763,2145,P0059,Others,2,negative,2025-11-20
ORD120205,1499,P0014,Mobile Phone,4,positive,2026-02-08
ORD108576,4146,P0038,Fashion,4,positive,2025-11-18
ORD114381,4153,P0020,Mobile Phone,4,positive,2025-11-12
ORD109899,3573,P0005,Laptop & Accessory,4,positive,2026-01-06
ORD119549,2049,P0023,Mobile Phone,4,positive,2026-07-15
ORD104084,4268,P0066,Grocery,5,positive,2026-01-22
ORD102350,3875,P0008,Laptop & Accessory,4,positive,2025-08-22
ORD110372,2095,P0038,Fashion,4,positive,2025-10-07
ORD102823,1368,P0003,Laptop & Accessory,4,positive,2026-04-08
ORD122287,1157,P0006,Laptop & Accessory,3,neutral,2026-05-23
ORD111496,127,P0038,Fashion,4,positive,2025-09-16
ORD114067,1015,P0007,Laptop & Accessory,5,positive,2026-05-06
ORD101110,474,P0010,Laptop & Accessory,4,positive,2025-12-08
ORD105044,1119,P0038,Fashion,5,positive,2026-04-15
ORD119276,2153,P0024,Mobile Phone,4,positive,2025-11-15
ORD121049,2726,P0058,Others,4,positive,2026-01-07
ORD110337,2698,P0012,Laptop & Accessory,4,positive,2025-08-18
ORD120381,1334,P0035,Household,4,positive,2026-01-28
ORD103644,43,P0039,Fashion,4,positive,2026-01-21
ORD116844,1483,P0017,Mobile Phone,4,positive,2026-08-25
ORD116511,324,P0010,Laptop & Accessory,4,positive,2025-10-31
ORD102592,935,P0041,Fashion,4,positive,2025-10-28
ORD118614,1815,P0034,Household,4,positive,2026-07-07
ORD105197,306,P0024,Mobile Phone,4,positive,2025-10-29
ORD102223,1614,P0015,Mobile Phone,4,positive,2026-06-03
ORD106999,2777,P0045,Fashion,3,neutral,2025-09-04
ORD105616,2050,P0015,Mobile Phone,4,positive,2025-11-19
ORD100438,3575,P0013,Mobile Phone,4,positive,2026-06-25
ORD120431,2818,P0030,Household,4,positive,2026-06-03
ORD111221,308,P0010,Laptop & Accessory,3,neutral,2025-11-08
ORD124356,2286,P0027,Household,4,positive,2026-08-10
ORD124668,1495,P0017,Mobile Phone,3,neutral,2026-07-08
ORD124177,500,P0012,Laptop & Accessory,4,positive,2026-08-26
ORD110925,4,P0010,Laptop & Accessory,4,positive,2025-11-14
ORD108487,994,P0023,Mobile Phone,4,positive,2025-11-24
ORD122471,3076,P0004,Laptop & Accessory,4,positive,2026-08-04
ORD106982,2237,P0013,Mobile Phone,4,positive,2026-05-10
ORD105520,1390,P0005,Laptop & Accessory,4,positive,2026-03-28
ORD112963,2241,P0049,Others,4,positive,2026-08-13
ORD110645,1895,P0069,Grocery,4,positive,2026-06-05
ORD101348,1364,P0024,Mobile Phone,4,positive,2026-06-15
ORD125858,1332,P0037,Fashion,2,negative,2026-06-21
ORD121713,1084,P0010,Laptop & Accessory,5,positive,2026-04-29
ORD116709,526,P0004,Laptop & Accessory,3,neutral,2026-08-30
ORD114447,937,P0037,Fashion,3,neutral,2026-02-10
ORD110099,3144,P0035,Household,4,positive,2026-06-24
ORD104410,315,P0006,Laptop & Accessory,5,positive,2026-06-24
ORD106402,2965,P0037,Fashion,5,positive,2025-11-09
ORD125117,2461,P0023,Mobile Phone,3,neutral,2026-01-07
ORD120274,1682,P0046,Fashion,4,positive,2025-10-23
ORD120037,1734,P0010,Laptop & Accessory,4,positive,2025-10-21
ORD112978,1052,P0006,Laptop & Accessory,4,positive,2025-12-09
ORD110620,642,P0018,Mobile Phone,4,positive,2025-11-25
ORD118604,1218,P0010,Laptop & Accessory,5,positive,2025-11-12
ORD125704,3769,P0013,Mobile Phone,3,neutral,2026-03-10
ORD106689,2087,P0006,Laptop & Accessory,4,positive,2026-06-18
ORD122903,3742,P0046,Fashion,4,positive,2025-10-20
ORD101697,2901,P0046,Fashion,5,positive,2026-02-27
ORD117332,2489,P0013,Mobile Phone,5,positive,2026-02-24
ORD112458,3208,P0008,Laptop & Accessory,4,positive,2025-11-16
ORD106045,3353,P0043,Fashion,4,positive,2025-10-07
ORD112897,1195,P0003,Laptop & Accessory,3,neutral,2025-09-02
ORD104516,285,P0007,Laptop & Accessory,4,positive,2025-11-24
ORD119004,23,P0018,Mobile Phone,4,positive,2025-11-07
ORD107749,3687,P0010,Laptop & Accessory,3,neutral,2026-06-18
ORD121866,2963,P0031,Household,4,positive,2026-06-21
ORD108178,3598,P0025,Household,4,positive,2025-09-01
ORD108131,3267,P0006,Laptop & Accessory,4,positive,2025-10-07
ORD119368,514,P0029,Household,4,positive,2025-11-14
ORD124994,1414,P0016,Mobile Phone,4,positive,2025-09-29
ORD122052,2866,P0059,Others,4,positive,2026-02-04
ORD125921,286,P0010,Laptop & Accessory,4,positive,2025-11-04
ORD124368,1849,P0016,Mobile Phone,4,positive,2026-02-11
ORD123907,4119,P0032,Household,4,positive,2026-08-01
ORD122262,2253,P0012,Laptop & Accessory,4,positive,2025-12-26
ORD125220,3797,P0004,Laptop & Accessory,3,neutral,2025-09-27
ORD118292,3591,P0023,Mobile Phone,4,positive,2025-12-21
ORD103658,3949,P0021,Mobile Phone,4,positive,2026-09-01
ORD109032,329,P0039,Fashion,4,positive,2026-04-02
ORD111751,6,P0018,Mobile Phone,5,positive,2025-11-14
ORD102267,509,P0023,Mobile Phone,5,positive,2025-11-22
ORD113863,484,P0040,Fashion,4,positive,2026-03-13
ORD102600,878,P0010,Laptop & Accessory,5,positive,2025-11-13
ORD112257,1143,P0013,Mobile Phone,5,positive,2025-08-19
ORD114895,447,P0011,Laptop & Accessory,4,positive,2025-12-05
ORD117910,3936,P0002,Laptop & Accessory,3,neutral,2025-11-15
ORD109231,3618,P0024,Mobile Phone,5,positive,2026-02-17
ORD124466,2375,P0014,Mobile Phone,4,positive,2026-01-05
ORD111444,5,P0018,Mobile Phone,5,positive,2026-06-10
ORD103182,3887,P0037,Fashion,5,positive,2026-05-04
ORD100956,3809,P0066,Grocery,3,neutral,2025-11-10
ORD104009,2354,P0050,Others,4,positive,2026-07-05
ORD114597,2002,P0026,Household,4,positive,2025-08-09
ORD119046,921,P0020,Mobile Phone,5,positive,2026-04-14
ORD113606,176,P0010,Laptop & Accessory,5,positive,2025-11-15
ORD109525,1785,P0012,Laptop & Accessory,4,positive,2025-12-13
ORD112191,1336,P0002,Laptop & Accessory,5,positive,2025-11-04
ORD115350,679,P0010,Laptop & Accessory,3,neutral,2026-05-18
ORD107267,4167,P0037,Fashion,5,positive,2026-06-09
ORD118396,550,P0039,Fashion,4,positive,2025-12-24
ORD107537,3908,P0059,Others,4,positive,2026-06-24
ORD101257,417,P0004,Laptop & Accessory,4,positive,2026-02-03
ORD113141,4407,P0003,Laptop & Accessory,4,positive,2025-09-11
