user_id,customer_id,months_used,device,city_level,warehouse_dist,marital,age_group,gender,hours_app,orders_last_month,days_since_order,fav_category,followed_anchor,satisfaction,complaints,coupons_used
1,52041,3,Mobile Phone,3,6,Married,4,Male,2,11,19,Fashion,6,3,0,5
2,54306,4,Mobile Phone,1,12,Married,4,Female,3,3,19,Mobile Phone,7,5,0,1
3,51491,3,PC,1,11,Married,3,Female,2,2,19,Household,6,5,0,0
4,55036,18,Mobile Phone,1,36,Single,4,Male,3,14,18,Laptop & Accessory,3,1,0,12
5,53077,11,Mobile Phone,1,21,Married,4,Female,4,13,18,Mobile Phone,3,5,0,11
6,54547,11,Mobile Phone,1,21,Married,4,Female,4,13,18,Mobile Phone,3,5,0,11
7,53377,15,Mobile Phone,1,13,Single,4,Male,3,3,18,Mobile Phone,4,5,1,2
8,54847,15,Mobile Phone,1,13,Single,4,Male,3,3,18,Mobile Phone,4,5,1,2
9,53566,18,Mobile Phone,1,36,Single,4,Male,3,2,18,Laptop & Accessory,3,2,0,2
10,50802,16,Mobile Phone,3,10,Single,4,Female,2,15,17,Fashion,4,2,0,10
11,52272,16,Mobile Phone,3,10,Single,4,Female,2,15,17,Fashion,4,1,0,10
12,52221,17,PC,1,35,Single,3,Male,2,13,17,Laptop & Accessory,2,1,0,7
13,50262,13,PC,1,20,Married,3,Female,0,12,17,Household,2,5,0,8
14,51732,13,PC,1,20,Married,3,Female,0,12,17,Household,2,5,0,10
15,51374,17,Mobile Phone,1,13,Married,4,Female,2,5,17,Fashion,4,1,0,2
16,50562,14,PC,1,12,Single,3,Male,2,2,17,Mobile Phone,3,5,1,1
17,52032,14,PC,1,12,Single,3,Male,2,2,17,Mobile Phone,3,5,1,1
18,50751,17,PC,1,35,Single,3,Male,2,1,17,Laptop & Accessory,2,2,0,1
19,52844,19,PC,1,16,Married,4,Male,3,2,16,Laptop & Accessory,10,4,0,2
20,54314,19,PC,1,16,Married,4,Male,3,2,16,Laptop & Accessory,10,4,0,2
21,53443,1,Mobile Phone,1,23,Single,2,Female,3,16,15,Mobile Phone,3,5,0,16
22,54913,1,Mobile Phone,1,23,Single,2,Female,3,16,15,Mobile Phone,3,5,0,13
23,53992,31,Pad,3,9,Married,4,Male,3,15,15,Grocery,6,4,0,11
24,50511,8,Mobile Phone,1,15,Divorced,4,Female,3,5,15,Fashion,2,3,1,2
25,51981,8,Mobile Phone,1,15,Married,4,Female,3,5,15,Fashion,2,3,1,3
26,50029,18,PC,1,14,Married,3,Male,2,1,15,Laptop & Accessory,9,4,0,1
27,51499,18,PC,1,14,Married,3,Male,2,1,15,Laptop & Accessory,9,4,0,1
28,50628,3,PC,1,22,Single,1,Female,0,15,14,Household,2,5,0,15
29,52098,3,PC,1,22,Single,1,Female,0,15,14,Household,2,5,0,13
30,51177,33,Pad,3,8,Married,3,Male,2,14,14,Grocery,5,4,0,10
31,53659,13,Pad,3,14,Divorced,2,Female,3,7,14,Laptop & Accessory,4,5,0,6
32,55129,13,Pad,3,14,Married,2,Female,3,7,14,Laptop & Accessory,4,5,0,6
33,53899,8,Mobile Phone,1,12,Married,5,Male,3,5,14,Laptop & Accessory,3,1,0,5
34,55369,8,Mobile Phone,1,12,Married,5,Male,3,5,14,Laptop & Accessory,3,1,0,1
35,53901,7,PC,1,28,Married,2,Male,4,3,14,Mobile Phone,3,4,0,3
36,55371,7,PC,1,28,Married,2,Male,4,3,14,Mobile Phone,3,4,0,1
37,54311,14,Pad,1,33,Married,4,Female,3,3,14,Laptop & Accessory,3,4,0,1
38,53035,9,Mobile Phone,1,12,Single,4,Male,4,2,14,Fashion,2,4,0,1
39,53442,24,Pad,3,7,Divorced,4,Female,4,2,14,Laptop & Accessory,2,3,0,2
40,54505,9,Mobile Phone,1,12,Single,4,Male,4,2,14,Fashion,2,4,0,2
41,54912,24,Pad,3,7,Married,4,Female,4,2,14,Laptop & Accessory,2,3,0,1
42,52268,17,Mobile Phone,1,10,Married,1,Male,3,14,13,Others,2,5,0,11
43,53451,27,Pad,3,9,Divorced,5,Female,3,7,13,Fashion,4,4,0,4
44,54921,27,Pad,3,9,Married,5,Female,3,7,13,Fashion,4,4,0,6
45,53618,13,Mobile Phone,1,9,Single,4,Female,3,6,13,Laptop & Accessory,11,4,1,5
46,55088,13,Mobile Phone,1,9,Single,4,Female,3,6,13,Laptop & Accessory,11,4,1,5
47,50844,9,Pad,3,13,Divorced,1,Female,2,6,13,Laptop & Accessory,3,5,0,5
48,52314,9,Pad,3,13,Married,1,Female,2,6,13,Laptop & Accessory,3,5,0,5
49,53269,12,Pad,1,9,Single,2,Female,4,5,13,Laptop & Accessory,8,5,1,5
50,53496,19,Pad,3,16,Divorced,5,Female,4,5,13,Laptop & Accessory,3,3,0,1
51,54739,12,Pad,1,9,Single,2,Female,4,5,13,Laptop & Accessory,8,5,1,1
52,54966,19,Pad,3,16,Married,5,Female,4,5,13,Laptop & Accessory,3,3,0,5
53,50099,11,Mobile Phone,3,9,Married,3,Male,3,5,13,Fashion,1,3,0,1
54,51569,11,Mobile Phone,3,9,Married,3,Male,3,5,13,Fashion,1,3,0,1
55,53085,5,Mobile Phone,1,14,Divorced,4,Female,3,4,13,Laptop & Accessory,3,5,0,4
56,53739,8,Mobile Phone,3,10,Single,6,Male,3,4,13,Laptop & Accessory,5,5,0,3
57,54555,5,Mobile Phone,1,14,Married,4,Female,3,4,13,Laptop & Accessory,3,5,0,4
58,55209,8,Mobile Phone,3,10,Single,6,Male,3,4,13,Laptop & Accessory,5,5,0,3
59,51084,7,PC,1,11,Married,4,Male,2,4,13,Laptop & Accessory,2,1,0,4
60,52554,7,PC,1,11,Married,4,Male,2,4,13,Laptop & Accessory,2,1,0,3
61,51086,7,PC,1,27,Married,1,Male,3,2,13,Household,2,4,0,2
62,52556,7,PC,1,27,Married,1,Male,3,2,13,Household,2,4,0,0
63,51496,13,Pad,1,32,Married,3,Female,2,2,13,Laptop & Accessory,2,4,0,0
64,50220,8,Mobile Phone,1,11,Single,3,Male,3,1,13,Fashion,1,4,0,0
65,50627,23,Pad,3,6,Divorced,3,Female,3,1,13,Laptop & Accessory,1,3,0,1
66,51690,8,Mobile Phone,1,11,Single,3,Male,3,1,13,Fashion,1,4,0,1
67,52097,23,Pad,3,6,Married,3,Female,3,1,13,Laptop & Accessory,1,3,0,0
68,51032,13,Mobile Phone,1,21,Married,4,Female,3,14,12,Fashion,2,3,0,12
69,52502,13,Mobile Phone,1,21,Married,4,Female,3,14,12,Fashion,2,3,0,11
70,54138,13,Pad,3,22,Married,6,Male,3,12,12,Laptop & Accessory,3,1,0,7
71,55608,13,Pad,3,22,Married,6,Male,3,12,12,Laptop & Accessory,3,1,0,9
72,52960,13,Mobile Phone,1,13,Divorced,4,Male,3,11,12,Mobile Phone,2,2,0,10
73,54430,13,Mobile Phone,1,13,Married,4,Male,3,11,12,Mobile Phone,2,1,0,8
74,53002,19,Pad,1,14,Married,4,Male,4,10,12,Fashion,3,5,0,6
75,54472,19,Pad,1,14,Married,4,Male,4,10,12,Fashion,3,5,0,4
76,54059,8,Pad,1,29,Married,5,Male,3,7,12,Laptop & Accessory,3,1,1,4
77,55529,8,Pad,1,29,Married,5,Male,3,7,12,Laptop & Accessory,3,1,1,4
78,53372,12,Mobile Phone,1,7,Divorced,4,Female,4,6,12,Fashion,3,5,0,4
79,54290,23,Mobile Phone,1,27,Married,4,Female,4,6,12,Laptop & Accessory,3,5,0,6
80,54842,12,Mobile Phone,1,7,Married,4,Female,4,6,12,Fashion,3,5,0,5
81,50636,26,Pad,3,8,Divorced,4,Female,2,6,12,Fashion,3,4,0,3
82,52106,26,Pad,3,8,Married,4,Female,2,6,12,Fashion,3,4,0,5
83,53355,13,Mobile Phone,1,21,Divorced,4,Male,4,5,12,Laptop & Accessory,2,2,1,5
84,53674,8,Mobile Phone,1,9,Single,4,Female,4,5,12,Laptop & Accessory,3,2,0,2
85,54825,13,Mobile Phone,1,21,Married,4,Male,4,5,12,Laptop & Accessory,2,1,1,3
86,55144,8,Mobile Phone,1,9,Single,4,Female,4,5,12,Laptop & Accessory,3,1,0,5
87,53312,13,Mobile Phone,3,7,Divorced,4,Male,3,5,12,Laptop & Accessory,3,2,1,3
88,54782,13,Mobile Phone,3,7,Married,4,Male,3,5,12,Laptop & Accessory,3,1,1,4
89,50803,9,Mobile Phone,1,8,Single,3,Female,2,5,12,Laptop & Accessory,10,4,1,4
90,52273,9,Mobile Phone,1,8,Single,3,Female,2,5,12,Laptop & Accessory,10,4,1,4
91,50454,11,Pad,1,8,Single,1,Female,3,4,12,Laptop & Accessory,7,5,1,4
92,50681,18,Pad,3,15,Divorced,4,Female,3,4,12,Laptop & Accessory,2,3,0,3
93,50764,8,Pad,3,14,Divorced,4,Female,3,4,12,Fashion,5,2,1,2
94,51924,11,Pad,1,8,Single,1,Female,3,4,12,Laptop & Accessory,7,5,1,1
95,52151,18,Pad,3,15,Married,4,Female,3,4,12,Laptop & Accessory,2,3,0,4
96,52234,8,Pad,3,14,Married,4,Female,3,4,12,Fashion,5,1,1,3
97,53546,11,Mobile Phone,1,7,Divorced,5,Female,3,4,12,Laptop & Accessory,3,2,0,4
98,55016,11,Mobile Phone,1,8,Married,5,Female,3,4,12,Laptop & Accessory,3,1,0,1
99,50270,4,PC,1,13,Divorced,3,Female,2,3,12,Laptop & Accessory,2,5,0,3
100,50924,7,PC,3,9,Single,5,Male,2,3,12,Laptop & Accessory,4,5,0,2
101,51740,4,PC,1,13,Married,3,Female,2,3,12,Laptop & Accessory,2,5,0,3
102,52394,7,PC,3,9,Single,5,Male,2,3,12,Laptop & Accessory,4,5,0,2
103,50235,9,Pad,3,9,Divorced,4,Male,2,1,12,Fashion,5,2,0,0
104,50409,13,Pad,3,11,Divorced,4,Male,2,1,12,Fashion,6,5,1,0
105,51705,9,Pad,3,9,Married,4,Male,2,1,12,Fashion,5,1,0,0
106,51879,13,Pad,3,11,Married,4,Male,2,1,12,Fashion,6,5,1,0
107,53749,1,Mobile Phone,3,31,Single,5,Female,3,11,11,Laptop & Accessory,2,4,1,6
108,55219,1,Mobile Phone,3,31,Single,5,Female,3,11,11,Laptop & Accessory,2,4,1,5
109,53527,1,Mobile Phone,3,30,Divorced,5,Female,3,4,11,Fashion,3,5,0,1
110,54997,1,Mobile Phone,3,30,Married,5,Female,3,4,11,Fashion,3,5,0,2
111,50303,33,Pad,3,34,Divorced,4,Female,3,13,11,Fashion,5,5,0,13
112,51773,33,Pad,3,34,Married,4,Female,3,13,11,Fashion,5,5,0,9
113,53217,13,Mobile Phone,1,9,Single,5,Female,4,12,11,Laptop & Accessory,3,3,0,10
114,54687,13,Mobile Phone,1,9,Single,5,Female,4,12,11,Laptop & Accessory,3,3,0,8
115,53609,25,Pad,3,16,Married,4,Male,3,12,11,Others,6,4,1,9
116,55079,25,Pad,3,16,Married,4,Male,3,12,11,Others,6,4,1,7
117,51290,23,Mobile Phone,1,31,Single,3,Male,2,12,11,Fashion,3,3,0,10
118,52760,23,Mobile Phone,1,31,Single,3,Male,2,12,11,Fashion,3,3,0,9
119,51323,9,Pad,3,21,Married,5,Male,2,11,11,Laptop & Accessory,2,1,0,4
120,52793,9,Pad,3,21,Married,5,Male,2,11,11,Laptop & Accessory,2,1,0,5
121,50145,9,PC,1,12,Divorced,3,Male,2,10,11,Household,1,2,0,5
122,51615,9,PC,1,12,Married,3,Male,2,10,11,Household,1,1,0,5
123,50187,18,Pad,1,13,Married,3,Male,3,9,11,Fashion,2,5,0,5
124,51657,18,Pad,1,13,Married,3,Male,3,9,11,Fashion,2,5,0,8
125,53193,27,Mobile Phone,3,7,Single,4,Female,3,9,11,Laptop & Accessory,9,5,0,7
126,54663,27,Mobile Phone,3,7,Single,4,Female,3,9,11,Laptop & Accessory,9,5,0,5
127,52864,4,Pad,1,16,Married,4,Male,4,7,11,Laptop & Accessory,3,5,0,4
128,54334,4,Pad,1,16,Married,4,Male,4,7,11,Laptop & Accessory,3,5,0,6
129,54101,14,Mobile Phone,3,9,Married,4,Female,4,6,11,Laptop & Accessory,5,4,0,2
130,55571,14,Mobile Phone,3,9,Married,4,Female,4,6,11,Laptop & Accessory,5,4,0,6
131,53437,15,Pad,1,14,Married,6,Female,3,6,11,Others,3,3,0,3
132,53611,8,Pad,1,26,Married,4,Female,3,6,11,Laptop & Accessory,6,4,0,4
133,54907,15,Pad,1,14,Married,6,Female,3,6,11,Others,3,3,0,6
134,55081,8,Pad,1,26,Married,4,Female,3,6,11,Laptop & Accessory,6,4,0,2
135,51244,7,Pad,1,28,Married,4,Male,2,6,11,Laptop & Accessory,2,1,1,3
136,52714,7,Pad,1,28,Married,4,Male,2,6,11,Laptop & Accessory,2,1,1,3
137,51475,22,Mobile Phone,1,26,Married,3,Female,3,5,11,Laptop & Accessory,2,5,0,5
138,53033,5,Mobile Phone,1,14,Single,4,Female,3,5,11,Fashion,3,2,1,3
139,53574,7,Mobile Phone,1,16,Divorced,4,Male,3,5,11,Mobile Phone,2,2,0,2
140,54503,5,Mobile Phone,1,14,Single,4,Female,3,5,11,Fashion,3,1,1,5
141,55044,7,Mobile Phone,1,16,Married,4,Male,3,5,11,Mobile Phone,2,1,0,1
142,50540,9,Mobile Phone,1,20,Divorced,3,Male,3,4,11,Laptop & Accessory,1,2,1,4
143,50859,7,Mobile Phone,1,8,Single,3,Female,3,4,11,Laptop & Accessory,2,2,0,1
144,52010,9,Mobile Phone,1,20,Married,3,Male,3,4,11,Laptop & Accessory,1,1,1,2
145,52329,7,Mobile Phone,1,8,Single,3,Female,3,4,11,Laptop & Accessory,2,1,0,4
146,54009,3,Pad,1,27,Married,4,Male,3,4,11,Mobile Phone,3,1,0,2
147,55479,3,Pad,1,27,Married,4,Male,3,4,11,Mobile Phone,3,1,0,2
148,50497,9,Mobile Phone,3,6,Divorced,3,Male,2,4,11,Laptop & Accessory,2,2,1,2
149,51967,9,Mobile Phone,3,6,Married,3,Male,2,4,11,Laptop & Accessory,2,1,1,3
150,54264,8,Mobile Phone,1,13,Single,4,Female,3,3,11,Laptop & Accessory,3,3,0,1
151,50731,13,Mobile Phone,1,6,Divorced,4,Female,2,3,11,Laptop & Accessory,2,2,0,3
152,52201,13,Mobile Phone,1,7,Married,4,Female,2,3,11,Laptop & Accessory,2,1,0,2
153,50034,13,Mobile Phone,3,10,Divorced,4,Male,3,2,11,Fashion,8,2,0,2
154,51504,13,Mobile Phone,3,10,Married,4,Male,3,2,11,Fashion,8,1,0,1
155,53137,15,Pad,3,17,Single,4,Male,3,2,11,Laptop & Accessory,9,2,0,1
156,53841,9,Mobile Phone,1,25,Married,2,Male,3,2,11,Laptop & Accessory,3,5,0,1
157,54607,15,Pad,3,17,Single,4,Male,3,2,11,Laptop & Accessory,9,1,0,1
158,55311,9,Mobile Phone,1,25,Married,2,Male,3,2,11,Laptop & Accessory,3,5,0,2
159,55606,15,Mobile Phone,1,35,Married,5,Female,3,2,11,Grocery,2,4,0,2
160,50934,3,PC,3,30,Single,4,Female,2,10,10,Laptop & Accessory,1,4,1,6
161,52404,3,PC,3,30,Single,4,Female,2,10,10,Laptop & Accessory,1,4,1,5
162,53440,16,Mobile Phone,3,9,Divorced,6,Female,3,7,10,Others,3,2,0,6
163,54910,16,Mobile Phone,3,9,Married,6,Female,3,7,10,Others,3,1,0,4
164,50712,3,Mobile Phone,3,29,Divorced,4,Female,2,3,10,Fashion,2,5,0,2
165,52182,3,Mobile Phone,3,29,Married,4,Female,2,3,10,Fashion,2,5,0,1
166,52896,1,Mobile Phone,3,34,Divorced,4,Female,3,2,10,Fashion,3,2,0,2
167,54366,1,Mobile Phone,3,34,Married,4,Female,3,2,10,Fashion,3,1,0,1
168,51179,23,Mobile Phone,1,10,Married,4,Female,3,14,10,Fashion,9,4,1,9
169,52649,23,Mobile Phone,1,10,Married,4,Female,3,14,10,Fashion,9,4,1,10
170,52881,26,Mobile Phone,1,7,Divorced,5,Male,4,12,10,Others,2,3,0,8
171,53010,6,Mobile Phone,3,15,Divorced,5,Female,4,12,10,Laptop & Accessory,3,4,1,6
172,54351,26,Mobile Phone,1,7,Married,5,Male,4,12,10,Others,2,3,0,11
173,54480,6,Mobile Phone,3,15,Married,5,Female,4,12,10,Laptop & Accessory,3,4,1,12
174,53642,15,Pad,3,17,Single,6,Male,3,12,10,Laptop & Accessory,3,4,0,10
175,55112,15,Pad,3,17,Single,6,Male,3,12,10,Laptop & Accessory,3,4,0,8
176,50402,12,PC,1,8,Single,4,Female,3,11,10,Laptop & Accessory,2,3,0,8
177,51872,12,PC,1,8,Single,4,Female,3,11,10,Laptop & Accessory,2,3,0,6
178,54222,12,Pad,1,36,Single,4,Female,3,10,10,Laptop & Accessory,3,1,0,7
179,53565,4,Mobile Phone,1,14,Married,4,Male,3,9,10,Laptop & Accessory,3,3,0,9
180,55035,4,Mobile Phone,1,14,Married,4,Male,3,9,10,Laptop & Accessory,3,3,0,5
181,54224,31,Mobile Phone,3,32,Single,4,Female,5,8,10,Fashion,9,5,0,7
182,53870,8,Mobile Phone,1,10,Married,4,Female,4,8,10,Laptop & Accessory,3,4,0,8
183,55340,8,Mobile Phone,1,10,Married,4,Female,4,8,10,Laptop & Accessory,3,4,0,8
184,54063,13,Mobile Phone,1,16,Married,4,Male,3,8,10,Laptop & Accessory,3,5,0,5
185,55533,13,Mobile Phone,1,16,Married,4,Male,3,8,10,Laptop & Accessory,3,5,0,5
186,50378,26,Mobile Phone,3,6,Single,3,Female,2,8,10,Laptop & Accessory,8,5,0,6
187,51848,26,Mobile Phone,3,6,Single,3,Female,2,8,10,Laptop & Accessory,8,5,0,4
188,52988,9,Mobile Phone,3,23,Divorced,4,Male,4,7,10,Fashion,2,4,0,4
189,53159,26,Mobile Phone,1,13,Married,4,Male,4,7,10,Laptop & Accessory,5,5,1,3
190,54458,9,Mobile Phone,3,23,Married,4,Male,4,7,10,Fashion,2,4,0,4
191,54629,26,Mobile Phone,1,13,Married,4,Male,4,7,10,Laptop & Accessory,5,5,1,3
192,53138,9,Mobile Phone,3,7,Divorced,4,Male,3,7,10,Laptop & Accessory,11,3,0,4
193,54608,9,Mobile Phone,3,7,Married,4,Male,3,7,10,Laptop & Accessory,11,3,0,2
194,52938,8,Mobile Phone,1,9,Divorced,5,Male,3,6,10,Laptop & Accessory,8,5,0,2
195,54298,13,Mobile Phone,3,11,Married,5,Female,3,6,10,Laptop & Accessory,6,3,0,6
196,54408,8,Mobile Phone,1,9,Married,5,Male,3,6,10,Laptop & Accessory,8,5,0,3
197,50049,3,Pad,1,15,Married,3,Male,0,6,10,Laptop & Accessory,2,5,0,2
198,51519,3,Pad,1,15,Married,3,Male,0,6,10,Laptop & Accessory,2,5,0,5
199,53538,8,Pad,1,7,Single,5,Male,4,5,10,Laptop & Accessory,2,5,0,2
200,55008,8,Pad,1,8,Single,5,Male,4,5,10,Laptop & Accessory,2,5,0,1
201,51286,13,Mobile Phone,3,8,Married,3,Female,3,5,10,Laptop & Accessory,4,4,0,1
202,52756,13,Mobile Phone,3,8,Married,3,Female,3,5,10,Laptop & Accessory,4,4,0,1
203,50796,7,Pad,1,25,Married,3,Female,2,5,10,Laptop & Accessory,5,4,0,3
204,52266,7,Pad,1,25,Married,3,Female,2,5,10,Laptop & Accessory,5,4,0,3
205,53378,13,Mobile Phone,1,9,Single,4,Male,4,4,10,Mobile Phone,6,3,0,3
206,54848,13,Mobile Phone,1,9,Single,4,Male,4,4,10,Mobile Phone,6,3,0,2
207,53851,19,Mobile Phone,1,9,Married,5,Female,3,4,10,Laptop & Accessory,3,1,0,3
208,55321,19,Mobile Phone,1,9,Married,5,Female,3,4,10,Laptop & Accessory,3,1,0,4
209,50218,4,Mobile Phone,1,13,Single,3,Female,2,4,10,Fashion,2,2,1,2
210,51688,4,Mobile Phone,1,13,Single,3,Female,2,4,10,Fashion,2,1,1,4
211,50759,6,PC,1,15,Divorced,3,Male,0,4,10,Household,1,2,0,1
212,52229,6,PC,1,15,Married,3,Male,0,4,10,Household,1,1,0,2
213,53848,9,Pad,1,15,Married,4,Female,3,3,10,Laptop & Accessory,3,3,0,3
214,53878,12,Pad,1,7,Married,4,Male,3,3,10,Laptop & Accessory,9,1,0,3
215,55318,9,Pad,1,15,Married,4,Female,3,3,10,Laptop & Accessory,3,3,0,1
216,55348,12,Pad,1,8,Married,4,Male,3,3,10,Laptop & Accessory,9,1,0,2
217,51194,2,Pad,1,26,Married,3,Male,2,3,10,Mobile Phone,2,1,0,1
218,52664,2,Pad,1,26,Married,3,Male,2,3,10,Mobile Phone,2,1,0,1
219,53015,4,Mobile Phone,1,35,Divorced,4,Female,4,2,10,Laptop & Accessory,3,2,0,1
220,53260,13,Pad,3,15,Single,5,Male,4,2,10,Fashion,3,5,0,1
221,53508,13,Pad,1,25,Single,4,Male,4,2,10,Laptop & Accessory,4,2,0,2
222,54142,12,Mobile Phone,3,17,Married,4,Female,4,2,10,Laptop & Accessory,3,1,0,1
223,54234,6,Mobile Phone,1,7,Married,4,Male,4,2,10,Laptop & Accessory,3,4,0,2
224,54244,12,Pad,1,13,Married,6,Female,4,2,10,Laptop & Accessory,9,1,1,1
225,54281,4,Pad,1,30,Married,6,Male,4,2,10,Mobile Phone,3,3,0,1
226,54485,4,Mobile Phone,1,35,Married,4,Female,4,2,10,Laptop & Accessory,3,1,0,2
227,54730,13,Pad,3,15,Single,5,Male,4,2,10,Fashion,3,5,0,1
228,54978,13,Pad,1,25,Single,4,Male,4,2,10,Laptop & Accessory,4,1,0,1
229,55612,12,Mobile Phone,3,17,Married,4,Female,4,2,10,Laptop & Accessory,3,1,0,1
230,52846,3,Pad,1,7,Divorced,4,Male,3,2,10,Laptop & Accessory,3,3,0,1
231,52973,3,Pad,3,9,Single,4,Male,3,2,10,Laptop & Accessory,3,2,0,1
232,53343,11,Pad,3,26,Single,4,Male,3,2,10,Fashion,3,4,1,1
233,53570,31,Mobile Phone,3,14,Married,2,Male,3,2,10,Laptop & Accessory,2,2,1,1
234,53696,3,Mobile Phone,2,24,Single,5,Male,3,2,10,Fashion,3,5,0,1
235,53879,3,Mobile Phone,3,12,Married,5,Male,3,2,10,Laptop & Accessory,3,4,1,1
236,53922,23,Mobile Phone,1,20,Single,4,Male,3,2,10,Laptop & Accessory,8,4,0,2
237,54054,7,Mobile Phone,3,17,Single,4,Male,3,2,10,Laptop & Accessory,3,3,0,1
238,54083,9,Mobile Phone,3,14,Married,4,Female,3,2,10,Laptop & Accessory,3,1,1,2
239,54132,33,Pad,1,7,Married,4,Male,3,2,10,Laptop & Accessory,3,3,0,1
240,54316,3,Pad,1,7,Married,4,Male,3,2,10,Laptop & Accessory,3,3,0,1
241,54443,3,Pad,3,9,Single,4,Male,3,2,10,Laptop & Accessory,3,1,0,1
242,54813,11,Pad,3,26,Single,4,Male,3,2,10,Fashion,3,4,1,1
243,55040,31,Mobile Phone,3,14,Married,2,Male,3,2,10,Laptop & Accessory,2,1,1,1
244,55166,3,Mobile Phone,2,24,Single,5,Male,3,2,10,Fashion,3,5,0,1
245,55349,3,Mobile Phone,3,12,Married,5,Male,3,2,10,Laptop & Accessory,3,4,1,1
246,55392,23,Mobile Phone,1,20,Single,4,Male,3,2,10,Laptop & Accessory,8,4,0,2
247,55524,7,Mobile Phone,3,17,Single,4,Male,3,2,10,Laptop & Accessory,3,3,0,1
248,55553,9,Mobile Phone,3,14,Married,4,Female,3,2,10,Laptop & Accessory,3,1,1,2
249,55602,33,Pad,1,8,Married,4,Male,3,2,10,Laptop & Accessory,3,3,0,1
250,51449,7,PC,1,12,Single,3,Female,2,2,10,Laptop & Accessory,2,3,0,0
251,54090,17,Mobile Phone,1,18,Married,4,Male,2,2,10,Fashion,3,3,0,2
252,55560,17,Mobile Phone,1,18,Married,4,Male,2,2,10,Fashion,3,3,0,2
253,50322,14,Pad,3,16,Single,3,Male,2,1,10,Laptop & Accessory,8,2,0,0
254,51026,8,Mobile Phone,1,24,Married,1,Male,2,1,10,Laptop & Accessory,2,5,0,0
255,51792,14,Pad,3,16,Single,3,Male,2,1,10,Laptop & Accessory,8,1,0,0
256,52496,8,Mobile Phone,1,24,Married,1,Male,2,1,10,Laptop & Accessory,2,5,0,1
257,54135,23,PC,1,14,Married,4,Male,4,10,9,Mobile Phone,10,3,0,7
258,55605,23,PC,1,14,Married,4,Male,4,10,9,Mobile Phone,10,3,0,7
259,53253,1,Mobile Phone,1,7,Single,4,Male,4,8,9,Mobile Phone,3,2,1,6
260,53327,1,Pad,1,32,Married,4,Female,4,8,9,Mobile Phone,3,4,1,5
261,54723,1,Mobile Phone,1,7,Single,4,Male,4,8,9,Mobile Phone,3,1,1,7
262,54797,1,Pad,1,32,Married,4,Female,4,8,9,Mobile Phone,3,4,1,7
263,50842,23,Mobile Phone,1,13,Divorced,4,Female,2,5,9,Fashion,8,5,1,4
264,52312,23,Mobile Phone,1,13,Married,4,Female,2,5,9,Fashion,8,5,1,1
265,53483,1,Pad,1,36,Single,5,Female,3,4,9,Laptop & Accessory,3,3,0,4
266,54953,1,Pad,1,36,Single,5,Female,3,4,9,Laptop & Accessory,3,3,0,3
267,54086,1,Pad,3,33,Married,4,Male,4,2,9,Laptop & Accessory,3,1,1,1
268,55556,1,Pad,3,33,Married,4,Male,4,2,9,Laptop & Accessory,3,1,1,1
269,53982,1,Mobile Phone,1,17,Single,4,Male,3,2,9,Laptop & Accessory,3,5,0,1
270,55452,1,Mobile Phone,1,17,Single,4,Male,3,2,9,Laptop & Accessory,3,5,0,1
271,50656,3,Pad,1,30,Single,4,Male,3,1,9,Fashion,2,5,0,0
272,50987,16,Mobile Phone,1,8,Married,4,Female,3,1,9,Fashion,1,1,0,1
273,52126,3,Pad,1,30,Single,4,Male,3,1,9,Fashion,2,5,0,1
274,52457,16,Mobile Phone,1,8,Married,4,Female,3,1,9,Fashion,1,1,0,0
275,50081,3,Mobile Phone,3,33,Divorced,3,Female,2,1,9,Fashion,2,2,0,1
276,51551,3,Mobile Phone,3,33,Married,3,Female,2,1,9,Fashion,2,1,0,0
277,55403,14,Mobile Phone,3,14,Single,4,Male,3,13,9,Others,3,4,0,13
278,50969,15,Pad,1,8,Married,3,Male,2,13,9,Fashion,3,1,1,12
279,52439,15,Pad,1,8,Married,3,Male,2,13,9,Fashion,3,1,1,10
280,54271,25,Pad,1,7,Single,5,Female,2,13,9,Fashion,5,5,0,9
281,53199,9,Mobile Phone,1,13,Single,6,Male,3,12,9,Laptop & Accessory,3,2,0,12
282,53669,14,Mobile Phone,1,9,Married,2,Female,3,12,9,Laptop & Accessory,7,3,0,8
283,54669,9,Mobile Phone,1,13,Single,6,Male,3,12,9,Laptop & Accessory,3,1,0,5
284,55139,14,Mobile Phone,1,9,Married,2,Female,3,12,9,Laptop & Accessory,7,3,0,7
285,54249,4,Mobile Phone,1,9,Married,5,Male,5,11,9,Laptop & Accessory,3,1,0,8
286,50195,5,Mobile Phone,3,14,Divorced,4,Female,3,11,9,Laptop & Accessory,2,4,1,9
287,51665,5,Mobile Phone,3,14,Married,4,Female,3,11,9,Laptop & Accessory,2,4,1,11
288,50827,14,Pad,3,16,Single,5,Male,2,11,9,Laptop & Accessory,2,4,0,5
289,52297,14,Pad,3,16,Single,5,Male,2,11,9,Laptop & Accessory,2,4,0,4
290,53025,19,Mobile Phone,1,15,Divorced,4,Male,4,10,9,Laptop & Accessory,11,2,0,8
291,54495,19,Mobile Phone,1,15,Married,4,Male,4,10,9,Laptop & Accessory,11,1,0,9
292,53650,14,Mobile Phone,1,9,Single,4,Male,4,9,9,Laptop & Accessory,3,2,0,4
293,53907,17,Mobile Phone,3,9,Married,4,Male,4,9,9,Laptop & Accessory,3,1,1,4
294,55120,14,Mobile Phone,1,9,Single,4,Male,4,9,9,Laptop & Accessory,3,1,0,4
295,55377,17,Mobile Phone,3,9,Married,4,Male,4,9,9,Laptop & Accessory,3,1,1,4
296,53194,8,Mobile Phone,1,7,Divorced,4,Male,3,9,9,Mobile Phone,3,2,0,7
297,54664,8,Mobile Phone,1,7,Married,4,Male,3,9,9,Mobile Phone,3,1,0,4
298,50906,4,Mobile Phone,3,14,Married,3,Male,2,9,9,Fashion,2,2,0,7
299,51407,11,Pad,1,14,Single,3,Female,2,9,9,Laptop & Accessory,2,1,0,6
300,52376,4,Mobile Phone,3,14,Married,3,Male,2,9,9,Fashion,2,1,0,8
301,52957,5,Mobile Phone,1,30,Divorced,5,Male,4,8,9,Laptop & Accessory,2,2,0,8
302,53114,4,Pad,3,29,Divorced,4,Female,4,8,9,Fashion,2,5,0,3
303,53295,16,Mobile Phone,1,36,Divorced,4,Male,4,8,9,Laptop & Accessory,3,4,0,3
304,54427,5,Mobile Phone,1,30,Married,5,Male,4,8,9,Laptop & Accessory,2,1,0,3
305,54584,4,Pad,3,29,Married,4,Female,4,8,9,Fashion,2,5,0,4
306,54765,16,Mobile Phone,1,36,Married,4,Male,4,8,9,Laptop & Accessory,3,4,0,6
307,52947,16,Mobile Phone,1,9,Married,5,Female,3,8,9,Mobile Phone,2,5,1,5
308,54221,6,Mobile Phone,1,7,Married,4,Male,3,8,9,Laptop & Accessory,3,1,1,6
309,54417,16,Mobile Phone,1,9,Married,5,Female,3,8,9,Mobile Phone,2,5,1,8
310,50201,4,Pad,1,13,Divorced,4,Female,2,8,9,Fashion,2,3,0,3
311,50750,3,PC,1,13,Married,3,Male,2,8,9,Laptop & Accessory,2,3,0,8
312,51671,4,Pad,1,13,Married,4,Female,2,8,9,Fashion,2,3,0,7
313,52220,3,PC,1,13,Married,3,Male,2,8,9,Laptop & Accessory,2,3,0,4
314,51409,33,Mobile Phone,3,31,Single,3,Female,4,7,9,Fashion,8,5,0,6
315,53291,6,Mobile Phone,1,11,Divorced,5,Female,4,7,9,Laptop & Accessory,3,3,0,2
316,54761,6,Mobile Phone,1,11,Married,5,Female,4,7,9,Laptop & Accessory,3,3,0,6
317,51055,7,Mobile Phone,1,9,Married,3,Female,3,7,9,Laptop & Accessory,2,4,0,7
318,52525,7,Mobile Phone,1,9,Married,3,Female,3,7,9,Laptop & Accessory,2,4,0,3
319,53580,1,PC,1,21,Divorced,4,Male,3,7,9,Mobile Phone,3,5,1,3
320,53821,9,Mobile Phone,1,35,Married,2,Male,3,7,9,Laptop & Accessory,3,3,0,6
321,55050,1,PC,1,21,Married,4,Male,3,7,9,Mobile Phone,3,5,1,6
322,55291,9,Mobile Phone,1,35,Married,2,Male,3,7,9,Laptop & Accessory,3,3,0,7
323,51248,12,Mobile Phone,1,15,Married,3,Male,2,7,9,Laptop & Accessory,2,5,0,4
324,52718,12,Mobile Phone,1,15,Married,3,Male,2,7,9,Laptop & Accessory,2,5,0,3
325,53741,16,Pad,1,16,Single,4,Female,4,6,9,Mobile Phone,3,1,0,5
326,53931,13,Pad,1,7,Married,4,Male,4,6,9,Laptop & Accessory,3,1,1,4
327,55211,16,Pad,1,16,Single,4,Female,4,6,9,Mobile Phone,3,1,0,3
328,55401,13,Pad,1,8,Married,4,Male,4,6,9,Laptop & Accessory,3,1,1,3
329,50173,8,Mobile Phone,3,22,Divorced,3,Male,3,6,9,Fashion,1,4,0,3
330,50344,25,Mobile Phone,1,12,Married,3,Male,3,6,9,Laptop & Accessory,4,5,1,2
331,51643,8,Mobile Phone,3,22,Married,3,Male,3,6,9,Fashion,1,4,0,3
332,51814,25,Mobile Phone,1,12,Married,3,Male,3,6,9,Laptop & Accessory,4,5,1,2
333,52917,11,Pad,3,11,Married,4,Male,3,6,9,Mobile Phone,6,2,0,5
334,53142,16,Mobile Phone,1,31,Divorced,4,Male,3,6,9,Fashion,3,5,1,5
335,54019,1,Mobile Phone,3,30,Married,5,Female,3,6,9,Laptop & Accessory,3,3,0,5
336,54107,12,Mobile Phone,3,7,Married,4,Male,3,6,9,Laptop & Accessory,2,4,0,5
337,54387,11,Pad,3,11,Married,4,Male,3,6,9,Mobile Phone,6,1,0,4
338,54612,16,Mobile Phone,1,31,Married,4,Male,3,6,9,Fashion,3,5,1,6
339,55489,1,Mobile Phone,3,30,Married,5,Female,3,6,9,Laptop & Accessory,3,3,0,4
340,55577,12,Mobile Phone,3,8,Married,4,Male,3,6,9,Laptop & Accessory,2,4,0,5
341,50323,8,PC,3,6,Divorced,3,Male,2,6,9,Laptop & Accessory,10,3,0,3
342,51793,8,PC,3,6,Married,3,Male,2,6,9,Laptop & Accessory,10,3,0,2
343,52997,6,Mobile Phone,3,14,Divorced,5,Male,4,5,9,Laptop & Accessory,3,3,0,2
344,53991,8,Mobile Phone,3,15,Married,2,Male,4,5,9,Laptop & Accessory,3,3,0,1
345,54467,6,Mobile Phone,3,14,Married,5,Male,4,5,9,Laptop & Accessory,3,3,0,4
346,55461,8,Mobile Phone,3,15,Married,2,Male,4,5,9,Laptop & Accessory,3,3,0,3
347,50123,7,Mobile Phone,1,8,Divorced,4,Male,2,5,9,Laptop & Accessory,7,5,0,2
348,51483,12,Mobile Phone,3,10,Married,4,Female,2,5,9,Laptop & Accessory,5,3,0,5
349,51593,7,Mobile Phone,1,8,Married,4,Male,2,5,9,Laptop & Accessory,7,5,0,2
350,53214,24,Mobile Phone,1,35,Divorced,3,Male,4,4,9,Mobile Phone,3,3,1,4
351,53980,12,Pad,2,9,Married,4,Male,4,4,9,Mobile Phone,7,4,0,4
352,54037,19,Mobile Phone,1,32,Married,5,Female,4,4,9,Laptop & Accessory,2,1,0,1
353,54684,24,Mobile Phone,1,35,Married,2,Male,4,4,9,Mobile Phone,3,3,1,1
354,55450,12,Pad,2,9,Married,4,Male,4,4,9,Mobile Phone,7,4,0,3
355,55507,19,Mobile Phone,1,32,Married,5,Female,4,4,9,Laptop & Accessory,2,1,0,1
356,50723,7,Pad,1,6,Single,4,Male,3,4,9,Laptop & Accessory,1,5,0,1
357,52193,7,Pad,1,7,Single,4,Male,3,4,9,Laptop & Accessory,1,5,0,2
358,53850,13,Pad,1,11,Single,4,Female,3,4,9,Laptop & Accessory,2,3,0,4
359,55320,13,Pad,1,11,Single,4,Female,3,4,9,Laptop & Accessory,2,3,0,4
360,53210,3,Pad,1,7,Married,6,Male,4,3,9,Mobile Phone,3,2,0,3
361,53744,51,Mobile Phone,1,7,Divorced,2,Male,4,3,9,Laptop & Accessory,2,3,0,2
362,54680,3,Pad,1,7,Married,6,Male,4,3,9,Mobile Phone,3,1,0,1
363,55214,31,Mobile Phone,1,8,Married,2,Male,4,3,9,Laptop & Accessory,2,3,0,2
364,50563,9,PC,1,14,Single,3,Male,3,3,9,Household,5,3,0,2
365,52033,9,PC,1,14,Single,3,Male,3,3,9,Household,5,3,0,1
366,54089,7,Pad,1,14,Married,4,Male,3,3,9,Laptop & Accessory,3,3,0,3
367,54237,9,Mobile Phone,3,7,Single,5,Male,3,3,9,Laptop & Accessory,2,5,0,2
368,55559,7,Pad,1,14,Married,4,Male,3,3,9,Laptop & Accessory,3,3,0,1
369,51036,18,Mobile Phone,1,8,Married,4,Female,2,3,9,Laptop & Accessory,2,1,0,2
370,52506,18,Mobile Phone,1,8,Married,4,Female,2,3,9,Laptop & Accessory,2,1,0,3
371,53095,2,Mobile Phone,1,24,Married,4,Male,4,2,9,Laptop & Accessory,3,5,0,1
372,53395,9,Mobile Phone,3,10,Married,4,Male,4,2,9,Fashion,8,2,0,1
373,53587,5,Mobile Phone,1,31,Single,5,Female,4,2,9,Laptop & Accessory,3,5,0,1
374,53686,17,Mobile Phone,1,13,Single,5,Female,4,2,9,Laptop & Accessory,3,3,1,2
375,53960,17,Mobile Phone,2,9,Single,4,Male,4,2,9,Mobile Phone,2,1,0,1
376,54038,13,Pad,2,9,Single,5,Male,4,2,9,Laptop & Accessory,3,1,0,2
377,54159,23,Pad,3,9,Married,5,Male,4,2,9,Laptop & Accessory,4,4,0,2
378,54209,23,Pad,3,12,Single,4,Male,4,2,9,Laptop & Accessory,6,1,1,2
379,54236,5,Mobile Phone,1,15,Single,4,Female,4,2,9,Laptop & Accessory,3,1,0,2
380,54565,2,Mobile Phone,1,24,Married,4,Male,4,2,9,Laptop & Accessory,3,5,0,1
381,54865,9,Mobile Phone,3,10,Married,4,Male,4,2,9,Fashion,8,1,0,1
382,55057,5,Mobile Phone,1,31,Single,5,Female,4,2,9,Laptop & Accessory,3,5,0,2
383,55156,17,Mobile Phone,1,13,Single,5,Female,4,2,9,Laptop & Accessory,3,3,1,1
384,55430,17,Mobile Phone,2,9,Single,4,Male,4,2,9,Mobile Phone,2,1,0,2
385,55508,13,Pad,2,9,Single,5,Male,4,2,9,Laptop & Accessory,3,1,0,2
386,55629,23,Pad,3,9,Married,5,Male,4,2,9,Laptop & Accessory,4,4,0,2
387,52857,15,PC,1,21,Married,4,Male,3,2,9,Mobile Phone,6,3,0,2
388,52974,29,Mobile Phone,1,27,Divorced,4,Male,3,2,9,Laptop & Accessory,5,2,1,2
389,52996,13,Pad,1,31,Divorced,4,Female,3,2,9,Laptop & Accessory,9,4,0,1
390,53103,23,Mobile Phone,1,25,Married,4,Female,3,2,9,Laptop & Accessory,4,3,0,1
391,53125,5,Mobile Phone,1,16,Married,4,Male,3,2,9,Fashion,3,4,0,2
392,53218,6,Mobile Phone,3,17,Single,4,Male,3,2,9,Laptop & Accessory,3,2,0,1
393,53220,12,Mobile Phone,1,7,Single,3,Female,3,2,9,Laptop & Accessory,2,2,0,2
394,53310,7,Mobile Phone,3,7,Married,2,Male,3,2,9,Laptop & Accessory,3,5,0,1
395,53387,19,Pad,1,11,Divorced,4,Male,3,2,9,Laptop & Accessory,3,4,0,2
396,53409,19,Pad,1,30,Divorced,4,Male,3,2,9,Laptop & Accessory,3,5,1,2
397,53474,15,Mobile Phone,1,14,Divorced,2,Female,3,2,9,Mobile Phone,3,3,0,2
398,53543,3,Mobile Phone,1,13,Divorced,4,Female,3,2,9,Mobile Phone,3,2,0,1
399,53599,7,Mobile Phone,3,17,Married,2,Male,3,2,9,Fashion,2,3,1,2
400,53614,8,Pad,2,18,Divorced,5,Male,3,2,9,Laptop & Accessory,6,4,0,1
401,53626,6,Mobile Phone,3,15,Divorced,2,Male,3,2,9,Laptop & Accessory,3,2,0,1
402,53660,22,Mobile Phone,1,11,Single,4,Male,3,2,9,Fashion,3,2,0,2
403,53709,13,Mobile Phone,1,11,Single,5,Male,3,2,9,Laptop & Accessory,3,2,0,2
404,53924,4,Mobile Phone,1,23,Married,4,Male,3,2,9,Mobile Phone,3,1,0,1
405,54115,9,Mobile Phone,1,16,Single,4,Male,3,2,9,Laptop & Accessory,3,3,0,1
406,54172,3,Mobile Phone,1,22,Single,5,Female,3,2,9,Laptop & Accessory,2,3,1,2
407,54193,4,PC,1,16,Single,5,Male,3,2,9,Mobile Phone,3,3,0,1
408,54327,15,Mobile Phone,1,21,Married,4,Male,3,2,9,Mobile Phone,6,3,0,2
409,54444,29,Mobile Phone,1,27,Married,4,Male,3,2,9,Laptop & Accessory,5,1,1,1
410,54466,13,Pad,1,31,Married,4,Female,3,2,9,Laptop & Accessory,9,4,0,2
411,54573,23,Mobile Phone,1,25,Married,4,Female,3,2,9,Laptop & Accessory,4,3,0,2
412,54595,5,Mobile Phone,1,16,Married,4,Male,3,2,9,Fashion,3,4,0,1
413,54688,6,Mobile Phone,3,17,Single,4,Male,3,2,9,Laptop & Accessory,3,1,0,2
414,54690,12,Mobile Phone,1,7,Single,2,Female,3,2,9,Laptop & Accessory,2,1,0,1
415,54780,7,Mobile Phone,3,7,Married,2,Male,3,2,9,Laptop & Accessory,3,5,0,1
416,54857,19,Pad,1,11,Married,4,Male,3,2,9,Laptop & Accessory,3,4,0,2
417,54879,19,Pad,1,30,Married,4,Male,3,2,9,Laptop & Accessory,3,5,1,2
418,54944,15,Mobile Phone,1,14,Married,2,Female,3,2,9,Mobile Phone,3,3,0,1
419,55013,3,Mobile Phone,1,13,Married,4,Female,3,2,9,Mobile Phone,3,1,0,1
420,55069,7,Mobile Phone,3,17,Married,2,Male,3,2,9,Fashion,2,3,1,1
421,55084,8,Pad,2,18,Married,5,Male,3,2,9,Laptop & Accessory,6,4,0,1
422,55096,6,Mobile Phone,3,15,Married,2,Male,3,2,9,Laptop & Accessory,3,1,0,1
423,55130,22,Mobile Phone,1,11,Single,4,Male,3,2,9,Fashion,3,1,0,2
424,55179,13,Mobile Phone,1,11,Single,5,Male,3,2,9,Laptop & Accessory,3,1,0,1
425,55394,4,Mobile Phone,1,23,Married,4,Male,3,2,9,Mobile Phone,3,1,0,1
426,55585,9,Mobile Phone,1,16,Single,4,Male,3,2,9,Laptop & Accessory,3,3,0,1
427,51033,8,Pad,1,14,Married,3,Female,2,2,9,Laptop & Accessory,2,3,0,2
428,51063,11,Pad,1,6,Married,3,Male,2,2,9,Laptop & Accessory,8,1,0,2
429,52503,8,Pad,1,14,Married,3,Female,2,2,9,Laptop & Accessory,2,3,0,0
430,52533,11,Pad,1,7,Married,3,Male,2,2,9,Laptop & Accessory,8,1,0,1
431,50200,3,Mobile Phone,1,34,Divorced,3,Female,3,1,9,Laptop & Accessory,2,2,0,0
432,50445,9,Pad,3,14,Single,4,Male,3,1,9,Fashion,2,5,0,0
433,50633,7,Mobile Phone,3,6,Married,1,Male,3,1,9,Laptop & Accessory,1,2,0,1
434,50660,11,Mobile Phone,1,23,Divorced,4,Female,3,1,9,Fashion,1,3,0,0
435,50693,9,Pad,1,24,Single,3,Male,3,1,9,Laptop & Accessory,3,2,0,1
436,51327,11,Mobile Phone,3,16,Married,3,Female,3,1,9,Laptop & Accessory,2,1,0,0
437,51419,5,Mobile Phone,1,6,Married,3,Male,3,1,9,Laptop & Accessory,2,4,0,1
438,51429,11,Pad,1,12,Married,5,Female,3,1,9,Laptop & Accessory,8,1,1,0
439,51466,3,Pad,1,14,Married,5,Male,3,1,9,Household,2,3,0,0
440,51670,3,Mobile Phone,1,34,Married,3,Female,3,1,9,Laptop & Accessory,2,1,0,1
441,51915,9,Pad,3,14,Single,4,Male,3,1,9,Fashion,2,5,0,0
442,52103,7,Mobile Phone,3,6,Married,1,Male,3,1,9,Laptop & Accessory,1,1,0,0
443,52130,11,Mobile Phone,1,23,Married,4,Female,3,1,9,Fashion,1,3,0,1
444,52163,9,Pad,1,24,Single,3,Male,3,1,9,Laptop & Accessory,3,1,0,0
445,52797,11,Mobile Phone,3,16,Married,3,Female,3,1,9,Laptop & Accessory,2,1,0,0
446,50031,2,Pad,1,6,Divorced,3,Male,2,1,9,Laptop & Accessory,2,3,0,0
447,50064,7,Pad,1,8,Divorced,4,Male,2,1,9,Laptop & Accessory,2,3,0,0
448,50158,2,Pad,3,8,Single,3,Male,2,1,9,Laptop & Accessory,2,2,0,0
449,50528,13,Pad,3,25,Single,3,Male,2,1,9,Fashion,2,4,1,0
450,50755,33,Mobile Phone,3,13,Married,1,Male,2,1,9,Laptop & Accessory,1,2,1,0
451,50881,2,Mobile Phone,2,23,Single,4,Male,2,1,9,Fashion,2,5,0,0
452,51064,2,PC,3,11,Married,4,Male,2,1,9,Laptop & Accessory,2,4,1,0
453,51107,19,Mobile Phone,1,19,Single,3,Male,2,1,9,Laptop & Accessory,7,4,0,1
454,51239,6,Mobile Phone,3,16,Single,3,Male,2,1,9,Laptop & Accessory,2,3,0,0
455,51268,8,Mobile Phone,3,13,Married,3,Female,2,1,9,Laptop & Accessory,2,1,1,1
456,51317,29,Pad,1,6,Married,3,Male,2,1,9,Laptop & Accessory,2,3,0,0
457,51501,2,Pad,1,6,Married,3,Male,2,1,9,Laptop & Accessory,2,3,0,0
458,51534,7,Pad,1,8,Married,4,Male,2,1,9,Laptop & Accessory,2,3,0,0
459,51628,2,Pad,3,8,Single,3,Male,2,1,9,Laptop & Accessory,2,1,0,0
460,51998,13,Pad,3,25,Single,3,Male,2,1,9,Fashion,2,4,1,0
461,52225,33,Mobile Phone,3,13,Married,1,Male,2,1,9,Laptop & Accessory,1,1,1,0
462,52351,2,Mobile Phone,2,23,Single,4,Male,2,1,9,Fashion,2,5,0,0
463,52534,2,PC,3,11,Married,4,Male,2,1,9,Laptop & Accessory,2,4,1,0
464,52577,19,Mobile Phone,1,19,Single,3,Male,2,1,9,Laptop & Accessory,7,4,0,1
465,52709,6,Mobile Phone,3,16,Single,3,Male,2,1,9,Laptop & Accessory,2,3,0,0
466,52738,8,Mobile Phone,3,13,Married,3,Female,2,1,9,Laptop & Accessory,2,1,1,1
467,52787,29,Pad,1,7,Married,3,Male,2,1,9,Laptop & Accessory,2,3,0,0
468,51275,16,Mobile Phone,1,17,Married,3,Male,1,1,9,Fashion,2,3,0,1
469,52745,16,Mobile Phone,1,17,Married,3,Male,1,1,9,Fashion,2,3,0,1
470,53205,1,Pad,1,10,Single,4,Male,4,10,8,Mobile Phone,3,5,1,10
471,54675,1,Pad,1,10,Single,4,Male,4,10,8,Mobile Phone,3,5,1,6
472,51320,19,PC,1,14,Married,3,Male,3,9,8,Household,9,3,0,6
473,52790,19,PC,1,14,Married,3,Male,3,9,8,Household,9,3,0,6
474,50086,3,Mobile Phone,3,10,Divorced,5,Male,2,9,8,Fashion,2,2,0,7
475,51556,3,Mobile Phone,3,10,Married,5,Male,2,9,8,Fashion,2,1,0,6
476,52836,1,Mobile Phone,3,13,Divorced,6,Male,4,8,8,Laptop & Accessory,6,3,1,7
477,53895,12,Pad,3,14,Married,4,Female,4,8,8,Mobile Phone,4,3,1,5
478,54285,1,Mobile Phone,3,13,Married,6,Male,4,8,8,Laptop & Accessory,6,3,1,4
479,55365,12,Pad,3,14,Married,4,Female,4,8,8,Mobile Phone,4,3,1,7
480,53008,16,Mobile Phone,1,15,Divorced,5,Male,3,8,8,Laptop & Accessory,4,4,0,8
481,53298,13,Mobile Phone,3,18,Divorced,4,Female,3,8,8,Fashion,3,2,0,3
482,53623,1,Mobile Phone,1,14,Married,4,Female,3,8,8,Mobile Phone,5,3,1,3
483,53688,1,PC,1,24,Single,4,Female,3,8,8,Mobile Phone,3,3,1,4
484,53698,1,Pad,1,21,Single,4,Female,3,8,8,Fashion,2,2,1,3
485,53776,1,Pad,1,10,Single,4,Female,3,8,8,Mobile Phone,3,3,0,7
486,53972,1,Mobile Phone,3,34,Single,4,Male,3,8,8,Laptop & Accessory,3,1,1,3
487,54478,16,Mobile Phone,1,15,Married,5,Male,3,8,8,Laptop & Accessory,4,4,0,8
488,54768,13,Mobile Phone,3,18,Married,4,Female,3,8,8,Fashion,3,1,0,2
489,55093,1,Mobile Phone,1,14,Married,4,Female,3,8,8,Mobile Phone,5,3,1,5
490,55158,1,PC,1,24,Single,4,Female,3,8,8,Mobile Phone,3,3,1,5
491,55168,1,Pad,1,21,Single,4,Female,3,8,8,Fashion,2,1,1,5
492,55246,1,Pad,1,10,Single,4,Female,3,8,8,Mobile Phone,3,3,0,3
493,55442,1,Mobile Phone,3,34,Single,4,Male,3,8,8,Laptop & Accessory,3,1,1,4
494,52821,1,Pad,1,23,Single,6,Female,4,7,8,Mobile Phone,3,5,1,5
495,53676,1,Mobile Phone,1,29,Divorced,4,Male,4,7,8,Laptop & Accessory,3,3,1,4
496,54187,1,Pad,1,23,Single,6,Female,4,7,8,Mobile Phone,3,5,1,2
497,55146,1,Mobile Phone,1,29,Married,4,Male,4,7,8,Laptop & Accessory,3,3,1,6
498,50512,7,Pad,1,31,Married,3,Female,3,7,8,Household,2,4,1,3
499,51982,7,Pad,1,31,Married,3,Female,3,7,8,Household,2,4,1,6
500,53877,1,Pad,3,19,Single,4,Male,3,7,8,Laptop & Accessory,5,1,1,4
501,55347,1,Pad,3,19,Single,4,Male,3,7,8,Laptop & Accessory,5,1,1,6
502,50438,3,PC,1,6,Single,3,Male,0,7,8,Household,2,2,1,5
503,51908,3,PC,1,6,Single,3,Male,0,7,8,Household,2,1,1,6
504,53724,1,Pad,1,7,Single,2,Female,4,5,8,Fashion,3,4,0,4
505,55194,1,Pad,1,8,Single,2,Female,4,5,8,Fashion,3,4,0,2
506,53231,1,PC,1,7,Single,6,Female,4,4,8,Mobile Phone,9,4,1,2
507,54701,1,PC,1,7,Single,6,Female,4,4,8,Mobile Phone,9,4,1,2
508,53470,15,Mobile Phone,1,11,Divorced,4,Male,3,3,8,Mobile Phone,11,3,1,2
509,54940,15,Mobile Phone,1,11,Married,4,Male,3,3,8,Mobile Phone,11,3,1,1
510,50668,3,Pad,1,35,Single,4,Female,2,3,8,Laptop & Accessory,2,3,0,3
511,52138,3,Pad,1,35,Single,4,Female,2,3,8,Laptop & Accessory,2,3,0,2
512,53027,1,PC,1,15,Divorced,6,Male,4,2,8,Mobile Phone,3,5,1,2
513,53768,1,PC,1,7,Single,5,Male,4,2,8,Mobile Phone,8,5,0,1
514,53981,1,Pad,1,16,Married,4,Male,4,2,8,Laptop & Accessory,6,5,0,1
515,54024,13,Mobile Phone,3,17,Married,4,Female,4,2,8,Fashion,7,4,0,1
516,54497,1,PC,1,15,Married,6,Male,4,2,8,Mobile Phone,3,5,1,1
517,55238,1,PC,1,8,Single,5,Male,4,2,8,Mobile Phone,8,5,0,2
518,55451,1,Pad,1,16,Married,4,Male,4,2,8,Laptop & Accessory,6,5,0,1
519,55494,13,Mobile Phone,3,17,Married,4,Female,4,2,8,Fashion,7,4,0,2
520,52927,1,Mobile Phone,1,9,Divorced,4,Female,3,2,8,Mobile Phone,9,5,0,2
521,53305,1,Pad,1,12,Divorced,5,Female,3,2,8,Mobile Phone,3,3,1,1
522,54397,1,Mobile Phone,1,9,Married,4,Female,3,2,8,Mobile Phone,9,5,0,2
523,54775,1,Pad,1,12,Married,5,Female,3,2,8,Mobile Phone,3,3,1,1
524,51271,3,Pad,3,32,Married,3,Male,3,1,8,Laptop & Accessory,2,1,1,0
525,52741,3,Pad,3,32,Married,3,Male,3,1,8,Laptop & Accessory,2,1,1,0
526,51167,3,PC,1,16,Single,3,Male,2,1,8,Laptop & Accessory,2,5,0,0
527,52637,3,PC,1,16,Single,3,Male,2,1,8,Laptop & Accessory,2,5,0,0
528,50094,18,Pad,3,12,Single,4,Female,2,12,8,Fashion,7,2,0,12
529,51410,9,Mobile Phone,1,14,Married,3,Female,2,12,8,Fashion,2,3,0,7
530,51564,18,Pad,3,12,Single,4,Female,2,12,8,Fashion,7,1,0,8
531,51456,24,Pad,1,6,Single,4,Female,1,12,8,Fashion,4,5,0,6
532,53089,11,Pad,1,32,Divorced,4,Female,4,11,8,Laptop & Accessory,5,3,1,6
533,54559,11,Pad,1,32,Married,4,Female,4,11,8,Laptop & Accessory,5,3,1,7
534,50384,8,Mobile Phone,1,12,Single,5,Male,2,11,8,Laptop & Accessory,2,2,0,11
535,50854,13,Mobile Phone,1,8,Married,1,Female,2,11,8,Laptop & Accessory,6,3,0,7
536,51854,8,Mobile Phone,1,12,Single,5,Male,2,11,8,Laptop & Accessory,2,1,0,4
537,52324,13,Mobile Phone,1,8,Married,1,Female,2,11,8,Laptop & Accessory,6,3,0,6
538,51434,3,PC,1,8,Married,4,Male,4,10,8,Laptop & Accessory,2,1,0,4
539,54207,8,Pad,3,30,Single,4,Male,4,9,8,Laptop & Accessory,2,3,0,5
540,50210,18,PC,1,14,Divorced,3,Male,3,9,8,Laptop & Accessory,10,2,0,7
541,51680,18,PC,1,14,Married,3,Male,3,9,8,Laptop & Accessory,10,1,0,8
542,53903,8,Mobile Phone,1,26,Married,5,Female,3,9,8,Mobile Phone,3,1,0,4
543,54080,5,Pad,1,7,Married,6,Male,3,9,8,Laptop & Accessory,3,5,0,5
544,55373,8,Mobile Phone,1,26,Married,5,Female,3,9,8,Mobile Phone,3,1,0,5
545,55550,5,Pad,1,8,Married,6,Male,3,9,8,Laptop & Accessory,3,5,0,7
546,52994,5,Mobile Phone,3,14,Divorced,3,Male,4,8,8,Laptop & Accessory,6,2,0,4
547,53393,4,Mobile Phone,3,15,Married,4,Male,4,8,8,Fashion,7,3,0,5
548,53447,6,Pad,1,36,Single,4,Female,4,8,8,Mobile Phone,11,3,0,6
549,53582,18,PC,1,9,Divorced,2,Female,4,8,8,Mobile Phone,3,2,0,7
550,53790,19,Mobile Phone,1,7,Married,4,Male,4,8,8,Fashion,3,4,0,7
551,53794,22,Mobile Phone,3,23,Married,4,Female,4,8,8,Laptop & Accessory,10,3,0,9
552,53822,8,Pad,1,17,Married,5,Male,4,8,8,Laptop & Accessory,3,3,0,3
553,53839,13,Mobile Phone,1,17,Married,4,Male,4,8,8,Laptop & Accessory,4,5,0,5
554,53854,11,Mobile Phone,1,17,Married,4,Female,4,8,8,Mobile Phone,3,4,0,7
555,54007,17,Pad,3,9,Married,4,Male,4,8,8,Laptop & Accessory,3,1,0,6
556,54052,1,Pad,1,13,Married,2,Male,4,8,8,Mobile Phone,2,1,0,3
557,54109,12,Pad,1,13,Married,5,Male,4,8,8,Laptop & Accessory,4,3,0,3
558,54170,13,Mobile Phone,1,34,Married,4,Male,4,8,8,Laptop & Accessory,8,3,0,5
559,54464,5,Mobile Phone,3,14,Married,2,Male,4,8,8,Laptop & Accessory,6,1,0,4
560,54706,4,Mobile Phone,3,34,Married,4,Male,4,8,8,Laptop & Accessory,9,1,0,3
561,54863,4,Mobile Phone,3,15,Married,4,Male,4,8,8,Fashion,7,3,0,3
562,54917,6,Pad,1,36,Single,4,Female,4,8,8,Mobile Phone,11,3,0,7
563,55052,18,PC,1,9,Married,2,Female,4,8,8,Mobile Phone,3,1,0,8
564,55260,19,Mobile Phone,1,8,Married,4,Male,4,8,8,Fashion,3,4,0,4
565,55264,22,Mobile Phone,3,23,Married,4,Female,4,8,8,Laptop & Accessory,10,3,0,8
566,55292,8,Pad,1,17,Married,5,Male,4,8,8,Laptop & Accessory,3,3,0,6
567,55309,13,Mobile Phone,1,17,Married,4,Male,4,8,8,Laptop & Accessory,4,5,0,4
568,55324,11,Mobile Phone,1,17,Married,4,Female,4,8,8,Mobile Phone,3,4,0,5
569,55477,17,Pad,3,9,Married,4,Male,4,8,8,Laptop & Accessory,3,1,0,8
570,55522,1,Pad,1,13,Married,2,Male,4,8,8,Mobile Phone,2,1,0,3
571,55579,12,Pad,1,13,Married,5,Male,4,8,8,Laptop & Accessory,4,3,0,3
572,50835,13,PC,1,8,Single,3,Male,3,8,8,Laptop & Accessory,2,2,0,3
573,51092,16,Mobile Phone,3,8,Married,3,Male,3,8,8,Laptop & Accessory,2,1,1,7
574,52305,13,PC,1,8,Single,3,Male,3,8,8,Laptop & Accessory,2,1,0,3
575,52562,16,Mobile Phone,3,8,Married,3,Male,3,8,8,Laptop & Accessory,2,1,1,3
576,52968,12,Mobile Phone,3,14,Married,3,Female,3,8,8,Laptop & Accessory,3,5,1,4
577,53046,1,Mobile Phone,3,7,Divorced,4,Male,3,8,8,Laptop & Accessory,3,3,0,3
578,53236,4,Mobile Phone,3,34,Married,4,Male,3,8,8,Laptop & Accessory,9,2,0,5
579,53342,21,Mobile Phone,3,9,Divorced,4,Female,3,8,8,Laptop & Accessory,2,2,1,6
580,53621,25,Pad,1,13,Single,5,Female,3,8,8,Mobile Phone,2,3,0,8
581,53670,8,Mobile Phone,1,36,Divorced,4,Male,3,8,8,Laptop & Accessory,6,3,0,4
582,53995,14,Mobile Phone,1,19,Married,4,Female,3,8,8,Laptop & Accessory,4,5,0,8
583,54438,12,Mobile Phone,3,14,Married,2,Female,3,8,8,Laptop & Accessory,3,5,1,5
584,54516,1,Mobile Phone,3,7,Married,4,Male,3,8,8,Laptop & Accessory,3,3,0,4
585,54812,21,Mobile Phone,3,9,Married,4,Female,3,8,8,Laptop & Accessory,2,1,1,4
586,55091,25,Pad,1,13,Single,5,Female,3,8,8,Mobile Phone,2,3,0,4
587,55140,8,Mobile Phone,1,36,Married,4,Male,3,8,8,Laptop & Accessory,6,3,0,6
588,55465,14,Mobile Phone,1,19,Married,4,Female,3,8,8,Laptop & Accessory,4,5,0,4
589,51361,2,Mobile Phone,1,27,Married,1,Female,2,8,8,Fashion,2,5,0,6
590,52982,13,Mobile Phone,1,10,Single,4,Male,2,8,8,Laptop & Accessory,6,4,0,7
591,54452,13,Mobile Phone,1,10,Single,4,Male,2,8,8,Laptop & Accessory,6,4,0,3
592,50379,7,PC,1,6,Divorced,3,Male,0,8,8,Household,2,2,0,6
593,51849,7,PC,1,6,Married,3,Male,0,8,8,Household,2,1,0,5
594,53436,29,Pad,1,25,Divorced,4,Male,4,7,8,Laptop & Accessory,5,4,1,7
595,53905,18,Mobile Phone,1,9,Married,2,Female,4,7,8,Fashion,3,1,1,7
596,54906,29,Pad,1,25,Married,4,Male,4,7,8,Laptop & Accessory,5,4,1,3
597,55375,18,Mobile Phone,1,9,Married,2,Female,4,7,8,Fashion,3,1,1,4
598,50142,4,Mobile Phone,1,29,Divorced,4,Male,3,7,8,Laptop & Accessory,1,2,0,3
599,50299,3,Pad,3,28,Divorced,3,Female,3,7,8,Fashion,1,5,0,4
600,50480,15,PC,1,35,Divorced,3,Male,3,7,8,Laptop & Accessory,2,4,0,2
601,51612,4,Mobile Phone,1,29,Married,4,Male,3,7,8,Laptop & Accessory,1,1,0,5
602,51769,3,Pad,3,28,Married,3,Female,3,7,8,Fashion,1,5,0,3
603,51950,15,PC,1,35,Married,3,Male,3,7,8,Laptop & Accessory,2,4,0,5
604,53044,11,Mobile Phone,1,13,Married,3,Male,3,7,8,Laptop & Accessory,6,5,1,3
605,53117,4,Pad,1,9,Single,4,Female,3,7,8,Mobile Phone,2,2,0,6
606,53135,22,Mobile Phone,3,9,Divorced,4,Female,3,7,8,Laptop & Accessory,4,2,0,5
607,53632,4,Mobile Phone,1,13,Divorced,5,Female,3,7,8,Laptop & Accessory,2,2,0,6
608,53911,13,Mobile Phone,3,9,Single,4,Female,3,7,8,Laptop & Accessory,5,1,0,4
609,54514,11,Mobile Phone,1,13,Married,2,Male,3,7,8,Laptop & Accessory,6,5,1,7
610,54587,4,Pad,1,9,Single,4,Female,3,7,8,Mobile Phone,2,1,0,3
611,54605,22,Mobile Phone,3,9,Married,4,Female,3,7,8,Laptop & Accessory,4,1,0,7
612,55102,4,Mobile Phone,1,13,Married,5,Female,3,7,8,Laptop & Accessory,2,1,0,6
613,55381,13,Mobile Phone,3,9,Single,4,Female,3,7,8,Laptop & Accessory,5,1,0,7
614,50132,15,PC,1,14,Married,4,Female,2,7,8,Household,1,5,1,4
615,50382,13,Mobile Phone,1,9,Divorced,3,Male,2,7,8,Fashion,2,3,0,6
616,50649,9,Mobile Phone,1,18,Single,4,Female,2,7,8,Fashion,1,2,0,5
617,51406,5,Mobile Phone,1,6,Married,3,Male,2,7,8,Laptop & Accessory,2,1,1,5
618,51602,15,PC,1,14,Married,4,Female,2,7,8,Household,1,5,1,7
619,51852,13,Mobile Phone,1,9,Married,3,Male,2,7,8,Fashion,2,3,0,7
620,52119,9,Mobile Phone,1,18,Single,4,Female,2,7,8,Fashion,1,1,0,5
621,53123,8,Mobile Phone,1,9,Married,5,Male,4,6,8,Mobile Phone,5,3,0,6
622,53153,8,Mobile Phone,3,28,Single,3,Male,4,6,8,Laptop & Accessory,3,2,0,6
623,53175,5,Mobile Phone,3,13,Married,3,Male,4,6,8,Laptop & Accessory,6,2,0,4
624,53577,4,Mobile Phone,1,7,Divorced,4,Male,4,6,8,Mobile Phone,2,4,1,3
625,53786,7,Mobile Phone,1,35,Married,4,Male,4,6,8,Laptop & Accessory,3,3,1,2
626,53897,1,Pad,1,14,Single,4,Male,4,6,8,Mobile Phone,3,1,0,6
627,53965,5,Mobile Phone,3,36,Married,5,Female,4,6,8,Laptop & Accessory,3,1,0,3
628,54005,19,Pad,3,9,Married,4,Female,4,6,8,Laptop & Accessory,6,3,0,4
629,54295,1,Mobile Phone,2,32,Married,4,Female,4,6,8,Mobile Phone,3,3,0,3
630,54593,8,Mobile Phone,1,9,Married,5,Male,4,6,8,Mobile Phone,5,3,0,4
631,54623,8,Mobile Phone,3,28,Single,2,Male,4,6,8,Laptop & Accessory,3,1,0,4
632,54645,5,Mobile Phone,3,13,Married,2,Male,4,6,8,Laptop & Accessory,6,1,0,6
633,55047,4,Mobile Phone,1,8,Married,4,Male,4,6,8,Mobile Phone,2,4,1,4
634,55256,7,Mobile Phone,1,35,Married,4,Male,4,6,8,Laptop & Accessory,3,3,1,5
635,55367,1,Pad,1,14,Single,4,Male,4,6,8,Mobile Phone,3,1,0,2
636,55435,5,Mobile Phone,3,36,Married,5,Female,4,6,8,Laptop & Accessory,3,1,0,2
637,55475,19,Pad,3,9,Married,4,Female,4,6,8,Laptop & Accessory,6,3,0,4
638,50476,5,Mobile Phone,1,10,Divorced,4,Female,3,6,8,Laptop & Accessory,2,3,0,5
639,51946,5,Mobile Phone,1,10,Married,4,Female,3,6,8,Laptop & Accessory,2,3,0,5
640,52976,11,PC,1,7,Single,4,Female,3,6,8,Mobile Phone,3,2,0,4
641,53634,23,Mobile Phone,2,7,Single,4,Female,3,6,8,Mobile Phone,8,5,0,4
642,53778,8,PC,3,14,Married,4,Male,3,6,8,Mobile Phone,2,3,1,5
643,53969,13,Mobile Phone,1,17,Married,4,Male,3,6,8,Fashion,9,5,1,4
644,54255,6,Mobile Phone,3,13,Single,4,Male,3,6,8,Laptop & Accessory,3,3,0,6
645,54446,11,PC,1,7,Single,4,Female,3,6,8,Mobile Phone,3,1,0,2
646,55104,23,Mobile Phone,2,8,Single,4,Female,3,6,8,Mobile Phone,8,5,0,3
647,55248,8,PC,3,14,Married,4,Male,3,6,8,Mobile Phone,2,3,1,4
648,55439,13,Mobile Phone,1,17,Married,4,Male,3,6,8,Fashion,9,5,1,3
649,50765,7,PC,1,20,Divorced,3,Male,2,6,8,Household,2,5,1,2
650,51006,8,PC,1,34,Married,1,Male,2,6,8,Laptop & Accessory,2,3,0,5
651,52235,7,PC,1,20,Married,3,Male,2,6,8,Household,2,5,1,5
652,52476,8,PC,1,34,Married,1,Male,2,6,8,Laptop & Accessory,2,3,0,6
653,52934,14,Mobile Phone,1,31,Married,4,Male,4,5,8,Laptop & Accessory,3,2,0,3
654,53182,17,Pad,1,16,Married,4,Male,4,5,8,Laptop & Accessory,5,3,1,3
655,53249,6,Pad,1,31,Divorced,4,Male,4,5,8,Laptop & Accessory,3,2,0,3
656,54404,14,Mobile Phone,1,31,Married,4,Male,4,5,8,Laptop & Accessory,3,1,0,3
657,54652,17,Pad,1,16,Married,4,Male,4,5,8,Laptop & Accessory,5,3,1,2
658,54719,6,Pad,1,31,Married,4,Male,4,5,8,Laptop & Accessory,3,1,0,2
659,50926,15,Pad,1,15,Single,3,Female,3,5,8,Mobile Phone,2,1,0,4
660,51116,12,Pad,1,6,Married,3,Male,3,5,8,Laptop & Accessory,2,1,1,3
661,52396,15,Pad,1,15,Single,3,Female,3,5,8,Mobile Phone,2,1,0,2
662,52586,12,Pad,1,7,Married,3,Male,3,5,8,Laptop & Accessory,2,1,1,4
663,53971,11,Mobile Phone,2,15,Married,4,Male,3,5,8,Laptop & Accessory,4,4,0,5
664,54300,4,Mobile Phone,2,16,Married,4,Male,3,5,8,Laptop & Accessory,2,1,1,5
665,55441,11,Mobile Phone,2,15,Married,4,Male,3,5,8,Laptop & Accessory,4,4,0,4
666,50087,3,Pad,1,6,Single,4,Male,2,5,8,Fashion,2,3,0,2
667,50102,13,Pad,3,10,Married,3,Male,2,5,8,Mobile Phone,5,2,0,1
668,50327,15,Mobile Phone,1,30,Divorced,3,Male,2,5,8,Fashion,2,5,1,4
669,51204,3,PC,3,29,Married,4,Female,2,5,8,Laptop & Accessory,2,3,0,4
670,51292,11,PC,3,6,Married,3,Male,2,5,8,Laptop & Accessory,1,4,0,4
671,51557,3,Pad,1,6,Single,4,Male,2,5,8,Fashion,2,3,0,4
672,51797,15,Mobile Phone,1,30,Married,3,Male,2,5,8,Fashion,2,5,1,5
673,52674,3,PC,3,29,Married,4,Female,2,5,8,Laptop & Accessory,2,3,0,3
674,52762,11,PC,3,7,Married,3,Male,2,5,8,Laptop & Accessory,1,4,0,1
675,53200,7,Pad,1,13,Married,4,Male,2,5,8,Laptop & Accessory,5,2,0,5
676,54670,7,Pad,1,13,Married,4,Male,2,5,8,Laptop & Accessory,5,1,0,4
677,51572,13,Pad,3,10,Married,3,Male,0,5,8,Household,5,1,0,3
678,52911,13,Mobile Phone,1,12,Single,4,Male,4,4,8,Laptop & Accessory,10,4,0,1
679,53143,19,Mobile Phone,3,9,Divorced,4,Male,4,4,8,Laptop & Accessory,2,4,0,4
680,54381,13,Mobile Phone,1,12,Single,4,Male,4,4,8,Laptop & Accessory,10,4,0,3
681,54613,19,Mobile Phone,3,9,Married,4,Male,4,4,8,Laptop & Accessory,2,4,0,4
682,50182,5,Mobile Phone,3,13,Divorced,4,Male,3,4,8,Laptop & Accessory,2,3,0,1
683,50523,8,Mobile Phone,1,31,Divorced,4,Male,3,4,8,Fashion,4,4,0,3
684,51176,7,Mobile Phone,3,14,Married,1,Male,3,4,8,Laptop & Accessory,2,3,0,4
685,51652,5,Mobile Phone,3,13,Married,4,Male,3,4,8,Laptop & Accessory,2,3,0,3
686,51993,8,Mobile Phone,1,31,Married,4,Male,3,4,8,Fashion,4,4,0,2
687,52646,7,Mobile Phone,3,14,Married,1,Male,3,4,8,Laptop & Accessory,2,3,0,2
688,52894,14,Mobile Phone,1,26,Divorced,4,Male,3,4,8,Laptop & Accessory,10,2,1,2
689,53273,14,Pad,1,9,Divorced,2,Female,3,4,8,Laptop & Accessory,3,4,0,1
690,53780,11,Mobile Phone,1,20,Married,4,Male,3,4,8,Laptop & Accessory,3,1,0,1
691,54095,16,Pad,1,30,Single,5,Male,3,4,8,Laptop & Accessory,3,3,0,3
692,54205,4,Pad,1,7,Single,4,Female,3,4,8,Laptop & Accessory,3,1,0,2
693,54743,14,Pad,1,9,Married,2,Female,3,4,8,Laptop & Accessory,3,4,0,1
694,55250,11,Mobile Phone,1,20,Married,4,Male,3,4,8,Laptop & Accessory,3,1,0,3
695,55565,16,Pad,1,30,Single,5,Male,3,4,8,Laptop & Accessory,3,3,0,4
696,54364,14,Mobile Phone,1,26,Married,4,Male,2,4,8,Laptop & Accessory,10,1,1,4
697,53398,21,Pad,1,23,Married,2,Male,4,3,8,Laptop & Accessory,3,3,1,1
698,54253,4,Mobile Phone,3,11,Married,5,Female,4,3,8,Laptop & Accessory,3,4,1,3
699,54868,21,Pad,1,23,Married,2,Male,4,3,8,Laptop & Accessory,3,3,1,2
700,50399,23,PC,1,34,Divorced,2,Male,3,3,8,Household,2,3,1,3
701,51165,11,Pad,2,14,Married,3,Male,3,3,8,Household,6,4,0,3
702,51222,18,Mobile Phone,1,31,Married,4,Female,3,3,8,Laptop & Accessory,1,1,0,3
703,51869,23,PC,1,34,Married,1,Male,3,3,8,Household,2,3,1,2
704,52635,11,Pad,2,14,Married,3,Male,3,3,8,Household,6,4,0,2
705,52692,18,Mobile Phone,1,31,Married,4,Female,3,3,8,Laptop & Accessory,1,1,0,3
706,51035,12,Pad,1,10,Single,3,Female,2,3,8,Laptop & Accessory,1,3,0,3
707,52505,12,Pad,1,10,Single,3,Female,2,3,8,Laptop & Accessory,1,3,0,3
708,52886,11,Mobile Phone,1,28,Divorced,3,Male,4,2,8,Mobile Phone,3,5,1,1
709,52892,23,Pad,1,25,Married,4,Male,4,2,8,Laptop & Accessory,3,2,1,1
710,52898,13,Pad,1,25,Single,4,Female,4,2,8,Mobile Phone,3,2,0,2
711,52993,2,Mobile Phone,1,23,Single,3,Male,4,2,8,Laptop & Accessory,2,5,0,1
712,53012,5,Mobile Phone,3,14,Married,4,Male,4,2,8,Laptop & Accessory,6,2,0,1
713,53013,6,Mobile Phone,1,9,Single,3,Female,4,2,8,Laptop & Accessory,9,2,0,2
714,53042,6,PC,1,9,Divorced,4,Female,4,2,8,Mobile Phone,3,4,0,1
715,53065,2,Mobile Phone,3,16,Single,4,Male,4,2,8,Laptop & Accessory,3,2,0,2
716,53150,15,Pad,1,9,Single,5,Female,4,2,8,Laptop & Accessory,4,3,1,1
717,53221,1,Mobile Phone,1,7,Divorced,4,Female,4,2,8,Fashion,3,5,0,2
718,53469,23,Mobile Phone,1,15,Married,5,Female,4,2,8,Laptop & Accessory,10,5,1,2
719,53499,3,Mobile Phone,1,35,Married,4,Female,4,2,8,Mobile Phone,6,2,0,1
720,53500,2,Mobile Phone,1,10,Married,4,Female,4,2,8,Fashion,2,4,0,1
721,53622,4,Pad,1,16,Single,4,Female,4,2,8,Laptop & Accessory,9,3,1,2
722,53633,13,Mobile Phone,1,17,Divorced,4,Female,4,2,8,Fashion,5,3,0,1
723,53651,15,Pad,3,7,Married,4,Female,4,2,8,Laptop & Accessory,2,5,0,1
724,53695,1,Mobile Phone,1,14,Single,2,Male,4,2,8,Mobile Phone,2,5,0,2
725,53764,2,Mobile Phone,1,36,Divorced,6,Male,4,2,8,Laptop & Accessory,3,4,0,2
726,53840,1,Mobile Phone,1,26,Married,5,Male,4,2,8,Mobile Phone,3,5,0,1
727,53846,13,Mobile Phone,1,10,Married,5,Male,4,2,8,Laptop & Accessory,2,3,0,1
728,53865,1,Pad,1,9,Married,2,Male,4,2,8,Laptop & Accessory,3,3,0,1
729,53935,4,Pad,1,9,Single,5,Female,4,2,8,Mobile Phone,2,5,0,1
730,53942,4,Mobile Phone,3,22,Married,5,Male,4,2,8,Fashion,4,5,0,1
731,53944,7,Pad,3,9,Single,4,Female,4,2,8,Laptop & Accessory,10,4,0,1
732,53951,6,Pad,1,12,Single,4,Male,4,2,8,Mobile Phone,4,4,0,2
733,53996,28,Mobile Phone,1,14,Married,4,Female,4,2,8,Laptop & Accessory,6,1,0,2
734,54031,13,Mobile Phone,3,17,Married,5,Female,4,2,8,Laptop & Accessory,3,3,1,2
735,54061,21,Pad,1,21,Married,4,Male,4,2,8,Laptop & Accessory,10,4,0,1
736,54103,4,Mobile Phone,1,7,Married,4,Male,4,2,8,Mobile Phone,3,4,0,1
737,54137,8,Mobile Phone,3,35,Married,5,Female,4,2,8,Laptop & Accessory,3,3,0,2
738,54162,23,Pad,1,15,Married,5,Male,4,2,8,Laptop & Accessory,3,4,0,1
739,54282,7,Pad,3,29,Married,4,Male,4,2,8,Laptop & Accessory,2,4,0,1
740,54294,15,Mobile Phone,3,16,Married,4,Male,4,2,8,Fashion,5,3,1,1
741,54356,11,Mobile Phone,1,28,Married,2,Male,4,2,8,Mobile Phone,3,5,1,2
742,54362,23,Pad,1,25,Married,4,Male,4,2,8,Laptop & Accessory,3,1,1,1
743,54368,13,Pad,1,25,Single,4,Female,4,2,8,Mobile Phone,3,1,0,1
744,54463,2,Mobile Phone,1,23,Single,2,Male,4,2,8,Laptop & Accessory,2,5,0,1
745,54482,5,Mobile Phone,3,14,Married,4,Male,4,2,8,Laptop & Accessory,6,1,0,1
746,54483,6,Mobile Phone,1,9,Single,2,Female,4,2,8,Laptop & Accessory,9,1,0,1
747,54512,6,PC,1,9,Married,4,Female,4,2,8,Mobile Phone,3,4,0,1
748,54535,2,Mobile Phone,3,16,Single,4,Male,4,2,8,Laptop & Accessory,3,1,0,2
749,54620,15,Pad,1,9,Single,5,Female,4,2,8,Laptop & Accessory,4,3,1,1
750,54691,1,Mobile Phone,1,7,Married,4,Female,4,2,8,Fashion,3,5,0,1
751,54939,23,Mobile Phone,1,15,Married,5,Female,4,2,8,Laptop & Accessory,10,5,1,2
752,54969,3,Mobile Phone,1,35,Married,4,Female,4,2,8,Mobile Phone,6,1,0,2
753,54970,2,Mobile Phone,1,10,Married,4,Female,4,2,8,Fashion,2,4,0,1
754,55092,4,Pad,1,16,Single,4,Female,4,2,8,Laptop & Accessory,9,3,1,1
755,55103,13,Mobile Phone,1,17,Married,4,Female,4,2,8,Fashion,5,3,0,2
756,55121,15,Pad,3,8,Married,4,Female,4,2,8,Laptop & Accessory,2,5,0,1
757,55165,1,Mobile Phone,1,14,Single,2,Male,4,2,8,Mobile Phone,2,5,0,1
758,55234,2,Mobile Phone,1,36,Married,6,Male,4,2,8,Laptop & Accessory,3,4,0,1
759,55310,1,Mobile Phone,1,26,Married,5,Male,4,2,8,Mobile Phone,3,5,0,1
760,55316,13,Mobile Phone,1,10,Married,5,Male,4,2,8,Laptop & Accessory,2,3,0,1
761,55335,1,Pad,1,9,Married,2,Male,4,2,8,Laptop & Accessory,3,3,0,2
762,55405,4,Pad,1,9,Single,5,Female,4,2,8,Mobile Phone,2,5,0,1
763,55412,4,Mobile Phone,3,22,Married,5,Male,4,2,8,Fashion,4,5,0,2
764,55414,7,Pad,3,9,Single,4,Female,4,2,8,Laptop & Accessory,10,4,0,2
765,55421,6,Pad,1,12,Single,4,Male,4,2,8,Mobile Phone,4,4,0,2
766,55466,28,Mobile Phone,1,14,Married,4,Female,4,2,8,Laptop & Accessory,6,1,0,2
767,55501,13,Mobile Phone,3,17,Married,5,Female,4,2,8,Laptop & Accessory,3,3,1,1
768,55531,21,Pad,1,21,Married,4,Male,4,2,8,Laptop & Accessory,10,4,0,1
769,55573,4,Mobile Phone,1,8,Married,4,Male,4,2,8,Mobile Phone,3,4,0,2
770,55607,8,Mobile Phone,3,35,Married,5,Female,4,2,8,Laptop & Accessory,3,3,0,2
771,50929,53,PC,1,6,Divorced,1,Male,3,2,8,Laptop & Accessory,1,3,0,1
772,51463,9,Pad,3,17,Married,3,Female,3,2,8,Fashion,1,1,0,0
773,52399,33,PC,1,7,Married,1,Male,3,2,8,Laptop & Accessory,1,3,0,1
774,52890,12,Mobile Phone,1,36,Divorced,4,Male,3,2,8,Laptop & Accessory,5,2,0,1
775,53006,17,Pad,1,17,Single,4,Female,3,2,8,Mobile Phone,2,2,0,1
776,53030,1,Mobile Phone,3,15,Divorced,4,Female,3,2,8,Laptop & Accessory,3,4,0,1
777,53034,3,Mobile Phone,3,17,Married,5,Female,3,2,8,Laptop & Accessory,3,4,1,1
778,53052,14,PC,1,17,Divorced,3,Female,3,2,8,Mobile Phone,5,3,1,1
779,53067,25,Mobile Phone,3,21,Divorced,4,Female,3,2,8,Laptop & Accessory,6,2,0,1
780,53094,15,Mobile Phone,3,7,Divorced,3,Male,3,2,8,Fashion,3,5,0,2
781,53140,13,Pad,1,15,Divorced,4,Female,3,2,8,Mobile Phone,3,3,0,1
782,53223,21,Mobile Phone,3,21,Single,4,Male,3,2,8,Laptop & Accessory,4,5,0,1
783,53245,1,Mobile Phone,1,14,Single,5,Female,3,2,8,Laptop & Accessory,10,5,0,2
784,53285,3,Mobile Phone,1,30,Divorced,2,Male,3,2,8,Mobile Phone,3,3,0,2
785,53367,9,Mobile Phone,1,28,Divorced,4,Female,3,2,8,Laptop & Accessory,3,2,1,1
786,53368,23,Mobile Phone,1,15,Divorced,4,Female,3,2,8,Fashion,6,4,0,1
787,53376,1,Pad,3,7,Single,5,Male,3,2,8,Laptop & Accessory,3,5,0,2
788,53396,13,Mobile Phone,3,9,Single,2,Male,3,2,8,Fashion,2,3,0,2
789,53399,13,Pad,3,15,Married,4,Male,3,2,8,Laptop & Accessory,6,2,0,2
790,53410,21,Mobile Phone,3,11,Single,4,Female,3,2,8,Laptop & Accessory,3,2,1,2
791,53479,2,Mobile Phone,1,17,Single,4,Female,3,2,8,Laptop & Accessory,5,3,0,2
792,53531,9,PC,1,7,Divorced,5,Male,3,2,8,Mobile Phone,8,3,0,2
793,53534,1,Mobile Phone,1,10,Divorced,2,Male,3,2,8,Mobile Phone,3,2,0,2
794,53564,13,Mobile Phone,1,13,Married,6,Male,3,2,8,Mobile Phone,3,3,0,1
795,53572,6,Pad,1,9,Single,4,Female,3,2,8,Laptop & Accessory,6,3,1,2
796,53591,13,Pad,1,10,Divorced,4,Male,3,2,8,Mobile Phone,3,4,0,2
797,53640,13,Mobile Phone,1,25,Single,4,Male,3,2,8,Laptop & Accessory,2,3,0,1
798,53654,12,Mobile Phone,3,9,Married,4,Female,3,2,8,Laptop & Accessory,5,5,0,1
799,53720,14,Pad,1,16,Married,4,Male,3,2,8,Laptop & Accessory,5,3,0,2
800,53923,9,Mobile Phone,1,34,Married,4,Male,3,2,8,Laptop & Accessory,4,3,0,1
801,53950,1,Mobile Phone,1,23,Married,2,Male,3,2,8,Laptop & Accessory,5,3,0,2
802,53956,7,Pad,1,11,Married,4,Male,3,2,8,Laptop & Accessory,7,4,0,1
803,53958,8,Pad,3,17,Married,4,Male,3,2,8,Laptop & Accessory,3,3,1,2
804,53979,9,Pad,1,9,Married,4,Male,3,2,8,Laptop & Accessory,4,1,0,1
805,54041,1,Mobile Phone,3,9,Single,2,Female,3,2,8,Laptop & Accessory,2,3,0,1
806,54055,2,Pad,3,7,Married,5,Male,3,2,8,Laptop & Accessory,3,1,1,1
807,54064,12,Pad,1,15,Married,5,Female,3,2,8,Laptop & Accessory,3,4,1,2
808,54084,1,Mobile Phone,3,16,Single,4,Male,3,2,8,Laptop & Accessory,3,1,0,1
809,54120,13,Mobile Phone,1,31,Single,4,Male,3,2,8,Laptop & Accessory,9,1,0,2
810,54219,5,Mobile Phone,1,14,Married,4,Male,3,2,8,Laptop & Accessory,5,1,0,1
811,54220,11,Mobile Phone,1,7,Married,5,Male,3,2,8,Laptop & Accessory,3,3,0,1
812,54305,6,Pad,3,16,Married,6,Male,3,2,8,Laptop & Accessory,2,1,0,1
813,54360,12,Mobile Phone,1,36,Married,4,Male,3,2,8,Laptop & Accessory,5,1,0,1
814,54476,17,Pad,1,17,Single,4,Female,3,2,8,Mobile Phone,2,1,0,1
815,54500,1,Mobile Phone,3,15,Married,4,Female,3,2,8,Laptop & Accessory,3,4,0,1
816,54504,3,Mobile Phone,3,17,Married,5,Female,3,2,8,Laptop & Accessory,3,4,1,2
817,54522,14,PC,1,17,Married,2,Female,3,2,8,Mobile Phone,5,3,1,1
818,54537,25,Mobile Phone,3,21,Married,4,Female,3,2,8,Laptop & Accessory,6,1,0,2
819,54564,15,Mobile Phone,3,7,Married,2,Male,3,2,8,Fashion,3,5,0,2
820,54610,13,Pad,1,15,Married,4,Female,3,2,8,Mobile Phone,3,3,0,2
821,54693,21,Mobile Phone,3,21,Single,4,Male,3,2,8,Laptop & Accessory,4,5,0,2
822,54715,1,Mobile Phone,1,14,Single,5,Female,3,2,8,Laptop & Accessory,10,5,0,2
823,54755,3,Mobile Phone,1,30,Married,2,Male,3,2,8,Mobile Phone,3,3,0,2
824,54837,9,Mobile Phone,1,28,Married,4,Female,3,2,8,Laptop & Accessory,3,1,1,1
825,54838,23,Mobile Phone,1,15,Married,4,Female,3,2,8,Fashion,6,4,0,1
826,54846,1,Pad,3,7,Single,5,Male,3,2,8,Laptop & Accessory,3,5,0,1
827,54866,13,Mobile Phone,3,9,Single,2,Male,3,2,8,Fashion,2,3,0,1
828,54869,13,Pad,3,15,Married,4,Male,3,2,8,Laptop & Accessory,6,1,0,2
829,54880,21,Mobile Phone,3,11,Single,4,Female,3,2,8,Laptop & Accessory,3,1,1,2
830,54949,2,Mobile Phone,1,17,Single,4,Female,3,2,8,Laptop & Accessory,5,3,0,1
831,55001,9,PC,1,7,Married,5,Male,3,2,8,Mobile Phone,8,3,0,2
832,55004,1,Mobile Phone,1,10,Married,2,Male,3,2,8,Mobile Phone,3,1,0,2
833,55034,13,Mobile Phone,1,13,Married,6,Male,3,2,8,Mobile Phone,3,3,0,2
834,55042,6,Pad,1,9,Single,4,Female,3,2,8,Laptop & Accessory,6,3,1,2
835,55061,13,Pad,1,10,Married,4,Male,3,2,8,Mobile Phone,3,4,0,1
836,55110,13,Mobile Phone,1,25,Single,4,Male,3,2,8,Laptop & Accessory,2,3,0,2
837,55124,12,Mobile Phone,3,9,Married,4,Female,3,2,8,Laptop & Accessory,5,5,0,1
838,55190,14,Pad,1,16,Married,4,Male,3,2,8,Laptop & Accessory,5,3,0,1
839,55393,9,Mobile Phone,1,34,Married,4,Male,3,2,8,Laptop & Accessory,4,3,0,2
840,55420,4,Mobile Phone,1,23,Married,2,Male,3,2,8,Laptop & Accessory,5,3,0,2
841,55426,7,Pad,1,11,Married,4,Male,3,2,8,Laptop & Accessory,7,4,0,1
842,55428,8,Pad,3,17,Married,4,Male,3,2,8,Laptop & Accessory,3,3,1,2
843,55449,9,Pad,1,9,Married,4,Male,3,2,8,Laptop & Accessory,4,1,0,2
844,55511,1,Mobile Phone,3,9,Single,2,Female,3,2,8,Laptop & Accessory,2,3,0,1
845,55525,2,Pad,3,8,Married,5,Male,3,2,8,Laptop & Accessory,3,1,1,2
846,55534,12,Pad,1,15,Married,5,Female,3,2,8,Laptop & Accessory,3,4,1,2
847,55554,1,Mobile Phone,3,16,Single,4,Male,3,2,8,Laptop & Accessory,3,1,0,2
848,55590,13,Mobile Phone,1,31,Single,4,Male,3,2,8,Laptop & Accessory,9,1,0,1
849,50629,12,Pad,1,28,Single,3,Female,2,2,8,Fashion,2,5,1,1
850,51274,6,Pad,1,13,Married,3,Male,2,2,8,Laptop & Accessory,2,3,0,2
851,51422,8,PC,3,6,Single,4,Male,2,2,8,Laptop & Accessory,1,5,0,1
852,52099,12,Pad,1,28,Single,3,Female,2,2,8,Fashion,2,5,1,1
853,52744,6,Pad,1,13,Married,3,Male,2,2,8,Laptop & Accessory,2,3,0,0
854,50395,2,Pad,1,6,Married,5,Male,0,2,8,Household,2,2,0,2
855,51865,2,Pad,1,6,Married,5,Male,0,2,8,Household,2,1,0,0
856,50104,8,Pad,3,6,Single,3,Female,3,1,8,Fashion,2,3,0,1
857,50280,1,PC,1,23,Married,3,Male,3,1,8,Laptop & Accessory,2,5,0,0
858,50580,8,Mobile Phone,3,9,Married,3,Male,3,1,8,Fashion,7,2,0,0
859,50772,4,Mobile Phone,1,30,Single,4,Female,3,1,8,Laptop & Accessory,2,5,0,0
860,50871,16,PC,1,12,Single,4,Female,3,1,8,Laptop & Accessory,2,3,1,1
861,51145,16,PC,2,8,Single,3,Male,3,1,8,Household,1,1,0,0
862,51223,9,Pad,2,8,Single,4,Male,3,1,8,Laptop & Accessory,2,1,0,1
863,51344,22,Pad,3,8,Married,4,Male,3,1,8,Laptop & Accessory,3,4,0,1
864,51394,19,Pad,3,11,Single,3,Male,3,1,8,Laptop & Accessory,5,1,1,1
865,51402,8,Pad,3,5,Married,3,Male,3,1,8,Fashion,2,5,0,0
866,51421,4,PC,1,14,Single,3,Female,3,1,8,Laptop & Accessory,2,1,0,1
867,51574,8,Pad,3,6,Single,3,Female,3,1,8,Fashion,2,3,0,1
868,51750,1,PC,1,23,Married,3,Male,3,1,8,Laptop & Accessory,2,5,0,0
869,52050,8,Mobile Phone,3,9,Married,3,Male,3,1,8,Fashion,7,1,0,0
870,52242,4,Mobile Phone,1,30,Single,4,Female,3,1,8,Laptop & Accessory,2,5,0,1
871,52341,16,PC,1,12,Single,4,Female,3,1,8,Laptop & Accessory,2,3,1,0
872,52615,16,PC,2,8,Single,3,Male,3,1,8,Household,1,1,0,1
873,52693,9,Pad,2,8,Single,4,Male,3,1,8,Laptop & Accessory,2,1,0,1
874,52814,22,Pad,3,8,Married,4,Male,3,1,8,Laptop & Accessory,3,4,0,1
875,50042,14,PC,1,14,Married,3,Male,2,1,8,Household,5,3,0,1
876,50159,28,Mobile Phone,1,26,Divorced,3,Male,2,1,8,Laptop & Accessory,4,2,1,1
877,50181,9,Pad,1,30,Divorced,3,Female,2,1,8,Laptop & Accessory,8,4,0,0
878,50288,19,PC,1,24,Married,3,Female,2,1,8,Laptop & Accessory,3,3,0,0
879,50310,4,Mobile Phone,1,15,Married,3,Male,2,1,8,Fashion,2,4,0,1
880,50403,5,Mobile Phone,3,16,Single,3,Male,2,1,8,Laptop & Accessory,2,2,0,0
881,50405,11,Mobile Phone,1,6,Single,2,Female,2,1,8,Laptop & Accessory,1,2,0,1
882,50495,6,PC,3,6,Married,1,Male,2,1,8,Laptop & Accessory,2,5,0,0
883,50572,18,Pad,1,10,Divorced,3,Male,2,1,8,Laptop & Accessory,2,4,0,1
884,50594,18,Pad,1,29,Divorced,3,Male,2,1,8,Laptop & Accessory,2,5,1,1
885,50604,27,Mobile Phone,1,23,Divorced,3,Female,2,1,8,Fashion,9,3,0,1
886,50659,14,PC,1,13,Divorced,1,Female,2,1,8,Household,2,3,0,1
887,50784,6,Mobile Phone,3,16,Married,1,Male,2,1,8,Fashion,1,3,1,1
888,50799,7,Pad,2,17,Divorced,4,Male,2,1,8,Laptop & Accessory,5,4,0,0
889,50811,5,Mobile Phone,3,14,Divorced,1,Male,2,1,8,Laptop & Accessory,2,2,0,0
890,50845,21,Mobile Phone,1,10,Single,3,Male,2,1,8,Fashion,2,2,0,1
891,50894,9,Mobile Phone,1,10,Single,4,Male,2,1,8,Laptop & Accessory,2,2,0,1
892,51300,8,Mobile Phone,1,15,Single,3,Male,2,1,8,Laptop & Accessory,2,3,0,0
893,51354,11,Pad,1,29,Single,4,Male,2,1,8,Fashion,1,3,0,1
894,51357,2,PC,1,21,Single,4,Female,2,1,8,Laptop & Accessory,1,3,1,1
895,51378,7,PC,1,15,Single,4,Male,2,1,8,Household,2,3,0,0
896,51512,14,PC,1,14,Married,3,Male,2,1,8,Household,5,3,0,1
897,51629,28,Mobile Phone,1,26,Married,3,Male,2,1,8,Laptop & Accessory,4,1,1,0
898,51651,9,Pad,1,30,Married,3,Female,2,1,8,Laptop & Accessory,8,4,0,1
899,51758,19,PC,1,24,Married,3,Female,2,1,8,Laptop & Accessory,3,3,0,1
900,51780,4,Mobile Phone,1,15,Married,3,Male,2,1,8,Fashion,2,4,0,0
901,51873,5,Mobile Phone,3,16,Single,3,Male,2,1,8,Laptop & Accessory,2,1,0,1
902,51875,11,Mobile Phone,1,6,Single,1,Female,2,1,8,Laptop & Accessory,1,1,0,0
903,51965,6,PC,3,6,Married,1,Male,2,1,8,Laptop & Accessory,2,5,0,0
904,52042,18,Pad,1,10,Married,3,Male,2,1,8,Laptop & Accessory,2,4,0,1
905,52064,18,Pad,1,29,Married,3,Male,2,1,8,Laptop & Accessory,2,5,1,1
906,52074,27,Mobile Phone,1,23,Married,3,Female,2,1,8,Fashion,9,3,0,0
907,52129,14,PC,1,13,Married,1,Female,2,1,8,Household,2,3,0,0
908,52254,6,Mobile Phone,3,16,Married,1,Male,2,1,8,Fashion,1,3,1,0
909,52269,7,Pad,2,17,Married,4,Male,2,1,8,Laptop & Accessory,5,4,0,0
910,52281,5,Mobile Phone,3,14,Married,1,Male,2,1,8,Laptop & Accessory,2,1,0,0
911,52315,21,Mobile Phone,1,10,Single,3,Male,2,1,8,Fashion,2,1,0,1
912,52364,9,Mobile Phone,1,10,Single,4,Male,2,1,8,Laptop & Accessory,2,1,0,0
913,52770,8,Mobile Phone,1,15,Single,3,Male,2,1,8,Laptop & Accessory,2,3,0,0
914,50728,2,PC,1,12,Divorced,3,Female,0,1,8,Household,2,2,0,0
915,51109,3,PC,1,22,Married,3,Male,0,1,8,Household,2,1,0,0
916,52198,2,PC,1,12,Married,3,Female,0,1,8,Household,2,1,0,0
917,52579,3,PC,1,22,Married,3,Male,0,1,8,Household,2,1,0,0
918,50571,3,Mobile Phone,3,6,Divorced,4,Male,2,11,7,Fashion,6,3,0,6
919,50390,3,Pad,1,9,Single,3,Male,3,9,7,Household,2,5,1,9
920,51860,3,Pad,1,9,Single,3,Male,3,9,7,Household,2,5,1,5
921,50021,3,Mobile Phone,3,12,Divorced,5,Male,3,7,7,Laptop & Accessory,5,3,1,6
922,50823,15,Mobile Phone,3,11,Single,3,Male,3,7,7,Fashion,10,4,1,5
923,51080,11,Pad,3,14,Married,3,Female,3,7,7,Household,3,3,1,4
924,51470,3,Mobile Phone,3,12,Married,5,Male,3,7,7,Laptop & Accessory,5,3,1,2
925,52293,15,Mobile Phone,3,11,Single,3,Male,3,7,7,Fashion,10,4,1,7
926,52550,11,Pad,3,14,Married,3,Female,3,7,7,Household,3,3,1,4
927,50193,15,PC,1,14,Divorced,4,Male,2,7,7,Laptop & Accessory,3,4,0,7
928,50242,4,Pad,3,10,Single,3,Male,2,7,7,Laptop & Accessory,2,4,0,7
929,50483,12,Mobile Phone,3,17,Divorced,3,Female,2,7,7,Fashion,2,2,0,3
930,50808,3,PC,1,13,Married,3,Female,2,7,7,Household,4,3,1,2
931,50873,3,PC,1,14,Single,3,Female,2,7,7,Household,2,3,1,3
932,50883,3,Pad,1,20,Single,3,Female,2,7,7,Fashion,1,2,1,2
933,50961,3,Pad,1,9,Single,3,Female,2,7,7,Mobile Phone,2,3,0,6
934,51157,3,Mobile Phone,3,33,Single,3,Male,2,7,7,Laptop & Accessory,2,1,1,5
935,51663,15,PC,1,14,Married,4,Male,2,7,7,Laptop & Accessory,3,4,0,7
936,51712,4,Pad,3,10,Single,3,Male,2,7,7,Laptop & Accessory,2,4,0,4
937,51953,12,Mobile Phone,3,17,Married,3,Female,2,7,7,Fashion,2,1,0,2
938,52278,3,PC,1,13,Married,3,Female,2,7,7,Household,4,3,1,4
939,52343,3,PC,1,14,Single,3,Female,2,7,7,Household,2,3,1,4
940,52353,3,Pad,1,20,Single,3,Female,2,7,7,Fashion,1,1,1,4
941,52431,3,Pad,1,9,Single,3,Female,2,7,7,Mobile Phone,2,3,0,2
942,52627,3,Mobile Phone,3,33,Single,3,Male,2,7,7,Laptop & Accessory,2,1,1,3
943,50006,3,Pad,1,22,Single,5,Female,3,6,7,Mobile Phone,2,5,1,4
944,50861,3,Mobile Phone,1,28,Divorced,3,Male,3,6,7,Laptop & Accessory,2,3,1,3
945,50982,3,Mobile Phone,3,6,Married,4,Male,3,6,7,Laptop & Accessory,2,5,0,3
946,51372,3,Pad,1,22,Single,5,Female,3,6,7,Mobile Phone,2,5,1,4
947,52331,3,Mobile Phone,1,28,Married,3,Male,3,6,7,Laptop & Accessory,2,3,1,5
948,52452,3,Mobile Phone,3,7,Married,4,Male,3,6,7,Laptop & Accessory,2,5,0,2
949,53487,1,Mobile Phone,1,11,Divorced,4,Male,3,6,7,Mobile Phone,3,2,1,6
950,54957,1,Mobile Phone,1,11,Married,4,Male,3,6,7,Mobile Phone,3,1,1,5
951,51062,3,Pad,3,18,Single,3,Male,2,6,7,Laptop & Accessory,4,1,1,3
952,52532,3,Pad,3,18,Single,3,Male,2,6,7,Laptop & Accessory,4,1,1,5
953,50015,9,Mobile Phone,3,15,Single,4,Male,3,4,7,Fashion,2,2,0,2
954,50909,3,Pad,1,6,Single,1,Female,3,4,7,Fashion,2,4,0,3
955,51435,9,Mobile Phone,3,15,Single,4,Male,3,4,7,Fashion,2,1,0,3
956,52379,3,Pad,1,7,Single,1,Female,3,4,7,Fashion,2,4,0,1
957,50667,3,Mobile Phone,3,10,Single,3,Male,2,4,7,Fashion,1,5,1,3
958,52137,3,Mobile Phone,3,10,Single,3,Male,2,4,7,Fashion,1,5,1,2
959,50416,7,PC,1,6,Single,5,Female,3,3,7,Household,8,4,1,1
960,51174,9,Mobile Phone,1,27,Married,3,Female,3,3,7,Laptop & Accessory,5,4,0,1
961,51886,7,PC,1,6,Single,5,Female,3,3,7,Household,8,4,1,1
962,52644,9,Mobile Phone,1,27,Married,3,Female,3,3,7,Laptop & Accessory,5,4,0,3
963,50569,3,Mobile Phone,3,9,Divorced,4,Male,2,3,7,Fashion,2,2,1,3
964,52039,3,Mobile Phone,3,9,Married,4,Male,2,3,7,Fashion,2,1,1,3
965,52834,1,Pad,1,14,Single,6,Male,4,2,7,Laptop & Accessory,3,3,1,2
966,54272,1,Pad,1,14,Single,6,Male,4,2,7,Laptop & Accessory,3,3,1,2
967,50655,14,PC,1,14,Divorced,3,Male,2,2,7,Household,10,3,1,1
968,52125,14,PC,1,14,Married,3,Male,2,2,7,Household,10,3,1,0
969,50212,7,PC,1,14,Divorced,5,Male,3,1,7,Household,2,5,1,1
970,50953,3,PC,1,14,Single,4,Male,3,1,7,Household,7,5,0,0
971,51166,3,Pad,1,15,Married,3,Male,3,1,7,Laptop & Accessory,5,5,0,0
972,51209,9,Mobile Phone,3,16,Married,3,Female,3,1,7,Fashion,6,4,0,0
973,51682,7,PC,1,14,Married,5,Male,3,1,7,Household,2,5,1,0
974,52423,3,PC,1,14,Single,4,Male,3,1,7,Household,7,5,0,1
975,52636,3,Pad,1,15,Married,3,Male,3,1,7,Laptop & Accessory,5,5,0,0
976,52679,9,Mobile Phone,3,16,Married,3,Female,3,1,7,Fashion,6,4,0,1
977,50490,3,Pad,1,14,Divorced,4,Female,2,1,7,Household,2,3,1,0
978,51960,3,Pad,1,14,Married,4,Female,2,1,7,Household,2,3,1,0
979,50112,3,PC,1,8,Divorced,3,Female,0,1,7,Household,8,5,0,1
980,51582,3,PC,1,8,Married,3,Female,0,1,7,Household,8,5,0,1
981,50054,19,Mobile Phone,3,6,Married,3,Female,3,15,7,Fashion,2,5,0,11
982,51524,19,Mobile Phone,3,6,Married,3,Female,3,15,7,Fashion,2,5,0,12
983,52972,16,Mobile Phone,3,7,Divorced,4,Male,3,12,7,Laptop & Accessory,3,3,0,5
984,54442,16,Mobile Phone,3,7,Married,4,Male,2,12,7,Laptop & Accessory,3,3,0,7
985,53655,8,Mobile Phone,3,22,Single,4,Female,4,10,7,Laptop & Accessory,3,5,0,4
986,55125,8,Mobile Phone,3,22,Single,4,Female,4,10,7,Laptop & Accessory,3,5,0,5
987,50274,13,Pad,1,31,Divorced,3,Female,3,10,7,Laptop & Accessory,4,3,1,4
988,51744,13,Pad,1,31,Married,3,Female,3,10,7,Laptop & Accessory,4,3,1,5
989,53775,8,Mobile Phone,3,7,Divorced,5,Male,4,9,7,Fashion,3,3,1,8
990,55245,8,Mobile Phone,3,8,Married,5,Male,4,9,7,Fashion,3,3,1,8
991,50318,9,Pad,3,16,Single,3,Male,2,9,7,Fashion,2,2,0,4
992,51788,9,Pad,3,16,Single,3,Male,2,9,7,Fashion,2,1,0,8
993,53805,22,PC,1,22,Married,4,Female,4,8,7,Mobile Phone,10,5,0,8
994,54077,1,Mobile Phone,1,7,Single,4,Male,4,8,7,Mobile Phone,2,5,0,4
995,55275,22,PC,1,22,Married,4,Female,4,8,7,Mobile Phone,10,5,0,7
996,55547,1,Mobile Phone,1,8,Single,4,Male,4,8,7,Mobile Phone,2,5,0,8
997,51392,7,Pad,3,29,Single,3,Male,3,8,7,Laptop & Accessory,1,3,0,5
998,53815,13,Mobile Phone,3,13,Married,2,Male,3,8,7,Fashion,4,3,0,5
999,53973,7,Mobile Phone,1,15,Married,2,Male,3,8,7,Mobile Phone,8,5,0,7
1000,55285,13,Mobile Phone,3,13,Married,2,Male,3,8,7,Fashion,4,3,0,4
1001,55443,7,Mobile Phone,1,15,Married,2,Male,3,8,7,Mobile Phone,8,5,0,4
1002,51094,14,Mobile Phone,3,12,Single,3,Male,2,8,7,Fashion,2,3,0,6
1003,51265,4,Pad,1,6,Married,5,Male,2,8,7,Laptop & Accessory,2,5,0,6
1004,52564,14,Mobile Phone,3,12,Single,3,Male,2,8,7,Fashion,2,3,0,3
1005,52735,4,Pad,1,7,Married,5,Male,2,8,7,Laptop & Accessory,2,5,0,6
1006,51088,7,PC,1,25,Married,4,Female,0,8,7,Household,2,1,0,3
1007,52558,7,PC,1,25,Married,4,Female,0,8,7,Household,2,1,0,3
1008,50179,4,Mobile Phone,3,13,Divorced,2,Male,3,7,7,Laptop & Accessory,5,2,0,3
1009,50343,13,Pad,3,15,Married,3,Male,3,7,7,Fashion,2,4,0,6
1010,50578,3,Mobile Phone,3,14,Married,3,Male,3,7,7,Fashion,6,3,0,4
1011,50632,5,Pad,1,35,Single,3,Female,3,7,7,Mobile Phone,10,3,0,5
1012,50758,9,Mobile Phone,1,6,Married,5,Female,3,7,7,Fashion,3,5,1,5
1013,50767,7,Mobile Phone,1,8,Divorced,1,Female,3,7,7,Household,2,2,0,6
1014,50975,18,Mobile Phone,1,6,Married,3,Male,3,7,7,Fashion,2,4,0,6
1015,50979,21,Mobile Phone,3,22,Married,3,Female,3,7,7,Laptop & Accessory,9,3,0,5
1016,50995,11,Mobile Phone,3,20,Married,3,Male,3,7,7,Laptop & Accessory,1,4,0,5
1017,51007,7,Pad,1,16,Married,4,Male,3,7,7,Laptop & Accessory,2,3,0,3
1018,51024,12,Mobile Phone,1,16,Married,3,Male,3,7,7,Laptop & Accessory,3,5,0,4
1019,51039,13,PC,1,16,Married,3,Female,3,7,7,Mobile Phone,2,4,0,6
1020,51192,16,Pad,3,8,Married,3,Male,3,7,7,Laptop & Accessory,2,1,0,5
1021,51237,3,Pad,1,14,Married,1,Male,3,7,7,Household,1,1,0,4
1022,51294,11,Pad,1,12,Married,4,Male,3,7,7,Laptop & Accessory,3,3,0,3
1023,51355,9,Mobile Phone,1,33,Married,3,Male,3,7,7,Laptop & Accessory,7,3,0,4
1024,51649,4,Mobile Phone,3,13,Married,1,Male,3,7,7,Laptop & Accessory,5,1,0,3
1025,51813,13,Pad,3,15,Married,3,Male,3,7,7,Fashion,2,4,0,5
1026,51891,3,Mobile Phone,3,33,Married,3,Male,3,7,7,Laptop & Accessory,8,1,0,2
1027,52048,3,Mobile Phone,3,14,Married,3,Male,3,7,7,Fashion,6,3,0,2
1028,52102,5,Pad,1,35,Single,3,Female,3,7,7,Mobile Phone,10,3,0,6
1029,52228,9,Mobile Phone,1,7,Married,5,Female,3,7,7,Fashion,3,5,1,7
1030,52237,7,Mobile Phone,1,8,Married,1,Female,3,7,7,Household,2,1,0,5
1031,52445,18,Mobile Phone,1,7,Married,3,Male,3,7,7,Fashion,2,4,0,3
1032,52449,21,Mobile Phone,3,22,Married,3,Female,3,7,7,Laptop & Accessory,9,3,0,7
1033,52465,11,Mobile Phone,3,20,Married,3,Male,3,7,7,Laptop & Accessory,1,4,0,3
1034,52477,7,Pad,1,16,Married,4,Male,3,7,7,Laptop & Accessory,2,3,0,4
1035,52494,12,Mobile Phone,1,16,Married,3,Male,3,7,7,Laptop & Accessory,3,5,0,3
1036,52509,13,PC,1,16,Married,3,Female,3,7,7,Mobile Phone,2,4,0,4
1037,52662,16,Pad,3,8,Married,3,Male,3,7,7,Laptop & Accessory,2,1,0,7
1038,52707,3,Pad,1,14,Married,1,Male,3,7,7,Household,1,1,0,2
1039,52764,11,Pad,1,12,Married,4,Male,3,7,7,Laptop & Accessory,3,3,0,5
1040,50153,11,Mobile Phone,3,13,Married,2,Female,2,7,7,Laptop & Accessory,2,5,1,3
1041,50231,3,Mobile Phone,3,6,Divorced,3,Male,2,7,7,Laptop & Accessory,2,3,0,2
1042,50400,7,Mobile Phone,1,15,Single,4,Female,2,7,7,Fashion,2,4,0,4
1043,50421,3,Mobile Phone,3,33,Married,3,Male,2,7,7,Laptop & Accessory,8,2,0,4
1044,50527,23,PC,3,8,Divorced,3,Female,2,7,7,Laptop & Accessory,1,2,1,5
1045,50855,7,Mobile Phone,1,35,Divorced,3,Male,2,7,7,Laptop & Accessory,5,3,0,5
1046,51180,13,PC,1,18,Married,3,Female,2,7,7,Laptop & Accessory,3,5,0,7
1047,51623,11,Mobile Phone,3,13,Married,1,Female,2,7,7,Laptop & Accessory,2,5,1,4
1048,51701,3,Mobile Phone,3,6,Married,3,Male,2,7,7,Laptop & Accessory,2,3,0,3
1049,51870,7,Mobile Phone,1,15,Single,4,Female,2,7,7,Fashion,2,4,0,4
1050,51997,23,PC,3,8,Married,3,Female,2,7,7,Laptop & Accessory,1,1,1,3
1051,52325,7,Mobile Phone,1,35,Married,3,Male,2,7,7,Laptop & Accessory,5,3,0,5
1052,52650,13,PC,1,18,Married,3,Female,2,7,7,Laptop & Accessory,3,5,0,3
1053,50167,9,PC,1,9,Single,3,Male,1,7,7,Laptop & Accessory,5,4,0,6
1054,51637,9,PC,1,9,Single,3,Male,1,7,7,Laptop & Accessory,5,4,0,5
1055,50806,24,Pad,1,12,Single,4,Female,0,7,7,Household,1,3,0,7
1056,52276,24,Pad,1,12,Single,4,Female,0,7,7,Household,1,3,0,3
1057,50621,28,Pad,1,24,Divorced,3,Male,3,6,7,Laptop & Accessory,4,4,1,6
1058,51090,17,Mobile Phone,1,8,Married,1,Female,3,6,7,Fashion,2,1,1,6
1059,52091,28,Pad,1,24,Married,3,Male,3,6,7,Laptop & Accessory,4,4,1,2
1060,52560,17,Mobile Phone,1,8,Married,1,Female,3,6,7,Fashion,2,1,1,3
1061,50229,13,Mobile Phone,1,12,Married,2,Male,2,6,7,Laptop & Accessory,5,5,1,4
1062,50302,3,Pad,1,14,Single,3,Female,2,6,7,Household,1,2,0,5
1063,50320,21,PC,3,8,Divorced,3,Female,2,6,7,Laptop & Accessory,3,2,0,4
1064,50817,3,PC,1,12,Divorced,4,Female,2,6,7,Laptop & Accessory,1,2,0,5
1065,51096,9,PC,3,8,Single,3,Female,2,6,7,Laptop & Accessory,4,1,0,3
1066,51699,13,Mobile Phone,1,12,Married,1,Male,2,6,7,Laptop & Accessory,5,5,1,6
1067,51772,3,Pad,1,14,Single,3,Female,2,6,7,Household,1,1,0,3
1068,51790,21,PC,3,8,Married,3,Female,2,6,7,Laptop & Accessory,3,1,0,6
1069,52287,3,PC,1,12,Married,4,Female,2,6,7,Laptop & Accessory,1,1,0,5
1070,52566,9,PC,3,8,Single,3,Female,2,6,7,Laptop & Accessory,4,1,0,6
1071,50338,7,Mobile Phone,3,27,Single,2,Male,3,5,7,Laptop & Accessory,2,2,0,5
1072,50360,4,Mobile Phone,3,12,Married,2,Male,3,5,7,Laptop & Accessory,5,2,0,3
1073,50762,3,PC,1,6,Divorced,3,Male,3,5,7,Mobile Phone,1,4,1,1
1074,50971,6,Mobile Phone,1,34,Married,3,Male,3,5,7,Laptop & Accessory,2,3,1,1
1075,51082,3,Pad,1,14,Single,3,Male,3,5,7,Household,2,1,0,5
1076,51150,4,Mobile Phone,3,35,Married,4,Female,3,5,7,Laptop & Accessory,2,1,0,2
1077,51190,18,Pad,3,8,Married,3,Female,3,5,7,Laptop & Accessory,5,3,0,3
1078,51808,7,Mobile Phone,3,27,Single,1,Male,3,5,7,Laptop & Accessory,2,1,0,3
1079,51830,4,Mobile Phone,3,12,Married,1,Male,3,5,7,Laptop & Accessory,5,1,0,5
1080,52232,3,PC,1,7,Married,3,Male,3,5,7,Mobile Phone,1,4,1,3
1081,52441,6,Mobile Phone,1,34,Married,3,Male,3,5,7,Laptop & Accessory,2,3,1,4
1082,52552,3,Pad,1,14,Single,3,Male,3,5,7,Household,2,1,0,1
1083,52620,4,Mobile Phone,3,35,Married,4,Female,3,5,7,Laptop & Accessory,2,1,0,1
1084,52660,18,Pad,3,8,Married,3,Female,3,5,7,Laptop & Accessory,5,3,0,3
1085,50161,7,PC,1,6,Single,3,Female,2,5,7,Household,2,2,0,1
1086,50819,19,PC,2,6,Single,3,Female,2,5,7,Household,7,5,0,3
1087,50963,7,PC,3,13,Married,3,Male,2,5,7,Household,1,3,1,3
1088,51154,9,Mobile Phone,1,16,Married,3,Male,2,5,7,Fashion,8,5,1,1
1089,51307,5,Mobile Phone,3,6,Married,3,Female,2,5,7,Fashion,2,1,0,3
1090,51440,5,Mobile Phone,3,12,Single,3,Male,2,5,7,Laptop & Accessory,2,3,0,5
1091,51631,7,PC,1,6,Single,3,Female,2,5,7,Household,2,1,0,1
1092,52289,19,PC,2,7,Single,3,Female,2,5,7,Household,7,5,0,2
1093,52433,7,PC,3,13,Married,3,Male,2,5,7,Household,1,3,1,3
1094,52624,9,Mobile Phone,1,16,Married,3,Male,2,5,7,Fashion,8,5,1,2
1095,52777,5,Mobile Phone,3,7,Married,3,Female,2,5,7,Fashion,2,1,0,1
1096,50308,7,PC,1,8,Married,4,Male,0,5,7,Household,4,3,0,5
1097,51480,3,PC,2,31,Married,3,Female,0,5,7,Household,2,3,0,2
1098,51778,7,PC,1,8,Married,4,Male,0,5,7,Household,4,3,0,3
1099,54166,6,Pad,1,9,Single,4,Male,4,4,7,Mobile Phone,2,1,0,2
1100,50119,13,PC,1,30,Married,3,Male,3,4,7,Laptop & Accessory,2,2,0,2
1101,50367,16,Pad,1,15,Married,3,Male,3,4,7,Laptop & Accessory,4,3,1,2
1102,50434,5,Pad,1,30,Divorced,3,Male,3,4,7,Laptop & Accessory,2,2,0,2
1103,51589,13,PC,1,30,Married,3,Male,3,4,7,Laptop & Accessory,2,1,0,2
1104,51837,16,Pad,1,15,Married,3,Male,3,4,7,Laptop & Accessory,4,3,1,1
1105,51904,5,Pad,1,30,Married,3,Male,3,4,7,Laptop & Accessory,2,1,0,1
1106,53242,13,Mobile Phone,2,10,Divorced,3,Female,3,4,7,Laptop & Accessory,11,4,0,4
1107,54712,13,Mobile Phone,2,10,Married,2,Female,3,4,7,Laptop & Accessory,11,4,0,1
1108,51156,13,PC,2,14,Married,3,Male,2,4,7,Laptop & Accessory,3,4,0,4
1109,51198,19,Mobile Phone,1,8,Married,3,Male,2,4,7,Fashion,4,1,0,1
1110,51485,3,Mobile Phone,2,15,Married,3,Male,2,4,7,Laptop & Accessory,1,1,1,4
1111,52626,13,PC,2,14,Married,3,Male,2,4,7,Laptop & Accessory,3,4,0,3
1112,52668,19,Mobile Phone,1,8,Married,3,Male,2,4,7,Fashion,4,1,0,4
1113,50385,6,Pad,1,12,Married,3,Male,1,4,7,Laptop & Accessory,4,2,0,4
1114,51855,6,Pad,1,12,Married,3,Male,1,4,7,Laptop & Accessory,4,1,0,3
1115,50096,9,Mobile Phone,1,11,Single,3,Male,3,3,7,Laptop & Accessory,9,4,0,1
1116,50328,18,PC,3,8,Divorced,3,Male,3,3,7,Laptop & Accessory,1,4,0,3
1117,51566,9,Mobile Phone,1,11,Single,3,Male,3,3,7,Laptop & Accessory,9,4,0,2
1118,51798,18,PC,3,8,Married,3,Male,3,3,7,Laptop & Accessory,1,4,0,3
1119,50030,5,Pad,3,14,Single,3,Female,2,3,7,Fashion,2,2,0,2
1120,50180,12,Mobile Phone,1,6,Married,2,Male,2,3,7,Fashion,1,2,0,3
1121,50458,13,Pad,1,8,Divorced,1,Female,2,3,7,Laptop & Accessory,2,4,0,1
1122,50965,13,PC,1,19,Married,3,Male,2,3,7,Laptop & Accessory,2,1,0,1
1123,51280,15,Pad,1,29,Single,4,Male,2,3,7,Laptop & Accessory,2,3,0,2
1124,51390,3,Pad,1,6,Single,3,Female,2,3,7,Laptop & Accessory,2,1,0,1
1125,51500,5,Pad,3,14,Single,3,Female,2,3,7,Fashion,2,1,0,2
1126,51650,12,Mobile Phone,1,6,Married,1,Male,2,3,7,Fashion,1,1,0,1
1127,51928,13,Pad,1,8,Married,1,Female,2,3,7,Laptop & Accessory,2,4,0,1
1128,52435,13,PC,1,19,Married,3,Male,2,3,7,Laptop & Accessory,2,1,0,2
1129,52750,15,Pad,1,29,Single,4,Male,2,3,7,Laptop & Accessory,2,3,0,3
1130,50079,13,PC,1,25,Divorced,3,Male,0,3,7,Laptop & Accessory,9,2,1,1
1131,51549,13,PC,1,25,Married,3,Male,0,3,7,Laptop & Accessory,9,1,1,3
1132,52842,9,Mobile Phone,3,7,Divorced,4,Male,4,2,7,Fashion,3,4,0,2
1133,52876,7,Mobile Phone,1,21,Divorced,4,Female,4,2,7,Mobile Phone,3,4,0,1
1134,54015,3,Mobile Phone,1,36,Married,6,Male,4,2,7,Laptop & Accessory,10,3,0,2
1135,54312,9,Mobile Phone,3,7,Married,4,Male,4,2,7,Fashion,3,4,0,1
1136,54346,7,Mobile Phone,1,21,Married,4,Female,4,2,7,Mobile Phone,3,4,0,2
1137,55485,3,Mobile Phone,1,36,Married,6,Male,4,2,7,Laptop & Accessory,10,3,0,1
1138,50583,23,Pad,1,22,Married,1,Male,3,2,7,Laptop & Accessory,2,3,1,0
1139,50683,11,Mobile Phone,3,16,Married,4,Male,3,2,7,Fashion,1,3,1,2
1140,51438,3,Mobile Phone,3,10,Married,4,Female,3,2,7,Laptop & Accessory,2,4,1,2
1141,52053,23,Pad,1,22,Married,1,Male,3,2,7,Laptop & Accessory,2,3,1,1
1142,52153,11,Mobile Phone,3,16,Married,4,Male,3,2,7,Fashion,1,3,1,1
1143,53169,1,PC,3,20,Divorced,4,Male,3,2,7,Mobile Phone,3,3,0,2
1144,53185,8,Mobile Phone,3,21,Married,4,Female,3,2,7,Mobile Phone,3,3,1,2
1145,53881,6,Mobile Phone,1,9,Married,4,Male,3,2,7,Laptop & Accessory,2,4,0,1
1146,54639,1,PC,3,20,Married,4,Male,3,2,7,Mobile Phone,3,3,0,2
1147,54655,8,Mobile Phone,3,21,Married,4,Female,3,2,7,Mobile Phone,3,3,1,2
1148,55351,6,Mobile Phone,1,9,Married,4,Male,3,2,7,Laptop & Accessory,2,4,0,2
1149,50071,13,PC,1,27,Divorced,2,Male,3,1,7,Mobile Phone,2,5,1,0
1150,50077,22,Pad,1,24,Married,3,Male,3,1,7,Laptop & Accessory,2,2,1,0
1151,50083,7,Pad,1,24,Single,3,Female,3,1,7,Household,2,2,0,1
1152,50178,1,Mobile Phone,1,22,Single,2,Male,3,1,7,Laptop & Accessory,1,5,0,0
1153,50197,4,Mobile Phone,3,13,Married,3,Male,3,1,7,Laptop & Accessory,5,2,0,0
1154,50198,5,Mobile Phone,1,8,Single,2,Female,3,1,7,Laptop & Accessory,8,2,0,1
1155,50227,5,PC,1,14,Divorced,3,Female,3,1,7,Household,2,4,0,0
1156,50250,1,Mobile Phone,3,15,Single,3,Male,3,1,7,Laptop & Accessory,2,2,0,1
1157,50335,14,Pad,1,8,Single,4,Female,3,1,7,Laptop & Accessory,3,3,1,0
1158,50406,3,Mobile Phone,1,6,Divorced,3,Female,3,1,7,Fashion,2,5,0,1
1159,50599,19,Mobile Phone,1,13,Married,3,Male,3,1,7,Fashion,7,3,0,0
1160,50654,19,PC,1,14,Married,4,Female,3,1,7,Laptop & Accessory,9,5,1,1
1161,50684,2,PC,1,14,Married,3,Female,3,1,7,Household,5,2,0,0
1162,50685,1,Mobile Phone,1,9,Married,3,Female,3,1,7,Fashion,1,4,0,0
1163,50746,8,Mobile Phone,3,23,Divorced,3,Male,3,1,7,Laptop & Accessory,4,5,1,1
1164,50807,3,Pad,1,15,Single,3,Female,3,1,7,Laptop & Accessory,8,3,1,1
1165,50818,9,Mobile Phone,1,16,Divorced,3,Female,3,1,7,Fashion,4,3,0,0
1166,50836,14,Pad,3,6,Married,3,Female,3,1,7,Laptop & Accessory,1,5,0,0
1167,50880,3,PC,1,13,Single,1,Male,3,1,7,Mobile Phone,1,5,0,1
1168,50910,18,Mobile Phone,1,26,Married,5,Male,3,1,7,Fashion,3,5,1,0
1169,50949,1,Mobile Phone,1,35,Divorced,5,Male,3,1,7,Laptop & Accessory,2,4,0,1
1170,51025,3,PC,1,25,Married,4,Male,3,1,7,Mobile Phone,2,5,0,0
1171,51050,3,Pad,1,8,Married,1,Male,3,1,7,Laptop & Accessory,2,3,0,0
1172,51120,3,Pad,1,8,Single,4,Female,3,1,7,Mobile Phone,1,5,0,0
1173,51127,3,Mobile Phone,3,21,Married,4,Male,3,1,7,Fashion,3,5,0,0
1174,51129,6,Pad,3,8,Single,3,Female,3,1,7,Laptop & Accessory,9,4,0,0
1175,51181,27,Mobile Phone,1,13,Married,3,Female,3,1,7,Laptop & Accessory,5,1,0,1
1176,51216,9,Mobile Phone,3,16,Married,4,Female,3,1,7,Laptop & Accessory,2,3,1,1
1177,51246,23,Pad,1,20,Married,3,Male,3,1,7,Laptop & Accessory,9,4,0,0
1178,51288,3,PC,1,6,Married,3,Male,3,1,7,Mobile Phone,2,4,0,0
1179,51322,7,Mobile Phone,3,34,Married,4,Female,3,1,7,Laptop & Accessory,2,3,0,1
1180,51339,4,Pad,1,11,Single,3,Male,3,1,7,Laptop & Accessory,1,5,0,0
1181,51347,22,Pad,1,14,Married,4,Male,3,1,7,Laptop & Accessory,2,4,0,0
1182,51467,6,Pad,3,28,Married,3,Male,3,1,7,Laptop & Accessory,1,4,0,0
1183,51479,14,Mobile Phone,3,15,Married,3,Male,3,1,7,Fashion,4,3,1,0
1184,51541,13,PC,1,27,Married,1,Male,3,1,7,Mobile Phone,2,5,1,1
1185,51547,22,Pad,1,24,Married,3,Male,3,1,7,Laptop & Accessory,2,1,1,0
1186,51553,7,Pad,1,24,Single,3,Female,3,1,7,Household,2,1,0,0
1187,51648,1,Mobile Phone,1,22,Single,1,Male,3,1,7,Laptop & Accessory,1,5,0,0
1188,51667,4,Mobile Phone,3,13,Married,3,Male,3,1,7,Laptop & Accessory,5,1,0,0
1189,51668,5,Mobile Phone,1,8,Single,1,Female,3,1,7,Laptop & Accessory,8,1,0,0
1190,51697,5,PC,1,14,Married,3,Female,3,1,7,Household,2,4,0,0
1191,51720,1,Mobile Phone,3,15,Single,3,Male,3,1,7,Laptop & Accessory,2,1,0,1
1192,51805,14,Pad,1,8,Single,4,Female,3,1,7,Laptop & Accessory,3,3,1,0
1193,51876,3,Mobile Phone,1,6,Married,3,Female,3,1,7,Fashion,2,5,0,0
1194,52069,19,Mobile Phone,1,13,Married,3,Male,3,1,7,Fashion,7,3,0,1
1195,52124,19,PC,1,14,Married,4,Female,3,1,7,Laptop & Accessory,9,5,1,1
1196,52154,2,PC,1,14,Married,3,Female,3,1,7,Household,5,1,0,1
1197,52155,1,Mobile Phone,1,9,Married,3,Female,3,1,7,Fashion,1,4,0,0
1198,52216,8,Mobile Phone,3,23,Married,3,Male,3,1,7,Laptop & Accessory,4,5,1,0
1199,52277,3,Pad,1,15,Single,3,Female,3,1,7,Laptop & Accessory,8,3,1,0
1200,52288,9,Mobile Phone,1,16,Married,3,Female,3,1,7,Fashion,4,3,0,1
1201,52306,14,Pad,3,7,Married,3,Female,3,1,7,Laptop & Accessory,1,5,0,0
1202,52350,3,PC,1,13,Single,1,Male,3,1,7,Mobile Phone,1,5,0,0
1203,52380,18,Mobile Phone,1,26,Married,5,Male,3,1,7,Fashion,3,5,1,1
1204,52419,1,Mobile Phone,1,35,Married,5,Male,3,1,7,Laptop & Accessory,2,4,0,0
1205,52495,3,PC,1,25,Married,4,Male,3,1,7,Mobile Phone,2,5,0,0
1206,52520,3,Pad,1,8,Married,1,Male,3,1,7,Laptop & Accessory,2,3,0,1
1207,52590,3,Pad,1,8,Single,4,Female,3,1,7,Mobile Phone,1,5,0,0
1208,52597,3,Mobile Phone,3,21,Married,4,Male,3,1,7,Fashion,3,5,0,1
1209,52599,6,Pad,3,8,Single,3,Female,3,1,7,Laptop & Accessory,9,4,0,1
1210,52651,27,Mobile Phone,1,13,Married,3,Female,3,1,7,Laptop & Accessory,5,1,0,1
1211,52686,9,Mobile Phone,3,16,Married,4,Female,3,1,7,Laptop & Accessory,2,3,1,0
1212,52716,23,Pad,1,20,Married,3,Male,3,1,7,Laptop & Accessory,9,4,0,0
1213,52758,3,PC,1,7,Married,3,Male,3,1,7,Mobile Phone,2,4,0,1
1214,52792,7,Mobile Phone,3,34,Married,4,Female,3,1,7,Laptop & Accessory,2,3,0,1
1215,52809,4,Pad,1,11,Single,3,Male,3,1,7,Laptop & Accessory,1,5,0,1
1216,50075,11,Mobile Phone,1,35,Divorced,3,Male,2,1,7,Laptop & Accessory,4,2,0,0
1217,50088,3,Pad,3,26,Single,3,Female,2,1,7,Laptop & Accessory,2,3,0,1
1218,50191,16,Pad,1,14,Single,3,Female,2,1,7,Household,1,2,0,0
1219,50215,3,Mobile Phone,3,14,Divorced,3,Female,2,1,7,Laptop & Accessory,2,4,0,0
1220,50219,2,Mobile Phone,3,16,Married,4,Female,2,1,7,Laptop & Accessory,2,4,1,0
1221,50237,7,PC,1,16,Divorced,2,Female,2,1,7,Household,4,3,1,0
1222,50252,24,PC,3,20,Divorced,3,Female,2,1,7,Laptop & Accessory,5,2,0,0
1223,50279,14,Mobile Phone,3,6,Divorced,2,Male,2,1,7,Fashion,2,5,0,1
1224,50325,12,Pad,1,14,Divorced,3,Female,2,1,7,Mobile Phone,2,3,0,0
1225,50408,23,Mobile Phone,3,20,Single,3,Male,2,1,7,Laptop & Accessory,3,5,0,0
1226,50413,3,Pad,1,16,Married,3,Male,2,1,7,Fashion,2,5,0,1
1227,50430,3,Mobile Phone,1,13,Single,4,Female,2,1,7,Laptop & Accessory,9,5,0,1
1228,50552,8,PC,1,27,Divorced,3,Female,2,1,7,Laptop & Accessory,2,2,1,0
1229,50553,22,Mobile Phone,1,14,Divorced,3,Female,2,1,7,Fashion,5,4,0,0
1230,50561,3,Pad,3,6,Single,4,Male,2,1,7,Laptop & Accessory,2,5,0,1
1231,50581,12,Mobile Phone,3,8,Single,1,Male,2,1,7,Fashion,1,3,0,1
1232,50584,9,Pad,3,14,Married,3,Male,2,1,7,Laptop & Accessory,5,2,0,1
1233,50595,23,PC,3,10,Single,3,Female,2,1,7,Laptop & Accessory,2,2,1,1
1234,50664,1,PC,1,16,Single,3,Female,2,1,7,Laptop & Accessory,4,3,0,1
1235,50716,7,PC,1,6,Divorced,4,Male,2,1,7,Household,7,3,0,1
1236,50719,3,PC,1,9,Divorced,1,Male,2,1,7,Mobile Phone,2,2,0,1
1237,50757,5,Pad,1,8,Single,3,Female,2,1,7,Laptop & Accessory,5,3,1,1
1238,50776,9,Pad,1,9,Divorced,3,Male,2,1,7,Mobile Phone,2,4,0,1
1239,50825,12,PC,1,24,Single,3,Male,2,1,7,Laptop & Accessory,1,3,0,0
1240,50839,11,Mobile Phone,3,8,Married,3,Female,2,1,7,Laptop & Accessory,4,5,0,0
1241,50905,13,Pad,1,15,Married,3,Male,2,1,7,Laptop & Accessory,4,3,0,1
1242,50930,22,Mobile Phone,1,13,Married,3,Male,2,1,7,Fashion,4,4,0,0
1243,50966,2,Mobile Phone,1,14,Married,5,Female,2,1,7,Laptop & Accessory,4,5,0,0
1244,51108,8,Mobile Phone,1,33,Married,3,Male,2,1,7,Laptop & Accessory,3,3,0,0
1245,51135,3,Mobile Phone,1,22,Married,1,Male,2,1,7,Laptop & Accessory,4,3,0,1
1246,51143,7,Pad,3,16,Married,3,Male,2,1,7,Laptop & Accessory,2,3,1,1
1247,51164,8,Pad,1,8,Married,3,Male,2,1,7,Laptop & Accessory,3,1,0,0
1248,51226,3,Mobile Phone,3,8,Single,1,Female,2,1,7,Laptop & Accessory,1,3,0,0
1249,51240,1,Pad,3,6,Married,4,Male,2,1,7,Laptop & Accessory,2,1,1,0
1250,51249,7,Pad,1,14,Married,4,Female,2,1,7,Laptop & Accessory,2,4,1,1
1251,51269,3,PC,3,15,Single,3,Male,2,1,7,Laptop & Accessory,2,1,0,0
1252,51305,12,PC,1,30,Single,3,Male,2,1,7,Laptop & Accessory,8,1,0,1
1253,51326,8,Mobile Phone,2,32,Single,3,Female,2,1,7,Fashion,2,1,1,1
1254,51342,12,Mobile Phone,1,12,Married,4,Male,2,1,7,Fashion,5,5,0,1
1255,51389,3,Pad,3,14,Single,3,Male,2,1,7,Fashion,2,3,0,1
1256,51404,4,Mobile Phone,1,13,Married,3,Male,2,1,7,Laptop & Accessory,4,1,0,0
1257,51405,13,Mobile Phone,1,6,Married,4,Male,2,1,7,Laptop & Accessory,2,3,0,0
1258,51490,5,Pad,3,15,Married,5,Male,2,1,7,Laptop & Accessory,1,1,0,0
1259,51514,11,Mobile Phone,3,6,Single,4,Female,2,1,7,Laptop & Accessory,5,1,0,0
1260,51545,11,Mobile Phone,1,35,Married,3,Male,2,1,7,Laptop & Accessory,4,1,0,0
1261,51558,3,Pad,3,26,Single,3,Female,2,1,7,Laptop & Accessory,2,3,0,1
1262,51661,16,Pad,1,14,Single,3,Female,2,1,7,Household,1,1,0,0
1263,51685,3,Mobile Phone,3,14,Married,3,Female,2,1,7,Laptop & Accessory,2,4,0,0
1264,51689,2,Mobile Phone,3,16,Married,4,Female,2,1,7,Laptop & Accessory,2,4,1,1
1265,51707,7,PC,1,16,Married,1,Female,2,1,7,Household,4,3,1,0
1266,51722,24,PC,3,20,Married,3,Female,2,1,7,Laptop & Accessory,5,1,0,1
1267,51749,14,Mobile Phone,3,6,Married,1,Male,2,1,7,Fashion,2,5,0,1
1268,51795,12,Pad,1,14,Married,3,Female,2,1,7,Mobile Phone,2,3,0,1
1269,51878,23,Mobile Phone,3,20,Single,3,Male,2,1,7,Laptop & Accessory,3,5,0,1
1270,51883,3,Pad,1,16,Married,3,Male,2,1,7,Fashion,2,5,0,0
1271,51900,3,Mobile Phone,1,13,Single,4,Female,2,1,7,Laptop & Accessory,9,5,0,1
1272,52022,8,PC,1,27,Married,3,Female,2,1,7,Laptop & Accessory,2,1,1,0
1273,52023,22,Mobile Phone,1,14,Married,3,Female,2,1,7,Fashion,5,4,0,0
1274,52031,3,Pad,3,6,Single,4,Male,2,1,7,Laptop & Accessory,2,5,0,0
1275,52051,12,Mobile Phone,3,8,Single,1,Male,2,1,7,Fashion,1,3,0,0
1276,52054,9,Pad,3,14,Married,3,Male,2,1,7,Laptop & Accessory,5,1,0,1
1277,52065,23,PC,3,10,Single,3,Female,2,1,7,Laptop & Accessory,2,1,1,1
1278,52134,1,PC,1,16,Single,3,Female,2,1,7,Laptop & Accessory,4,3,0,0
1279,52186,7,PC,1,6,Married,4,Male,2,1,7,Household,7,3,0,1
1280,52189,3,PC,1,9,Married,1,Male,2,1,7,Mobile Phone,2,1,0,1
1281,52227,5,Pad,1,8,Single,3,Female,2,1,7,Laptop & Accessory,5,3,1,1
1282,52246,9,Pad,1,9,Married,3,Male,2,1,7,Mobile Phone,2,4,0,0
1283,52295,12,PC,1,24,Single,3,Male,2,1,7,Laptop & Accessory,1,3,0,1
1284,52309,11,Mobile Phone,3,8,Married,3,Female,2,1,7,Laptop & Accessory,4,5,0,0
1285,52375,13,Pad,1,15,Married,3,Male,2,1,7,Laptop & Accessory,4,3,0,0
1286,52400,22,Mobile Phone,1,13,Married,3,Male,2,1,7,Fashion,4,4,0,0
1287,52436,2,Mobile Phone,1,14,Married,5,Female,2,1,7,Laptop & Accessory,4,5,0,1
1288,52578,8,Mobile Phone,1,33,Married,3,Male,2,1,7,Laptop & Accessory,3,3,0,1
1289,52605,3,Mobile Phone,1,22,Married,1,Male,2,1,7,Laptop & Accessory,4,3,0,1
1290,52613,7,Pad,3,16,Married,3,Male,2,1,7,Laptop & Accessory,2,3,1,1
1291,52634,8,Pad,1,8,Married,3,Male,2,1,7,Laptop & Accessory,3,1,0,1
1292,52696,3,Mobile Phone,3,8,Single,1,Female,2,1,7,Laptop & Accessory,1,3,0,0
1293,52710,1,Pad,3,7,Married,4,Male,2,1,7,Laptop & Accessory,2,1,1,1
1294,52719,7,Pad,1,14,Married,4,Female,2,1,7,Laptop & Accessory,2,4,1,1
1295,52739,3,PC,3,15,Single,3,Male,2,1,7,Laptop & Accessory,2,1,0,1
1296,52775,12,PC,1,30,Single,3,Male,2,1,7,Laptop & Accessory,8,1,0,0
1297,52796,8,Mobile Phone,2,32,Single,3,Female,2,1,7,Fashion,2,1,1,1
1298,52812,12,Mobile Phone,1,12,Married,4,Male,2,1,7,Fashion,5,5,0,0
1299,50470,2,PC,1,29,Divorced,1,Male,0,1,7,Household,2,3,0,1
1300,50749,9,PC,1,12,Married,5,Male,0,1,7,Household,2,3,0,0
1301,51031,12,PC,1,9,Married,4,Male,0,1,7,Laptop & Accessory,1,3,0,0
1302,51136,5,Pad,1,11,Single,3,Male,0,1,7,Household,3,4,0,1
1303,51141,6,Pad,1,10,Married,3,Male,0,1,7,Laptop & Accessory,6,4,0,0
1304,51940,2,PC,1,29,Married,1,Male,0,1,7,Household,2,3,0,1
1305,52219,9,PC,1,12,Married,5,Male,0,1,7,Household,2,3,0,1
1306,52501,12,PC,1,9,Married,4,Male,0,1,7,Laptop & Accessory,1,3,0,0
1307,52606,5,Pad,1,11,Single,3,Male,0,1,7,Household,3,4,0,1
1308,52611,6,Pad,1,10,Married,3,Male,0,1,7,Laptop & Accessory,6,4,0,0
1309,50022,23,Mobile Phone,1,29,Divorced,3,Female,3,15,6,Fashion,2,2,0,11
1310,51472,23,Mobile Phone,1,29,Married,3,Female,3,15,6,Fashion,2,1,0,10
1311,50672,3,PC,1,10,Divorced,3,Male,2,5,6,Mobile Phone,2,2,1,5
1312,52142,3,PC,1,10,Married,3,Male,2,5,6,Mobile Phone,2,1,1,4
1313,50665,7,Mobile Phone,2,6,Divorced,4,Male,3,3,6,Fashion,10,5,0,2
1314,52135,7,Mobile Phone,2,6,Married,4,Male,3,3,6,Fashion,10,5,0,2
1315,52816,5,Mobile Phone,3,7,Single,4,Female,4,2,6,Laptop & Accessory,10,2,1,2
1316,53619,8,Mobile Phone,1,22,Divorced,4,Female,4,2,6,Fashion,3,2,0,1
1317,54161,5,Mobile Phone,3,7,Single,4,Female,4,2,6,Laptop & Accessory,10,1,1,1
1318,55089,8,Mobile Phone,1,22,Married,4,Female,4,2,6,Fashion,3,1,0,1
1319,52908,1,PC,1,7,Single,4,Male,3,2,6,Mobile Phone,2,3,0,1
1320,54378,1,PC,1,7,Single,4,Male,3,2,6,Mobile Phone,2,3,0,1
1321,50019,3,Pad,1,13,Single,5,Male,3,1,6,Laptop & Accessory,2,3,1,1
1322,51457,3,Pad,1,13,Single,5,Male,3,1,6,Laptop & Accessory,2,3,1,1
1323,50157,15,PC,3,6,Divorced,3,Male,2,11,6,Laptop & Accessory,2,3,0,8
1324,51627,15,PC,3,6,Married,3,Male,1,11,6,Laptop & Accessory,2,3,0,6
1325,50840,7,Mobile Phone,3,21,Single,3,Female,3,9,6,Laptop & Accessory,2,5,0,6
1326,52310,7,Mobile Phone,3,21,Single,3,Female,3,9,6,Laptop & Accessory,2,5,0,4
1327,53381,5,Mobile Phone,1,19,Divorced,4,Female,3,9,6,Laptop & Accessory,2,2,1,6
1328,54851,5,Mobile Phone,1,19,Married,4,Female,3,9,6,Laptop & Accessory,2,1,1,7
1329,50826,4,Pad,3,8,Married,3,Female,2,9,6,Fashion,2,3,1,4
1330,52296,4,Pad,3,8,Married,3,Female,2,9,6,Fashion,2,3,1,8
1331,53459,14,Mobile Phone,3,33,Divorced,4,Male,4,8,6,Laptop & Accessory,3,5,0,6
1332,54929,14,Mobile Phone,3,33,Married,4,Male,4,8,6,Laptop & Accessory,3,5,0,4
1333,50960,7,Mobile Phone,3,6,Divorced,4,Male,3,8,6,Fashion,2,3,1,7
1334,52430,7,Mobile Phone,3,7,Married,4,Male,3,8,6,Fashion,2,3,1,7
1335,52952,12,Pad,3,9,Divorced,5,Male,3,8,6,Laptop & Accessory,5,2,0,7
1336,53303,2,Mobile Phone,3,9,Divorced,4,Female,3,8,6,Laptop & Accessory,3,4,1,8
1337,53635,2,Pad,1,7,Divorced,6,Female,3,8,6,Laptop & Accessory,2,2,0,8
1338,54422,12,Pad,3,9,Married,5,Male,3,8,6,Laptop & Accessory,5,1,0,5
1339,54773,2,Mobile Phone,3,9,Married,4,Female,3,8,6,Laptop & Accessory,3,4,1,7
1340,55105,2,Pad,1,8,Married,6,Female,3,8,6,Laptop & Accessory,2,1,0,8
1341,50990,21,PC,1,14,Married,3,Female,3,7,6,Household,9,5,0,7
1342,52460,21,PC,1,14,Married,3,Female,3,7,6,Household,9,5,0,6
1343,51000,12,Mobile Phone,3,12,Married,1,Male,2,7,6,Fashion,3,3,0,4
1344,52470,12,Mobile Phone,3,12,Married,1,Male,2,7,6,Fashion,3,3,0,3
1345,51158,6,PC,1,14,Married,1,Male,0,7,6,Household,7,5,0,6
1346,51262,3,PC,1,6,Single,3,Male,0,7,6,Household,1,5,0,3
1347,52628,6,PC,1,14,Married,1,Male,0,7,6,Household,7,5,0,3
1348,52732,3,PC,1,7,Single,3,Male,0,7,6,Household,1,5,0,7
1349,52843,27,PC,3,13,Divorced,4,Male,3,5,6,Laptop & Accessory,4,3,1,1
1350,53834,19,Pad,3,33,Married,5,Male,3,5,6,Laptop & Accessory,3,5,0,1
1351,54313,27,PC,3,13,Married,4,Male,3,5,6,Laptop & Accessory,4,3,1,1
1352,55304,19,Pad,3,33,Married,5,Male,3,5,6,Laptop & Accessory,3,5,0,4
1353,53792,6,Mobile Phone,1,12,Married,5,Female,4,3,6,Laptop & Accessory,5,4,0,2
1354,55262,6,Mobile Phone,1,12,Married,5,Female,4,3,6,Laptop & Accessory,5,4,0,2
1355,50427,12,Mobile Phone,2,9,Divorced,2,Female,2,3,6,Laptop & Accessory,10,4,0,3
1356,51897,12,Mobile Phone,2,9,Married,1,Female,2,3,6,Laptop & Accessory,10,4,0,2
1357,51351,5,Pad,1,8,Single,3,Male,0,3,6,Household,1,1,0,1
1358,53141,5,Mobile Phone,3,9,Single,4,Male,4,2,6,Laptop & Accessory,6,2,1,2
1359,53191,6,Mobile Phone,1,16,Divorced,4,Female,4,2,6,Laptop & Accessory,3,2,1,2
1360,53947,12,Pad,1,9,Married,5,Female,4,2,6,Mobile Phone,6,4,0,1
1361,54177,6,Mobile Phone,1,12,Married,2,Male,4,2,6,Mobile Phone,2,4,1,2
1362,54611,5,Mobile Phone,3,9,Single,4,Male,4,2,6,Laptop & Accessory,6,1,1,2
1363,54661,6,Mobile Phone,1,16,Married,4,Female,4,2,6,Laptop & Accessory,3,1,1,2
1364,55417,12,Pad,1,9,Married,5,Female,4,2,6,Mobile Phone,6,4,0,1
1365,52910,28,Mobile Phone,3,10,Divorced,4,Female,3,2,6,Laptop & Accessory,4,5,0,2
1366,52943,3,PC,1,22,Single,4,Male,3,2,6,Mobile Phone,3,2,0,1
1367,52958,1,Pad,1,12,Married,3,Male,3,2,6,Laptop & Accessory,3,5,0,2
1368,53209,12,Mobile Phone,3,14,Single,5,Female,3,2,6,Laptop & Accessory,2,2,0,2
1369,53284,13,Mobile Phone,1,7,Divorced,4,Female,3,2,6,Laptop & Accessory,2,4,0,1
1370,53530,16,Mobile Phone,3,11,Single,4,Male,3,2,6,Laptop & Accessory,9,5,0,2
1371,53588,31,Mobile Phone,3,10,Single,5,Female,3,2,6,Laptop & Accessory,7,2,0,1
1372,53813,3,Mobile Phone,1,10,Single,4,Male,3,2,6,Mobile Phone,3,5,1,1
1373,54380,28,Mobile Phone,3,10,Married,4,Female,3,2,6,Laptop & Accessory,4,5,0,2
1374,54413,3,PC,1,22,Single,4,Male,3,2,6,Mobile Phone,3,1,0,2
1375,54428,1,Pad,1,12,Married,2,Male,3,2,6,Laptop & Accessory,3,5,0,2
1376,54679,12,Mobile Phone,3,14,Single,5,Female,3,2,6,Laptop & Accessory,2,1,0,2
1377,54754,13,Mobile Phone,1,7,Married,4,Female,3,2,6,Laptop & Accessory,2,4,0,2
1378,55000,16,Mobile Phone,3,11,Single,4,Male,3,2,6,Laptop & Accessory,9,5,0,2
1379,55058,31,Mobile Phone,3,10,Single,5,Female,3,2,6,Laptop & Accessory,7,1,0,1
1380,55283,3,Mobile Phone,1,10,Single,4,Male,3,2,6,Mobile Phone,3,5,1,1
1381,50027,8,Mobile Phone,3,6,Divorced,3,Male,3,1,6,Fashion,2,4,0,1
1382,51200,2,Mobile Phone,1,35,Married,5,Male,3,1,6,Laptop & Accessory,9,3,0,1
1383,51497,8,Mobile Phone,3,6,Married,3,Male,3,1,6,Fashion,2,4,0,0
1384,52670,2,Mobile Phone,1,35,Married,5,Male,3,1,6,Laptop & Accessory,9,3,0,0
1385,50276,12,Pad,1,6,Married,3,Male,2,1,6,Others,2,3,1,0
1386,50354,7,PC,3,19,Divorced,3,Male,2,1,6,Household,2,3,0,1
1387,50370,7,PC,3,14,Married,3,Female,2,1,6,Household,2,3,1,1
1388,50487,8,Mobile Phone,1,13,Single,3,Male,2,1,6,Fashion,4,3,0,0
1389,50834,7,Mobile Phone,1,15,Married,3,Male,2,1,6,Fashion,1,2,0,1
1390,51066,5,Mobile Phone,1,8,Married,3,Male,2,1,6,Laptop & Accessory,1,4,0,0
1391,51746,12,Pad,1,6,Married,3,Male,2,1,6,Others,2,3,1,0
1392,51824,7,PC,3,19,Married,3,Male,2,1,6,Household,2,3,0,1
1393,51840,7,PC,3,14,Married,3,Female,2,1,6,Household,2,3,1,1
1394,51957,8,Mobile Phone,1,13,Single,3,Male,2,1,6,Fashion,4,3,0,0
1395,52304,7,Mobile Phone,1,15,Married,3,Male,2,1,6,Fashion,1,1,0,0
1396,52536,5,Mobile Phone,1,8,Married,3,Male,2,1,6,Laptop & Accessory,1,4,0,1
1397,50061,6,PC,1,20,Divorced,3,Female,0,1,6,Household,2,4,0,0
1398,51531,6,PC,1,20,Married,3,Female,0,1,6,Household,2,4,0,1
1399,52984,1,Mobile Phone,3,11,Single,5,Male,3,8,5,Laptop & Accessory,3,2,1,8
1400,54454,1,Mobile Phone,3,11,Single,5,Male,3,8,5,Laptop & Accessory,3,1,1,5
1401,52950,1,Pad,1,36,Single,5,Male,4,2,5,Mobile Phone,2,4,0,2
1402,53069,1,Pad,3,26,Single,3,Male,4,2,5,Laptop & Accessory,10,2,1,2
1403,53073,1,Pad,1,10,Single,4,Male,4,2,5,Mobile Phone,2,5,0,1
1404,53105,1,Mobile Phone,3,7,Single,4,Female,4,2,5,Mobile Phone,3,4,1,2
1405,53259,19,Mobile Phone,1,9,Divorced,4,Male,4,2,5,Others,7,5,1,2
1406,53988,1,PC,2,27,Married,4,Female,4,2,5,Mobile Phone,2,4,1,1
1407,54420,1,Pad,1,36,Single,5,Male,4,2,5,Mobile Phone,2,4,0,1
1408,54539,1,Pad,3,26,Single,2,Male,4,2,5,Laptop & Accessory,10,1,1,1
1409,54543,1,Pad,1,10,Single,4,Male,4,2,5,Mobile Phone,2,5,0,1
1410,54575,1,Mobile Phone,3,7,Single,4,Female,4,2,5,Mobile Phone,3,4,1,1
1411,54729,19,Mobile Phone,1,9,Married,4,Male,4,2,5,Others,7,5,1,2
1412,55458,1,PC,2,27,Married,4,Female,4,2,5,Mobile Phone,2,4,1,1
1413,52841,1,Mobile Phone,1,16,Single,4,Female,3,2,5,Mobile Phone,9,5,0,2
1414,52905,1,Mobile Phone,1,10,Single,4,Female,3,2,5,Mobile Phone,7,5,1,2
1415,52925,1,PC,1,21,Divorced,4,Male,3,2,5,Mobile Phone,7,2,1,1
1416,53803,2,Mobile Phone,1,9,Married,4,Male,3,2,5,Laptop & Accessory,6,4,0,1
1417,54301,1,Mobile Phone,1,16,Single,4,Female,3,2,5,Mobile Phone,9,5,0,2
1418,54375,1,Mobile Phone,1,10,Single,4,Female,3,2,5,Mobile Phone,7,5,1,1
1419,54395,1,PC,1,21,Married,4,Male,3,2,5,Mobile Phone,7,1,1,2
1420,55273,2,Mobile Phone,1,9,Married,4,Male,3,2,5,Laptop & Accessory,6,4,0,2
1421,50001,4,Mobile Phone,3,6,Single,3,Female,3,1,5,Laptop & Accessory,9,2,1,1
1422,50804,7,Mobile Phone,1,21,Divorced,3,Female,3,1,5,Fashion,2,2,0,0
1423,51346,4,Mobile Phone,3,6,Single,3,Female,3,1,5,Laptop & Accessory,9,1,1,0
1424,52274,7,Mobile Phone,1,21,Married,3,Female,3,1,5,Fashion,2,1,0,0
1425,50093,7,PC,1,6,Single,3,Male,2,1,5,Household,1,3,0,0
1426,51563,7,PC,1,6,Single,3,Male,2,1,5,Household,1,3,0,0
1427,51171,14,Mobile Phone,3,10,Married,3,Female,2,13,5,Fashion,1,3,1,8
1428,52641,14,Mobile Phone,3,10,Married,3,Female,2,13,5,Fashion,1,3,1,11
1429,54100,14,Pad,1,18,Married,4,Female,4,10,5,Laptop & Accessory,3,3,0,4
1430,55570,14,Pad,1,18,Married,4,Female,4,10,5,Laptop & Accessory,3,3,0,8
1431,51439,19,Pad,1,6,Married,4,Male,2,9,5,Fashion,3,5,1,4
1432,50566,4,Mobile Phone,1,18,Divorced,3,Female,2,8,5,Laptop & Accessory,1,2,1,5
1433,52036,4,Mobile Phone,1,18,Married,3,Female,2,8,5,Laptop & Accessory,1,1,1,6
1434,50644,13,Mobile Phone,3,32,Divorced,3,Male,3,7,5,Laptop & Accessory,2,5,0,5
1435,52114,13,Mobile Phone,3,32,Married,3,Male,3,7,5,Laptop & Accessory,2,5,0,3
1436,50137,11,Pad,3,8,Divorced,4,Male,2,7,5,Laptop & Accessory,4,2,0,6
1437,50488,1,PC,3,8,Divorced,3,Female,2,7,5,Laptop & Accessory,2,4,1,7
1438,50820,1,Pad,1,6,Divorced,5,Female,2,7,5,Laptop & Accessory,1,2,0,7
1439,51607,11,Pad,3,8,Married,4,Male,2,7,5,Laptop & Accessory,4,1,0,4
1440,51958,1,PC,3,8,Married,3,Female,2,7,5,Laptop & Accessory,2,4,1,6
1441,52290,1,Pad,1,7,Married,5,Female,2,7,5,Laptop & Accessory,1,1,0,7
1442,53687,1,Mobile Phone,3,17,Divorced,5,Female,4,5,5,Laptop & Accessory,3,2,1,3
1443,55157,1,Mobile Phone,3,17,Married,5,Female,4,5,5,Laptop & Accessory,3,1,1,2
1444,52856,24,Mobile Phone,1,18,Single,4,Female,3,5,5,Others,5,4,0,3
1445,53093,4,Mobile Phone,3,19,Single,4,Female,3,5,5,Laptop & Accessory,2,3,0,4
1446,54326,24,Mobile Phone,1,18,Single,4,Female,3,5,5,Others,5,4,0,1
1447,54563,4,Mobile Phone,3,19,Single,4,Female,3,5,5,Laptop & Accessory,2,3,0,4
1448,54130,13,Mobile Phone,3,10,Married,5,Female,4,4,5,Fashion,2,1,0,4
1449,55600,13,Mobile Phone,3,10,Married,5,Female,4,4,5,Fashion,2,1,0,1
1450,53331,1,Pad,1,11,Divorced,5,Male,3,4,5,Mobile Phone,2,2,0,1
1451,54801,1,Pad,1,11,Married,5,Male,3,4,5,Mobile Phone,2,1,0,1
1452,50028,7,PC,3,12,Divorced,3,Male,2,4,5,Laptop & Accessory,3,3,1,1
1453,51019,18,Pad,3,32,Married,4,Male,2,4,5,Laptop & Accessory,2,5,0,3
1454,51498,7,PC,3,12,Married,3,Male,2,4,5,Laptop & Accessory,3,3,1,4
1455,52489,18,Pad,3,32,Married,4,Male,2,4,5,Laptop & Accessory,2,5,0,3
1456,52963,2,PC,1,16,Divorced,4,Male,4,2,5,Mobile Phone,3,2,0,2
1457,53011,1,Mobile Phone,3,9,Single,4,Male,4,2,5,Laptop & Accessory,3,3,1,2
1458,53022,1,Pad,3,7,Divorced,4,Male,4,2,5,Laptop & Accessory,2,4,1,1
1459,53031,11,Mobile Phone,1,12,Married,4,Male,4,2,5,Laptop & Accessory,9,2,0,1
1460,53119,21,Mobile Phone,1,9,Married,4,Female,4,2,5,Laptop & Accessory,7,2,0,1
1461,53166,1,Mobile Phone,3,35,Divorced,4,Male,4,2,5,Laptop & Accessory,3,4,0,2
1462,53212,1,Pad,3,10,Married,3,Female,4,2,5,Laptop & Accessory,3,2,1,2
1463,53266,28,Mobile Phone,1,26,Married,4,Female,4,2,5,Laptop & Accessory,11,5,1,1
1464,53320,2,Mobile Phone,2,15,Married,5,Male,4,2,5,Mobile Phone,3,2,0,1
1465,53510,2,Mobile Phone,1,9,Divorced,5,Male,4,2,5,Mobile Phone,2,4,0,1
1466,53526,9,Mobile Phone,2,15,Single,4,Male,4,2,5,Mobile Phone,3,3,0,1
1467,53535,4,Mobile Phone,3,17,Divorced,5,Male,4,2,5,Laptop & Accessory,3,3,0,2
1468,53708,1,PC,1,18,Divorced,4,Male,4,2,5,Mobile Phone,2,5,0,2
1469,53874,13,Mobile Phone,1,10,Married,2,Male,4,2,5,Laptop & Accessory,8,5,0,2
1470,53880,7,Mobile Phone,3,9,Married,4,Male,4,2,5,Laptop & Accessory,3,1,0,2
1471,53906,9,Pad,1,9,Single,5,Male,4,2,5,Mobile Phone,2,1,1,2
1472,53908,1,Mobile Phone,1,16,Married,2,Male,4,2,5,Mobile Phone,3,3,0,1
1473,53939,1,Mobile Phone,1,15,Single,4,Female,4,2,5,Mobile Phone,3,1,0,2
1474,53945,23,Mobile Phone,3,18,Single,4,Female,4,2,5,Laptop & Accessory,5,1,0,1
1475,53957,15,PC,1,16,Married,4,Male,4,2,5,Mobile Phone,3,5,0,2
1476,54027,29,Mobile Phone,1,9,Married,5,Male,4,2,5,Mobile Phone,10,1,0,1
1477,54035,11,Mobile Phone,1,14,Married,4,Male,4,2,5,Laptop & Accessory,7,5,1,1
1478,54071,9,Mobile Phone,3,25,Married,4,Male,4,2,5,Laptop & Accessory,2,5,0,1
1479,54097,28,Mobile Phone,1,17,Single,4,Female,4,2,5,Laptop & Accessory,8,5,1,1
1480,54099,1,Mobile Phone,1,19,Single,4,Male,4,2,5,Mobile Phone,3,1,0,2
1481,54151,3,Mobile Phone,1,35,Single,5,Female,4,2,5,Mobile Phone,3,5,0,1
1482,54196,17,Mobile Phone,1,9,Married,2,Female,4,2,5,Mobile Phone,3,3,0,2
1483,54232,3,Mobile Phone,1,9,Married,4,Male,4,2,5,Mobile Phone,2,4,0,2
1484,54304,4,Mobile Phone,1,25,Single,4,Female,4,2,5,Mobile Phone,3,3,0,2
1485,54309,15,PC,1,16,Married,4,Male,4,2,5,Mobile Phone,4,5,0,1
1486,54433,2,PC,1,16,Married,4,Male,4,2,5,Mobile Phone,3,1,0,2
1487,54481,1,Mobile Phone,3,9,Single,4,Male,4,2,5,Laptop & Accessory,3,3,1,1
1488,54492,1,Pad,3,7,Married,4,Male,4,2,5,Laptop & Accessory,2,4,1,1
1489,54501,11,Mobile Phone,1,12,Married,4,Male,4,2,5,Laptop & Accessory,9,1,0,2
1490,54589,21,Mobile Phone,1,9,Married,4,Female,4,2,5,Laptop & Accessory,7,1,0,1
1491,54636,1,Mobile Phone,3,35,Married,4,Male,4,2,5,Laptop & Accessory,3,4,0,1
1492,54682,1,Pad,3,10,Married,2,Female,4,2,5,Laptop & Accessory,3,1,1,2
1493,54736,28,Mobile Phone,1,26,Married,4,Female,4,2,5,Laptop & Accessory,11,5,1,1
1494,54790,2,Mobile Phone,2,15,Married,5,Male,4,2,5,Mobile Phone,3,1,0,2
1495,54980,2,Mobile Phone,1,9,Married,5,Male,4,2,5,Mobile Phone,2,4,0,1
1496,54996,9,Mobile Phone,2,15,Single,4,Male,4,2,5,Mobile Phone,3,3,0,1
1497,55005,4,Mobile Phone,3,17,Married,5,Male,4,2,5,Laptop & Accessory,3,3,0,1
1498,55024,7,Mobile Phone,2,9,Married,4,Male,4,2,5,Mobile Phone,3,3,0,2
1499,55178,1,PC,1,18,Married,4,Male,4,2,5,Mobile Phone,2,5,0,2
1500,55344,13,Mobile Phone,1,10,Married,2,Male,4,2,5,Laptop & Accessory,8,5,0,1
1501,55350,7,Mobile Phone,3,9,Married,4,Male,4,2,5,Laptop & Accessory,3,1,0,2
1502,55376,9,Pad,1,9,Single,5,Male,4,2,5,Mobile Phone,2,1,1,2
1503,55378,1,Mobile Phone,1,16,Married,2,Male,4,2,5,Mobile Phone,3,3,0,1
1504,55409,1,Mobile Phone,1,15,Single,4,Female,4,2,5,Mobile Phone,3,1,0,1
1505,55415,23,Mobile Phone,3,18,Single,4,Female,4,2,5,Laptop & Accessory,5,1,0,1
1506,55427,15,PC,1,16,Married,4,Male,4,2,5,Mobile Phone,3,5,0,1
1507,55497,29,Mobile Phone,1,9,Married,5,Male,4,2,5,Mobile Phone,10,1,0,2
1508,55505,11,Mobile Phone,1,14,Married,4,Male,4,2,5,Laptop & Accessory,7,5,1,1
1509,55541,9,Mobile Phone,3,25,Married,4,Male,4,2,5,Laptop & Accessory,2,5,0,2
1510,55567,28,Mobile Phone,1,17,Single,4,Female,4,2,5,Laptop & Accessory,8,5,1,1
1511,55569,1,Mobile Phone,1,19,Single,4,Male,4,2,5,Mobile Phone,3,1,0,2
1512,55621,3,Mobile Phone,1,35,Single,5,Female,4,2,5,Mobile Phone,3,5,0,1
1513,50977,5,Mobile Phone,1,11,Married,4,Female,3,2,5,Laptop & Accessory,4,4,0,1
1514,52447,5,Mobile Phone,1,11,Married,4,Female,3,2,5,Laptop & Accessory,4,4,0,1
1515,52860,6,Mobile Phone,1,13,Single,4,Male,3,2,5,Mobile Phone,5,3,0,1
1516,52915,5,Pad,1,7,Divorced,6,Male,3,2,5,Laptop & Accessory,2,3,0,2
1517,52953,6,PC,1,9,Single,5,Male,3,2,5,Laptop & Accessory,6,5,0,1
1518,52969,1,Pad,1,7,Married,4,Female,3,2,5,Laptop & Accessory,3,4,0,1
1519,53064,1,Mobile Phone,1,7,Married,4,Male,3,2,5,Mobile Phone,3,4,0,1
1520,53097,26,Mobile Phone,1,10,Divorced,5,Male,3,2,5,Fashion,4,3,1,1
1521,53104,16,Pad,1,35,Divorced,5,Female,3,2,5,Laptop & Accessory,2,2,0,1
1522,53110,4,Pad,1,10,Divorced,4,Male,3,2,5,Mobile Phone,6,2,0,1
1523,53165,1,Mobile Phone,1,30,Divorced,3,Male,3,2,5,Mobile Phone,3,2,1,1
1524,53234,18,Pad,1,31,Single,6,Male,3,2,5,Mobile Phone,4,3,0,1
1525,53254,1,Mobile Phone,3,33,Single,4,Female,3,2,5,Laptop & Accessory,3,2,0,1
1526,53258,8,Mobile Phone,3,9,Single,4,Male,3,2,5,Laptop & Accessory,3,2,0,1
1527,53278,26,Mobile Phone,1,18,Divorced,4,Female,3,2,5,Laptop & Accessory,10,3,0,2
1528,53290,13,PC,2,20,Divorced,4,Male,3,2,5,Mobile Phone,5,4,0,2
1529,53345,13,Mobile Phone,2,9,Divorced,5,Female,3,2,5,Laptop & Accessory,10,2,0,1
1530,53385,7,Mobile Phone,1,7,Single,5,Female,3,2,5,Laptop & Accessory,2,2,0,1
1531,53450,19,PC,2,31,Single,4,Male,3,2,5,Mobile Phone,3,4,0,1
1532,53485,8,Pad,1,10,Single,4,Male,3,2,5,Laptop & Accessory,2,2,0,2
1533,53554,7,Mobile Phone,2,9,Divorced,4,Male,3,2,5,Mobile Phone,3,3,0,1
1534,53568,23,Mobile Phone,1,9,Married,4,Male,3,2,5,Laptop & Accessory,4,2,0,2
1535,53675,2,Mobile Phone,3,33,Divorced,5,Male,3,2,5,Laptop & Accessory,3,5,0,2
1536,53677,13,Mobile Phone,3,28,Divorced,5,Male,3,2,5,Laptop & Accessory,5,2,1,1
1537,53691,26,Mobile Phone,1,15,Divorced,4,Female,3,2,5,Mobile Phone,11,5,0,2
1538,53814,9,Mobile Phone,1,17,Single,4,Female,3,2,5,Laptop & Accessory,5,3,1,2
1539,53833,19,Mobile Phone,1,12,Single,6,Female,3,2,5,Laptop & Accessory,3,5,1,2
1540,53838,23,Mobile Phone,1,32,Married,4,Female,3,2,5,Mobile Phone,3,5,0,1
1541,53863,3,Mobile Phone,3,17,Single,5,Male,3,2,5,Laptop & Accessory,11,3,0,2
1542,53954,16,Mobile Phone,1,19,Married,4,Male,3,2,5,Mobile Phone,10,4,0,2
1543,53963,12,Mobile Phone,1,13,Married,5,Female,3,2,5,Mobile Phone,3,3,0,1
1544,54047,15,Mobile Phone,3,15,Married,4,Female,3,2,5,Laptop & Accessory,7,4,0,2
1545,54049,5,Mobile Phone,3,17,Married,4,Female,3,2,5,Laptop & Accessory,4,1,1,1
1546,54072,2,Pad,1,23,Single,4,Male,3,2,5,Mobile Phone,3,3,0,1
1547,54124,1,Mobile Phone,3,15,Married,4,Female,3,2,5,Laptop & Accessory,2,3,1,2
1548,54258,2,Pad,3,11,Married,4,Male,3,2,5,Laptop & Accessory,3,3,0,1
1549,54330,6,Mobile Phone,1,13,Single,4,Male,3,2,5,Mobile Phone,5,3,0,1
1550,54385,5,Pad,1,7,Married,6,Male,3,2,5,Laptop & Accessory,2,3,0,1
1551,54423,6,PC,1,9,Single,5,Male,3,2,5,Laptop & Accessory,6,5,0,1
1552,54439,1,Pad,1,7,Married,4,Female,3,2,5,Laptop & Accessory,3,4,0,2
1553,54534,1,Mobile Phone,1,7,Married,4,Male,3,2,5,Mobile Phone,3,4,0,1
1554,54567,26,Mobile Phone,1,10,Married,5,Male,3,2,5,Fashion,4,3,1,2
1555,54574,16,Pad,1,35,Married,5,Female,3,2,5,Laptop & Accessory,2,1,0,1
1556,54580,4,Pad,1,10,Married,4,Male,3,2,5,Mobile Phone,6,1,0,2
1557,54635,1,Mobile Phone,1,30,Married,2,Male,3,2,5,Mobile Phone,3,1,1,1
1558,54704,18,Pad,1,31,Single,6,Male,3,2,5,Mobile Phone,4,3,0,1
1559,54724,1,Mobile Phone,3,33,Single,4,Female,3,2,5,Laptop & Accessory,3,1,0,1
1560,54728,8,Mobile Phone,3,9,Single,4,Male,3,2,5,Laptop & Accessory,3,1,0,1
1561,54748,26,Mobile Phone,1,18,Married,4,Female,3,2,5,Laptop & Accessory,10,3,0,2
1562,54760,13,PC,2,20,Married,4,Male,3,2,5,Mobile Phone,6,4,0,2
1563,54815,13,Mobile Phone,2,9,Married,5,Female,3,2,5,Laptop & Accessory,10,1,0,2
1564,54855,7,Mobile Phone,1,7,Single,5,Female,3,2,5,Laptop & Accessory,2,1,0,2
1565,54920,19,PC,2,31,Single,4,Male,3,2,5,Mobile Phone,3,4,0,1
1566,54955,8,Pad,1,10,Single,4,Male,3,2,5,Laptop & Accessory,2,1,0,2
1567,55038,23,Mobile Phone,1,9,Married,4,Male,3,2,5,Laptop & Accessory,4,1,0,1
1568,55145,2,Mobile Phone,3,33,Married,5,Male,3,2,5,Laptop & Accessory,3,5,0,2
1569,55147,13,Mobile Phone,3,28,Married,5,Male,3,2,5,Laptop & Accessory,5,1,1,1
1570,55161,26,Mobile Phone,1,15,Married,4,Female,3,2,5,Mobile Phone,11,5,0,2
1571,55284,9,Mobile Phone,1,17,Single,4,Female,3,2,5,Laptop & Accessory,5,3,1,1
1572,55303,19,Mobile Phone,1,12,Single,6,Female,3,2,5,Laptop & Accessory,3,5,1,1
1573,55308,23,Mobile Phone,1,32,Married,4,Female,3,2,5,Mobile Phone,3,5,0,2
1574,55333,3,Mobile Phone,3,17,Single,5,Male,3,2,5,Laptop & Accessory,11,3,0,2
1575,55424,16,Mobile Phone,1,19,Married,4,Male,3,2,5,Mobile Phone,10,4,0,2
1576,55433,12,Mobile Phone,1,13,Married,5,Female,3,2,5,Mobile Phone,3,3,0,2
1577,55517,15,Mobile Phone,3,15,Married,4,Female,3,2,5,Laptop & Accessory,7,4,0,1
1578,55519,5,Mobile Phone,3,17,Married,4,Female,3,2,5,Laptop & Accessory,4,1,1,2
1579,55542,2,Pad,1,23,Single,4,Male,3,2,5,Mobile Phone,3,3,0,1
1580,55594,1,Mobile Phone,3,15,Married,4,Female,3,2,5,Laptop & Accessory,2,3,1,1
1581,53930,5,Pad,1,31,Single,4,Female,2,2,5,Laptop & Accessory,4,1,0,2
1582,54242,9,Mobile Phone,1,7,Single,5,Male,2,2,5,Mobile Phone,3,3,0,2
1583,55400,5,Pad,1,31,Single,4,Female,2,2,5,Laptop & Accessory,4,1,0,1
1584,50326,4,Mobile Phone,3,8,Single,3,Male,3,1,5,Laptop & Accessory,5,2,1,1
1585,50376,5,Mobile Phone,1,15,Divorced,3,Female,3,1,5,Laptop & Accessory,2,2,1,1
1586,50868,12,Pad,1,31,Divorced,3,Male,3,1,5,Fashion,4,3,0,0
1587,51132,11,Pad,1,14,Married,4,Female,3,1,5,Household,5,4,0,0
1588,51362,5,PC,1,11,Married,1,Male,3,1,5,Household,1,4,1,1
1589,51796,4,Mobile Phone,3,8,Single,3,Male,3,1,5,Laptop & Accessory,5,1,1,1
1590,51846,5,Mobile Phone,1,15,Married,3,Female,3,1,5,Laptop & Accessory,2,1,1,1
1591,52602,11,Pad,1,14,Married,4,Female,3,1,5,Household,5,4,0,0
1592,50095,27,Mobile Phone,3,9,Divorced,3,Female,2,1,5,Laptop & Accessory,3,5,0,1
1593,50128,2,PC,1,14,Single,3,Male,2,1,5,Household,2,2,0,0
1594,50143,3,Pad,1,11,Married,2,Male,2,1,5,Laptop & Accessory,2,5,0,1
1595,50394,11,PC,3,13,Single,4,Female,2,1,5,Laptop & Accessory,1,2,0,1
1596,50469,9,Mobile Phone,1,6,Divorced,3,Female,2,1,5,Laptop & Accessory,1,4,0,0
1597,50715,15,Mobile Phone,3,10,Single,3,Male,2,1,5,Laptop & Accessory,8,5,0,1
1598,50773,33,Mobile Phone,3,9,Single,4,Female,2,1,5,Laptop & Accessory,6,2,0,0
1599,50998,2,PC,1,9,Single,3,Male,2,1,5,Mobile Phone,2,5,1,0
1600,51565,27,Mobile Phone,3,9,Married,3,Female,2,1,5,Laptop & Accessory,3,5,0,1
1601,51598,2,PC,1,14,Single,3,Male,2,1,5,Household,2,1,0,1
1602,51613,3,Pad,1,11,Married,1,Male,2,1,5,Laptop & Accessory,2,5,0,1
1603,51864,11,PC,3,13,Single,4,Female,2,1,5,Laptop & Accessory,1,1,0,1
1604,51939,9,Mobile Phone,1,6,Married,3,Female,2,1,5,Laptop & Accessory,1,4,0,1
1605,52185,15,Mobile Phone,3,10,Single,3,Male,2,1,5,Laptop & Accessory,8,5,0,1
1606,52243,33,Mobile Phone,3,9,Single,4,Female,2,1,5,Laptop & Accessory,6,1,0,0
1607,52468,2,PC,1,9,Single,3,Male,2,1,5,Mobile Phone,2,5,1,0
1608,53299,19,Mobile Phone,3,9,Single,4,Male,3,8,4,Laptop & Accessory,6,2,0,6
1609,54769,19,Mobile Phone,3,9,Single,4,Male,3,8,4,Laptop & Accessory,6,1,0,3
1610,50169,3,Mobile Phone,3,10,Single,4,Male,2,7,4,Laptop & Accessory,2,2,1,7
1611,51639,3,Mobile Phone,3,10,Single,4,Male,2,7,4,Laptop & Accessory,2,1,1,4
1612,52835,23,Mobile Phone,1,21,Divorced,4,Female,4,5,4,Mobile Phone,11,4,1,2
1613,54283,23,Mobile Phone,1,21,Married,4,Female,4,5,4,Mobile Phone,11,4,1,4
1614,55440,8,Pad,1,8,Married,4,Male,4,3,4,Mobile Phone,3,4,1,3
1615,53970,8,Pad,1,7,Married,4,Male,3,3,4,Mobile Phone,3,4,1,2
1616,53257,11,Pad,3,34,Single,2,Female,4,2,4,Laptop & Accessory,6,3,1,2
1617,53520,1,Mobile Phone,3,16,Single,4,Female,4,2,4,Laptop & Accessory,2,5,1,1
1618,53631,3,Mobile Phone,1,30,Single,4,Male,4,2,4,Mobile Phone,2,5,0,1
1619,53697,1,Pad,1,35,Single,5,Male,4,2,4,Laptop & Accessory,5,5,0,1
1620,53862,4,PC,1,14,Single,4,Male,4,2,4,Mobile Phone,5,5,1,1
1621,54727,11,Pad,3,34,Single,2,Female,4,2,4,Laptop & Accessory,6,3,1,1
1622,54990,1,Mobile Phone,3,16,Single,4,Female,4,2,4,Laptop & Accessory,5,5,1,1
1623,55101,3,Mobile Phone,1,30,Single,4,Male,4,2,4,Mobile Phone,2,5,0,1
1624,55167,13,Pad,1,35,Single,5,Male,4,2,4,Laptop & Accessory,5,5,0,1
1625,55332,4,PC,1,14,Single,4,Male,4,2,4,Mobile Phone,5,5,1,1
1626,52818,1,PC,1,31,Single,5,Male,3,2,4,Mobile Phone,7,3,1,1
1627,52819,1,Mobile Phone,3,16,Single,5,Male,3,2,4,Laptop & Accessory,9,5,0,1
1628,52820,1,Mobile Phone,1,13,Single,4,Male,3,2,4,Mobile Phone,4,5,0,2
1629,52833,1,Mobile Phone,3,12,Single,5,Male,3,2,4,Laptop & Accessory,3,3,1,2
1630,52840,15,Pad,1,15,Single,6,Male,3,2,4,Fashion,4,2,0,1
1631,53127,1,Mobile Phone,1,17,Married,6,Male,3,2,4,Mobile Phone,9,2,0,1
1632,53219,14,Pad,3,15,Divorced,4,Male,3,2,4,Laptop & Accessory,5,3,1,2
1633,53540,7,Mobile Phone,3,16,Single,6,Female,3,2,4,Laptop & Accessory,10,3,0,2
1634,54066,1,Pad,1,12,Single,2,Female,3,2,4,Mobile Phone,5,3,1,1
1635,54081,1,PC,1,24,Married,5,Male,3,2,4,Mobile Phone,7,1,0,1
1636,54175,1,PC,1,31,Single,5,Male,3,2,4,Mobile Phone,7,3,1,1
1637,54182,1,Mobile Phone,3,16,Single,5,Male,3,2,4,Mobile Phone,9,5,0,1
1638,54185,1,Mobile Phone,1,13,Single,4,Male,3,2,4,Mobile Phone,4,5,0,1
1639,54268,1,Mobile Phone,3,12,Single,5,Male,3,2,4,Laptop & Accessory,3,3,1,1
1640,54297,15,Pad,1,15,Single,6,Male,3,2,4,Fashion,4,1,0,2
1641,54597,1,Mobile Phone,1,17,Married,6,Male,3,2,4,Mobile Phone,9,1,0,1
1642,54689,14,Pad,3,15,Married,4,Male,3,2,4,Laptop & Accessory,5,3,1,1
1643,55010,7,Mobile Phone,3,16,Single,6,Female,3,2,4,Laptop & Accessory,10,3,0,1
1644,55536,1,Pad,1,12,Single,2,Female,3,2,4,Mobile Phone,5,3,1,1
1645,55551,1,PC,1,24,Married,5,Male,3,2,4,Mobile Phone,7,1,0,2
1646,50135,3,Pad,1,35,Single,4,Male,3,1,4,Household,1,4,0,1
1647,50254,3,Pad,3,25,Single,2,Male,3,1,4,Laptop & Accessory,9,2,1,1
1648,50290,3,PC,3,6,Single,3,Female,3,1,4,Household,2,4,1,1
1649,51173,7,PC,2,26,Married,3,Female,3,1,4,Household,1,4,1,0
1650,51605,3,Pad,1,35,Single,4,Male,3,1,4,Household,1,4,0,0
1651,51724,3,Pad,3,25,Single,1,Male,3,1,4,Laptop & Accessory,9,1,1,0
1652,51760,3,PC,3,6,Single,3,Female,3,1,4,Household,2,4,1,0
1653,52643,7,PC,2,26,Married,3,Female,3,1,4,Household,1,4,1,0
1654,50026,3,PC,1,15,Single,3,Female,2,1,4,Mobile Phone,8,5,0,1
1655,50090,3,PC,1,14,Single,3,Female,2,1,4,Household,6,5,1,1
1656,50110,3,PC,1,14,Divorced,3,Male,2,1,4,Household,6,2,1,0
1657,50988,1,PC,1,8,Married,3,Male,2,1,4,Laptop & Accessory,5,4,0,0
1658,51486,3,PC,1,15,Single,3,Female,2,1,4,Mobile Phone,8,5,0,1
1659,51560,3,PC,1,14,Single,3,Female,2,1,4,Household,6,5,1,0
1660,51580,3,PC,1,14,Married,3,Male,2,1,4,Household,6,1,1,1
1661,52458,1,PC,1,8,Married,3,Male,2,1,4,Laptop & Accessory,5,4,0,1
1662,50258,3,Pad,1,9,Single,3,Male,0,1,4,Household,1,5,0,0
1663,51728,3,Pad,1,9,Single,3,Male,0,1,4,Household,1,5,0,0
1664,51097,18,Pad,1,6,Married,4,Male,3,14,4,Fashion,4,3,0,10
1665,52567,18,Pad,1,7,Married,4,Male,3,14,4,Fashion,4,3,0,10
1666,51285,13,Pad,1,17,Married,3,Female,3,9,4,Laptop & Accessory,2,3,0,7
1667,52755,13,Pad,1,17,Married,3,Female,3,9,4,Laptop & Accessory,2,3,0,7
1668,54025,1,Pad,1,22,Married,5,Female,4,8,4,Mobile Phone,2,5,0,8
1669,55495,1,Pad,1,22,Married,5,Female,4,8,4,Mobile Phone,2,5,0,6
1670,53383,6,Mobile Phone,1,10,Divorced,4,Female,4,7,4,Laptop & Accessory,3,5,0,7
1671,54853,6,Mobile Phone,1,10,Married,4,Female,4,7,4,Laptop & Accessory,3,5,0,2
1672,50043,3,Mobile Phone,3,11,Divorced,3,Female,2,7,4,Fashion,3,2,0,2
1673,51513,3,Mobile Phone,3,11,Married,3,Female,2,7,4,Fashion,3,1,0,3
1674,53332,6,Pad,3,12,Divorced,4,Male,3,6,4,Laptop & Accessory,3,4,0,3
1675,54802,6,Pad,3,12,Married,4,Male,3,6,4,Laptop & Accessory,3,4,0,3
1676,50722,8,Mobile Phone,1,8,Married,4,Male,2,6,4,Fashion,3,4,0,6
1677,52192,8,Mobile Phone,1,8,Married,4,Male,2,6,4,Fashion,3,4,0,4
1678,53163,11,Mobile Phone,1,7,Divorced,4,Female,4,5,4,Laptop & Accessory,8,4,0,4
1679,53240,8,Mobile Phone,1,15,Single,4,Female,4,5,4,Laptop & Accessory,5,3,0,2
1680,54633,11,Mobile Phone,1,7,Married,4,Female,4,5,4,Laptop & Accessory,8,4,0,5
1681,54710,8,Mobile Phone,1,15,Single,4,Female,4,5,4,Laptop & Accessory,5,3,0,1
1682,50795,33,Mobile Phone,1,24,Single,3,Male,3,5,4,Fashion,7,2,0,1
1683,52265,33,Mobile Phone,1,24,Single,3,Male,3,5,4,Fashion,7,1,0,3
1684,53121,9,Mobile Phone,1,29,Single,6,Male,3,5,4,Mobile Phone,2,3,0,3
1685,53268,11,Mobile Phone,1,17,Married,4,Female,3,5,4,Mobile Phone,2,5,1,4
1686,54173,5,Mobile Phone,1,33,Married,4,Male,3,5,4,Mobile Phone,3,3,0,4
1687,54286,1,PC,1,13,Married,5,Female,3,5,4,Mobile Phone,3,4,0,3
1688,54591,9,Mobile Phone,1,29,Single,6,Male,3,5,4,Mobile Phone,2,3,0,2
1689,54738,11,Mobile Phone,1,17,Married,4,Female,3,5,4,Mobile Phone,2,5,1,5
1690,53559,2,Mobile Phone,1,26,Divorced,5,Male,4,4,4,Mobile Phone,3,5,0,2
1691,53679,15,Pad,1,29,Married,4,Female,4,4,4,Laptop & Accessory,5,2,1,1
1692,55029,2,Mobile Phone,1,26,Married,5,Male,4,4,4,Mobile Phone,3,5,0,2
1693,55149,15,Pad,1,29,Married,4,Female,4,4,4,Laptop & Accessory,5,1,1,3
1694,50872,3,Mobile Phone,3,16,Divorced,4,Female,3,4,4,Laptop & Accessory,2,2,1,2
1695,52342,3,Mobile Phone,3,16,Married,4,Female,3,4,4,Laptop & Accessory,2,1,1,1
1696,52975,1,Pad,1,18,Divorced,4,Male,3,4,4,Laptop & Accessory,3,5,1,3
1697,53855,14,Mobile Phone,1,23,Single,4,Female,3,4,4,Fashion,8,1,1,2
1698,53884,12,Pad,1,9,Single,5,Female,3,4,4,Mobile Phone,3,4,0,2
1699,54011,16,Pad,1,17,Married,4,Male,3,4,4,Mobile Phone,5,3,0,2
1700,54445,1,Pad,1,18,Married,4,Male,3,4,4,Laptop & Accessory,3,5,1,2
1701,55325,14,Mobile Phone,1,23,Single,4,Female,3,4,4,Fashion,8,1,1,4
1702,55354,12,Pad,1,9,Single,5,Female,3,4,4,Mobile Phone,3,4,0,1
1703,55481,16,Pad,1,17,Married,4,Male,3,4,4,Mobile Phone,5,3,0,4
1704,50278,3,Mobile Phone,3,18,Single,3,Female,2,4,4,Laptop & Accessory,1,3,0,3
1705,51748,3,Mobile Phone,3,18,Single,3,Female,2,4,4,Laptop & Accessory,1,3,0,3
1706,54088,28,Mobile Phone,1,16,Married,4,Female,4,3,4,Laptop & Accessory,5,3,0,1
1707,55558,28,Mobile Phone,1,16,Married,4,Female,4,3,4,Laptop & Accessory,5,3,0,2
1708,51315,9,Mobile Phone,3,9,Married,4,Female,3,3,4,Fashion,1,1,0,3
1709,52785,9,Mobile Phone,3,9,Married,4,Female,3,3,4,Fashion,1,1,0,2
1710,53244,14,PC,1,9,Single,5,Female,3,3,4,Mobile Phone,2,2,1,3
1711,53308,18,Mobile Phone,1,11,Single,4,Male,3,3,4,Laptop & Accessory,11,4,0,2
1712,54073,5,Pad,1,10,Married,4,Male,3,3,4,Mobile Phone,3,5,1,1
1713,54714,14,PC,1,9,Single,5,Female,3,3,4,Mobile Phone,2,1,1,1
1714,54778,18,Mobile Phone,1,11,Single,4,Male,3,3,4,Laptop & Accessory,11,4,0,2
1715,55543,5,Pad,1,10,Married,4,Male,3,3,4,Mobile Phone,3,5,1,3
1716,51986,3,Pad,1,10,Married,4,Male,2,3,4,Household,1,1,0,2
1717,50516,3,Pad,1,10,Divorced,4,Male,0,3,4,Household,1,2,0,2
1718,54352,1,PC,1,16,Single,4,Female,5,2,4,Mobile Phone,3,4,0,1
1719,52951,6,Pad,1,14,Divorced,3,Male,4,2,4,Mobile Phone,3,4,0,1
1720,53055,11,Mobile Phone,1,17,Divorced,4,Female,4,2,4,Mobile Phone,8,5,0,2
1721,53071,1,Mobile Phone,3,17,Married,4,Female,4,2,4,Laptop & Accessory,3,3,1,1
1722,53152,9,Mobile Phone,3,7,Single,4,Female,4,2,4,Laptop & Accessory,3,3,0,1
1723,53176,1,PC,1,13,Married,5,Female,4,2,4,Mobile Phone,2,3,0,2
1724,53265,8,Mobile Phone,1,7,Single,2,Female,4,2,4,Mobile Phone,4,2,0,1
1725,53297,8,Pad,1,23,Single,5,Female,4,2,4,Mobile Phone,3,2,0,2
1726,53313,6,Mobile Phone,3,20,Married,4,Male,4,2,4,Laptop & Accessory,4,2,0,1
1727,53314,4,Pad,1,12,Married,5,Male,4,2,4,Mobile Phone,11,2,0,1
1728,53317,6,Mobile Phone,1,15,Divorced,2,Female,4,2,4,Laptop & Accessory,7,3,0,2
1729,53324,13,PC,2,15,Divorced,5,Male,4,2,4,Mobile Phone,2,5,0,2
1730,53325,1,Mobile Phone,3,10,Divorced,4,Male,4,2,4,Laptop & Accessory,3,5,1,2
1731,53334,16,Mobile Phone,1,10,Divorced,2,Female,4,2,4,Laptop & Accessory,4,2,1,1
1732,53348,3,Mobile Phone,1,14,Married,5,Female,4,2,4,Mobile Phone,8,2,0,2
1733,53363,16,Mobile Phone,3,21,Single,5,Female,4,2,4,Laptop & Accessory,9,3,0,1
1734,53417,5,Pad,1,7,Divorced,4,Female,4,2,4,Laptop & Accessory,3,5,0,2
1735,53460,1,Pad,1,7,Married,5,Female,4,2,4,Mobile Phone,3,3,0,2
1736,53463,33,Pad,1,16,Divorced,4,Female,4,2,4,Mobile Phone,4,3,0,1
1737,53507,13,Pad,1,16,Single,4,Male,4,2,4,Laptop & Accessory,22,4,0,2
1738,53525,8,Mobile Phone,3,16,Divorced,4,Female,4,2,4,Laptop & Accessory,3,3,0,2
1739,53550,3,PC,1,22,Divorced,6,Female,4,2,4,Mobile Phone,2,2,1,2
1740,53556,4,Mobile Phone,3,36,Married,4,Male,4,2,4,Laptop & Accessory,10,5,0,2
1741,53569,16,Pad,2,9,Divorced,2,Male,4,2,4,Laptop & Accessory,9,5,0,1
1742,53593,1,Mobile Phone,1,11,Married,4,Male,4,2,4,Mobile Phone,3,3,0,2
1743,53706,8,Pad,1,7,Married,4,Male,4,2,4,Mobile Phone,7,5,0,2
1744,53783,19,PC,1,35,Married,4,Male,4,2,4,Mobile Phone,6,1,0,2
1745,53871,13,PC,1,14,Single,4,Male,4,2,4,Mobile Phone,4,4,0,1
1746,53918,5,Mobile Phone,1,9,Married,4,Male,4,2,4,Mobile Phone,3,3,0,1
1747,53993,9,Mobile Phone,1,30,Married,6,Male,4,2,4,Mobile Phone,2,3,0,2
1748,53999,12,Mobile Phone,3,9,Married,6,Female,4,2,4,Laptop & Accessory,4,1,1,1
1749,54067,12,Mobile Phone,1,16,Married,4,Male,4,2,4,Mobile Phone,4,1,0,2
1750,54181,1,Pad,1,18,Married,2,Female,4,2,4,Laptop & Accessory,2,3,0,1
1751,54213,18,Mobile Phone,3,7,Married,4,Female,4,2,4,Laptop & Accessory,7,5,1,2
1752,54227,13,Pad,1,18,Single,5,Male,4,2,4,Laptop & Accessory,3,4,0,2
1753,54245,8,Mobile Phone,1,7,Married,4,Male,4,2,4,Laptop & Accessory,3,4,0,2
1754,54248,25,PC,1,16,Married,4,Male,4,2,4,Mobile Phone,5,1,0,2
1755,54421,6,Pad,1,14,Married,2,Male,4,2,4,Mobile Phone,3,4,0,1
1756,54525,11,Mobile Phone,1,17,Married,4,Female,4,2,4,Mobile Phone,8,5,0,2
1757,54541,1,Mobile Phone,3,17,Married,4,Female,4,2,4,Laptop & Accessory,3,3,1,1
1758,54558,1,Mobile Phone,3,11,Single,5,Female,4,2,4,Laptop & Accessory,3,1,1,1
1759,54622,9,Mobile Phone,3,7,Single,4,Female,4,2,4,Laptop & Accessory,3,3,0,2
1760,54646,1,PC,1,13,Married,5,Female,4,2,4,Mobile Phone,2,3,0,1
1761,54735,8,Mobile Phone,1,7,Single,2,Female,4,2,4,Mobile Phone,4,1,0,2
1762,54767,8,Pad,1,23,Single,5,Female,4,2,4,Mobile Phone,3,1,0,2
1763,54783,6,Mobile Phone,3,20,Married,4,Male,4,2,4,Laptop & Accessory,4,1,0,1
1764,54784,4,Pad,1,12,Married,5,Male,4,2,4,Mobile Phone,11,1,0,1
1765,54787,6,Mobile Phone,1,15,Married,2,Female,4,2,4,Laptop & Accessory,7,3,0,2
1766,54794,13,PC,2,15,Married,5,Male,4,2,4,Mobile Phone,2,5,0,1
1767,54795,1,Mobile Phone,3,10,Married,4,Male,4,2,4,Laptop & Accessory,3,5,1,1
1768,54804,16,Mobile Phone,1,10,Married,2,Female,4,2,4,Laptop & Accessory,4,1,1,2
1769,54818,3,Mobile Phone,1,14,Married,5,Female,4,2,4,Mobile Phone,8,1,0,2
1770,54833,16,Mobile Phone,3,21,Single,5,Female,4,2,4,Laptop & Accessory,9,3,0,2
1771,54887,5,Pad,1,7,Married,4,Female,4,2,4,Laptop & Accessory,3,5,0,2
1772,54930,1,Pad,1,7,Married,5,Female,4,2,4,Mobile Phone,3,3,0,1
1773,54933,33,Pad,1,16,Married,4,Female,4,2,4,Mobile Phone,4,3,0,2
1774,54977,13,Pad,1,16,Single,4,Male,4,2,4,Laptop & Accessory,11,4,0,2
1775,54995,8,Mobile Phone,3,16,Married,4,Female,4,2,4,Laptop & Accessory,3,3,0,1
1776,55020,3,PC,1,22,Married,6,Female,4,2,4,Mobile Phone,2,1,1,2
1777,55026,4,Mobile Phone,3,36,Married,4,Male,4,2,4,Laptop & Accessory,10,5,0,2
1778,55039,16,Pad,2,9,Married,2,Male,4,2,4,Laptop & Accessory,9,5,0,2
1779,55063,1,Mobile Phone,1,11,Married,4,Male,4,2,4,Mobile Phone,3,3,0,2
1780,55176,8,Pad,1,8,Married,4,Male,4,2,4,Mobile Phone,7,5,0,2
1781,55253,19,PC,1,35,Married,4,Male,4,2,4,Mobile Phone,6,1,0,2
1782,55341,13,PC,1,14,Single,4,Male,4,2,4,Mobile Phone,4,4,0,1
1783,55388,5,Mobile Phone,1,9,Married,4,Male,4,2,4,Mobile Phone,3,3,0,2
1784,55463,9,Mobile Phone,1,30,Married,6,Male,4,2,4,Mobile Phone,2,3,0,1
1785,55469,12,Mobile Phone,3,9,Married,6,Female,4,2,4,Laptop & Accessory,4,1,1,1
1786,55537,12,Mobile Phone,1,16,Married,4,Male,4,2,4,Mobile Phone,4,1,0,1
1787,52875,27,Mobile Phone,1,20,Married,3,Female,3,2,4,Laptop & Accessory,3,5,0,2
1788,52882,1,PC,1,16,Single,4,Female,3,2,4,Mobile Phone,3,4,0,2
1789,53000,5,Mobile Phone,1,12,Divorced,4,Male,3,2,4,Mobile Phone,2,2,1,1
1790,53023,28,Pad,1,27,Single,4,Female,3,2,4,Laptop & Accessory,5,3,0,2
1791,53078,14,Mobile Phone,3,9,Married,4,Female,3,2,4,Laptop & Accessory,9,4,0,1
1792,53088,1,Mobile Phone,3,11,Single,5,Female,3,2,4,Laptop & Accessory,3,2,1,1
1793,53172,8,Mobile Phone,1,7,Divorced,5,Male,3,2,4,Mobile Phone,3,2,1,1
1794,53270,8,Mobile Phone,1,9,Single,5,Female,3,2,4,Mobile Phone,3,5,0,2
1795,53329,1,Mobile Phone,3,11,Divorced,5,Male,3,2,4,Laptop & Accessory,3,5,0,2
1796,53346,7,PC,2,10,Married,4,Male,3,2,4,Mobile Phone,5,4,1,1
1797,53394,12,Pad,3,17,Single,4,Female,3,2,4,Laptop & Accessory,3,2,1,1
1798,53424,1,Mobile Phone,1,9,Divorced,2,Male,3,2,4,Laptop & Accessory,3,2,0,2
1799,53472,1,Mobile Phone,1,7,Divorced,5,Male,3,2,4,Mobile Phone,3,5,0,1
1800,53523,11,Mobile Phone,1,32,Married,5,Female,3,2,4,Laptop & Accessory,9,2,0,1
1801,53575,14,Mobile Phone,3,17,Married,5,Female,3,2,4,Laptop & Accessory,9,4,0,2
1802,53658,14,PC,1,7,Divorced,4,Male,3,2,4,Mobile Phone,5,4,0,2
1803,53673,12,Pad,1,14,Married,2,Male,3,2,4,Mobile Phone,3,3,0,1
1804,53680,11,Mobile Phone,1,11,Divorced,4,Male,3,2,4,Mobile Phone,9,3,1,2
1805,53713,11,Pad,1,12,Single,2,Male,3,2,4,Mobile Phone,2,3,0,2
1806,53716,1,Mobile Phone,3,11,Divorced,4,Female,3,2,4,Laptop & Accessory,3,3,1,2
1807,53719,15,PC,1,12,Divorced,2,Male,3,2,4,Mobile Phone,4,3,1,2
1808,53733,18,Pad,1,12,Single,5,Male,3,2,4,Mobile Phone,5,3,0,1
1809,53737,18,Mobile Phone,1,27,Single,4,Male,3,2,4,Mobile Phone,3,4,0,2
1810,53738,7,Pad,3,14,Divorced,4,Male,3,2,4,Laptop & Accessory,2,5,0,1
1811,53755,4,PC,2,7,Married,4,Male,3,2,4,Mobile Phone,2,3,0,1
1812,53761,2,Pad,3,14,Single,4,Male,3,2,4,Laptop & Accessory,2,5,0,2
1813,53828,1,Pad,1,33,Married,5,Female,3,2,4,Mobile Phone,3,3,1,1
1814,53835,5,Pad,3,9,Single,4,Male,3,2,4,Laptop & Accessory,9,5,0,1
1815,53859,1,Pad,1,9,Single,4,Female,3,2,4,Mobile Phone,3,1,1,2
1816,53917,6,Pad,1,17,Married,4,Male,3,2,4,Mobile Phone,8,3,0,1
1817,53967,11,Mobile Phone,3,16,Married,5,Male,3,2,4,Laptop & Accessory,3,4,0,1
1818,53974,2,PC,1,7,Married,4,Male,3,2,4,Mobile Phone,3,1,0,1
1819,53990,14,Mobile Phone,1,7,Married,4,Female,3,2,4,Laptop & Accessory,6,1,0,1
1820,54046,13,Mobile Phone,3,24,Married,5,Male,3,2,4,Laptop & Accessory,4,4,0,2
1821,54053,19,Pad,1,7,Single,4,Male,3,2,4,Laptop & Accessory,6,3,0,2
1822,54150,3,Mobile Phone,1,20,Married,5,Male,3,2,4,Laptop & Accessory,6,4,1,2
1823,54156,13,Pad,1,30,Married,2,Male,3,2,4,Laptop & Accessory,6,1,0,1
1824,54158,1,Mobile Phone,1,11,Married,2,Male,3,2,4,Laptop & Accessory,3,4,1,2
1825,54171,9,PC,1,23,Married,2,Male,3,2,4,Mobile Phone,2,4,0,2
1826,54192,18,Mobile Phone,1,17,Married,4,Male,3,2,4,Laptop & Accessory,4,1,1,1
1827,54200,7,Pad,3,7,Married,2,Female,3,2,4,Laptop & Accessory,4,5,0,1
1828,54231,31,Pad,3,7,Single,5,Female,3,2,4,Laptop & Accessory,9,3,0,2
1829,54276,11,Mobile Phone,3,10,Single,4,Male,3,2,4,Fashion,4,1,0,1
1830,54302,19,Mobile Phone,1,36,Single,4,Male,3,2,4,Mobile Phone,7,1,0,2
1831,54345,27,Mobile Phone,1,20,Married,2,Female,3,2,4,Laptop & Accessory,3,5,0,2
1832,54470,5,Mobile Phone,1,12,Married,4,Male,3,2,4,Mobile Phone,2,1,1,2
1833,54493,28,Pad,1,27,Single,4,Female,3,2,4,Laptop & Accessory,5,3,0,1
1834,54548,14,Mobile Phone,3,9,Married,4,Female,3,2,4,Laptop & Accessory,9,4,0,1
1835,54642,8,Mobile Phone,1,7,Married,5,Male,3,2,4,Mobile Phone,3,1,1,2
1836,54740,8,Mobile Phone,1,9,Single,5,Female,3,2,4,Mobile Phone,3,5,0,2
1837,54799,1,Mobile Phone,3,11,Married,5,Male,3,2,4,Laptop & Accessory,3,5,0,2
1838,54816,7,PC,2,10,Married,4,Male,3,2,4,Mobile Phone,5,4,1,1
1839,54864,12,Pad,3,17,Single,4,Female,3,2,4,Laptop & Accessory,3,1,1,2
1840,54894,1,Mobile Phone,1,9,Married,2,Male,3,2,4,Laptop & Accessory,3,1,0,2
1841,54942,1,Mobile Phone,1,7,Married,5,Male,3,2,4,Mobile Phone,3,5,0,2
1842,54993,11,Mobile Phone,1,32,Married,5,Female,3,2,4,Laptop & Accessory,9,1,0,2
1843,55045,14,Mobile Phone,3,17,Married,5,Female,3,2,4,Laptop & Accessory,9,4,0,2
1844,55128,14,PC,1,8,Married,4,Male,3,2,4,Mobile Phone,5,4,0,2
1845,55143,12,Pad,1,14,Married,2,Male,3,2,4,Mobile Phone,3,3,0,1
1846,55150,11,Mobile Phone,1,11,Married,4,Male,3,2,4,Mobile Phone,9,3,1,2
1847,55183,11,Pad,1,12,Single,2,Male,3,2,4,Mobile Phone,2,3,0,1
1848,55186,1,Mobile Phone,3,11,Married,4,Female,3,2,4,Laptop & Accessory,3,3,1,2
1849,55189,15,PC,1,12,Married,2,Male,3,2,4,Mobile Phone,4,3,1,1
1850,55203,18,Pad,1,12,Single,5,Male,3,2,4,Mobile Phone,5,3,0,1
1851,55207,18,Mobile Phone,1,27,Single,4,Male,3,2,4,Mobile Phone,3,4,0,2
1852,55208,7,Pad,3,14,Married,4,Male,3,2,4,Laptop & Accessory,2,5,0,2
1853,55225,4,PC,2,8,Married,4,Male,3,2,4,Mobile Phone,2,3,0,1
1854,55231,2,Pad,3,14,Single,4,Male,3,2,4,Laptop & Accessory,2,5,0,2
1855,55298,1,Pad,1,33,Married,5,Female,3,2,4,Mobile Phone,3,3,1,2
1856,55305,5,Pad,3,9,Single,4,Male,3,2,4,Laptop & Accessory,9,5,0,2
1857,55329,1,Pad,1,9,Single,4,Female,3,2,4,Mobile Phone,3,1,1,1
1858,55387,6,Pad,1,17,Married,4,Male,3,2,4,Mobile Phone,8,3,0,1
1859,55437,11,Mobile Phone,3,16,Married,5,Male,3,2,4,Laptop & Accessory,3,4,0,2
1860,55444,2,PC,1,8,Married,4,Male,3,2,4,Mobile Phone,3,1,0,1
1861,55460,14,Mobile Phone,1,8,Married,4,Female,3,2,4,Laptop & Accessory,6,1,0,1
1862,55516,13,Mobile Phone,3,24,Married,5,Male,3,2,4,Laptop & Accessory,4,4,0,2
1863,55523,19,Pad,1,8,Single,4,Male,3,2,4,Laptop & Accessory,6,3,0,1
1864,55620,3,Mobile Phone,1,20,Married,5,Male,3,2,4,Laptop & Accessory,6,4,1,1
1865,55626,13,Pad,1,30,Married,2,Male,3,2,4,Laptop & Accessory,6,1,0,1
1866,55628,1,Mobile Phone,1,11,Married,2,Male,3,2,4,Laptop & Accessory,3,4,1,1
1867,52865,19,Mobile Phone,3,11,Married,4,Female,2,2,4,Laptop & Accessory,6,5,1,1
1868,54335,19,Mobile Phone,3,11,Married,4,Female,2,2,4,Laptop & Accessory,6,5,1,1
1869,50148,7,PC,1,15,Divorced,3,Male,3,1,4,Household,2,2,0,1
1870,50196,3,PC,3,8,Single,3,Male,3,1,4,Laptop & Accessory,2,3,1,1
1871,50207,3,Pad,3,6,Divorced,3,Male,3,1,4,Laptop & Accessory,1,4,1,0
1872,50216,13,Mobile Phone,1,11,Married,3,Male,3,1,4,Laptop & Accessory,8,2,0,0
1873,50304,23,Mobile Phone,1,8,Married,3,Female,3,1,4,Laptop & Accessory,6,2,0,0
1874,50351,3,Mobile Phone,3,34,Divorced,3,Male,3,1,4,Laptop & Accessory,2,4,0,1
1875,50397,3,Pad,3,9,Married,2,Female,3,1,4,Laptop & Accessory,2,2,1,1
1876,50451,27,Mobile Phone,1,25,Married,3,Female,3,1,4,Laptop & Accessory,10,5,1,0
1877,50505,1,PC,2,14,Married,4,Male,3,1,4,Mobile Phone,2,2,0,0
1878,50695,1,PC,1,8,Divorced,4,Male,3,1,4,Household,1,4,0,0
1879,50711,8,PC,2,14,Single,3,Male,3,1,4,Mobile Phone,2,3,0,0
1880,50720,3,Mobile Phone,3,16,Divorced,4,Male,3,1,4,Laptop & Accessory,2,3,0,1
1881,50893,7,PC,1,17,Divorced,3,Male,3,1,4,Household,1,5,0,1
1882,50939,2,Mobile Phone,3,25,Married,4,Male,3,1,4,Laptop & Accessory,2,3,0,1
1883,51059,9,Mobile Phone,1,9,Married,1,Male,3,1,4,Laptop & Accessory,7,5,0,1
1884,51065,6,Mobile Phone,3,8,Married,3,Male,3,1,4,Laptop & Accessory,2,1,0,1
1885,51091,8,Pad,1,8,Single,4,Male,3,1,4,Mobile Phone,1,1,1,1
1886,51093,3,PC,1,15,Married,1,Male,3,1,4,Mobile Phone,2,3,0,0
1887,51124,3,PC,1,14,Single,3,Female,3,1,4,Household,2,1,0,1
1888,51130,22,PC,3,17,Single,3,Female,3,1,4,Laptop & Accessory,4,1,0,0
1889,51142,7,PC,1,15,Married,3,Male,3,1,4,Household,2,5,0,1
1890,51220,13,PC,1,13,Married,3,Male,3,1,4,Laptop & Accessory,6,5,1,0
1891,51256,8,Mobile Phone,3,24,Married,3,Male,3,1,4,Laptop & Accessory,1,5,0,0
1892,51282,27,PC,1,16,Single,3,Female,3,1,4,Laptop & Accessory,7,5,1,0
1893,51284,3,PC,1,14,Single,3,Male,3,1,4,Household,2,1,0,1
1894,51336,2,PC,1,34,Single,4,Female,3,1,4,Mobile Phone,2,5,0,0
1895,51381,16,PC,1,14,Married,1,Female,3,1,4,Household,2,3,0,1
1896,51489,3,PC,1,14,Single,3,Female,3,1,4,Household,2,3,0,1
1897,51494,7,PC,1,15,Married,3,Male,3,1,4,Household,3,5,0,0
1898,51618,7,PC,1,15,Married,3,Male,3,1,4,Household,2,1,0,1
1899,51666,3,PC,3,8,Single,3,Male,3,1,4,Laptop & Accessory,2,3,1,0
1900,51677,3,Pad,3,6,Married,3,Male,3,1,4,Laptop & Accessory,1,4,1,0
1901,51686,13,Mobile Phone,1,11,Married,3,Male,3,1,4,Laptop & Accessory,8,1,0,1
1902,51774,23,Mobile Phone,1,8,Married,3,Female,3,1,4,Laptop & Accessory,6,1,0,0
1903,51821,3,Mobile Phone,3,34,Married,3,Male,3,1,4,Laptop & Accessory,2,4,0,0
1904,51867,3,Pad,3,9,Married,1,Female,3,1,4,Laptop & Accessory,2,1,1,1
1905,51921,27,Mobile Phone,1,25,Married,3,Female,3,1,4,Laptop & Accessory,10,5,1,0
1906,51975,1,PC,2,14,Married,4,Male,3,1,4,Mobile Phone,2,1,0,1
1907,52165,1,PC,1,8,Married,4,Male,3,1,4,Household,1,4,0,0
1908,52181,8,PC,2,14,Single,3,Male,3,1,4,Mobile Phone,2,3,0,0
1909,52190,3,Mobile Phone,3,16,Married,4,Male,3,1,4,Laptop & Accessory,2,3,0,0
1910,52209,6,PC,2,8,Married,3,Male,3,1,4,Mobile Phone,2,3,0,1
1911,52363,7,PC,1,17,Married,3,Male,3,1,4,Household,1,5,0,1
1912,52409,2,Mobile Phone,3,25,Married,4,Male,3,1,4,Laptop & Accessory,2,3,0,1
1913,52529,9,Mobile Phone,1,9,Married,1,Male,3,1,4,Laptop & Accessory,7,5,0,0
1914,52535,6,Mobile Phone,3,8,Married,3,Male,3,1,4,Laptop & Accessory,2,1,0,1
1915,52561,8,Pad,1,8,Single,4,Male,3,1,4,Mobile Phone,1,1,1,1
1916,52563,3,PC,1,15,Married,1,Male,3,1,4,Mobile Phone,2,3,0,0
1917,52594,3,PC,1,14,Single,3,Female,3,1,4,Household,2,1,0,0
1918,52600,22,PC,3,17,Single,3,Female,3,1,4,Laptop & Accessory,4,1,0,0
1919,52612,7,PC,1,15,Married,3,Male,3,1,4,Household,2,5,0,0
1920,52690,13,PC,1,13,Married,3,Male,3,1,4,Laptop & Accessory,6,5,1,0
1921,52726,8,Mobile Phone,3,24,Married,3,Male,3,1,4,Laptop & Accessory,1,5,0,1
1922,52752,27,PC,1,16,Single,3,Female,3,1,4,Laptop & Accessory,7,5,1,0
1923,52754,3,PC,1,14,Single,3,Male,3,1,4,Household,2,1,0,1
1924,52806,2,PC,1,34,Single,4,Female,3,1,4,Mobile Phone,2,5,0,0
1925,50039,33,Mobile Phone,1,30,Married,2,Male,2,1,4,Fashion,4,2,1,1
1926,50100,4,Pad,1,6,Divorced,5,Male,2,1,4,Laptop & Accessory,1,3,0,1
1927,50138,7,PC,1,8,Single,4,Male,2,1,4,Laptop & Accessory,5,5,0,0
1928,50154,3,Pad,1,6,Married,3,Female,2,1,4,Laptop & Accessory,2,4,0,0
1929,50249,3,PC,1,6,Married,3,Male,2,1,4,Mobile Phone,2,4,0,0
1930,50282,25,Mobile Phone,1,9,Divorced,4,Male,2,1,4,Fashion,3,3,1,0
1931,50289,15,Pad,1,34,Divorced,4,Female,2,1,4,Laptop & Accessory,1,2,0,0
1932,50295,7,Pad,1,9,Divorced,3,Male,2,1,4,Household,5,2,0,0
1933,50419,17,Pad,1,30,Single,5,Male,2,1,4,Mobile Phone,3,3,0,0
1934,50439,3,Mobile Phone,3,32,Single,3,Female,2,1,4,Laptop & Accessory,2,2,0,0
1935,50443,7,Mobile Phone,3,8,Single,3,Male,2,1,4,Laptop & Accessory,2,2,0,0
1936,50475,7,PC,2,19,Divorced,3,Male,2,1,4,Household,4,4,0,1
1937,50530,12,Mobile Phone,2,8,Divorced,4,Female,2,1,4,Laptop & Accessory,9,2,0,0
1938,50550,33,Mobile Phone,1,11,Married,4,Female,2,1,4,Fashion,3,4,1,1
1939,50570,6,Mobile Phone,1,6,Single,4,Female,2,1,4,Laptop & Accessory,1,2,0,0
1940,50635,7,PC,2,30,Single,3,Male,2,1,4,Household,2,4,0,0
1941,50670,7,Pad,1,9,Single,3,Male,2,1,4,Laptop & Accessory,1,2,0,1
1942,50739,6,PC,2,8,Divorced,3,Male,2,1,4,Mobile Phone,2,3,0,0
1943,50753,19,Mobile Phone,1,8,Married,3,Male,2,1,4,Laptop & Accessory,3,2,0,1
1944,50766,27,Pad,1,6,Married,3,Female,2,1,4,Fashion,8,3,0,1
1945,50860,1,PC,3,32,Divorced,4,Male,2,1,4,Laptop & Accessory,2,5,0,1
1946,50862,12,Mobile Phone,3,27,Divorced,4,Male,2,1,4,Laptop & Accessory,4,2,1,0
1947,50999,8,Mobile Phone,1,16,Single,3,Female,2,1,4,Laptop & Accessory,4,3,1,1
1948,51018,18,Mobile Phone,1,11,Single,5,Female,2,1,4,Laptop & Accessory,2,5,1,1
1949,51023,22,PC,1,31,Married,3,Female,2,1,4,Household,2,5,0,0
1950,51048,2,Mobile Phone,3,16,Single,4,Male,2,1,4,Laptop & Accessory,10,3,0,1
1951,51148,11,PC,1,12,Married,4,Female,2,1,4,Mobile Phone,2,3,0,0
1952,51232,14,PC,3,14,Married,3,Female,2,1,4,Laptop & Accessory,6,4,0,1
1953,51234,4,Mobile Phone,3,16,Married,3,Female,2,1,4,Laptop & Accessory,3,1,1,0
1954,51257,7,Pad,1,22,Single,3,Male,2,1,4,Household,2,3,0,0
1955,51309,3,PC,3,14,Married,3,Female,2,1,4,Laptop & Accessory,1,3,1,1
1956,51324,14,Mobile Phone,3,9,Married,4,Male,2,1,4,Laptop & Accessory,3,4,0,0
1957,51443,1,Pad,3,10,Married,3,Male,2,1,4,Laptop & Accessory,2,3,0,0
1958,51509,33,Mobile Phone,1,30,Married,1,Male,2,1,4,Fashion,4,1,1,1
1959,51570,4,Pad,1,6,Married,5,Male,2,1,4,Laptop & Accessory,1,3,0,0
1960,51608,7,PC,1,8,Single,4,Male,2,1,4,Laptop & Accessory,5,5,0,0
1961,51624,3,Pad,1,6,Married,3,Female,2,1,4,Laptop & Accessory,2,4,0,1
1962,51719,3,PC,1,6,Married,3,Male,2,1,4,Mobile Phone,2,4,0,0
1963,51752,25,Mobile Phone,1,9,Married,4,Male,2,1,4,Fashion,3,3,1,1
1964,51759,15,Pad,1,34,Married,4,Female,2,1,4,Laptop & Accessory,1,1,0,0
1965,51765,7,Pad,1,9,Married,3,Male,2,1,4,Household,5,1,0,1
1966,51889,17,Pad,1,30,Single,5,Male,2,1,4,Mobile Phone,3,3,0,0
1967,51909,3,Mobile Phone,3,32,Single,3,Female,2,1,4,Laptop & Accessory,2,1,0,0
1968,51913,7,Mobile Phone,3,8,Single,3,Male,2,1,4,Laptop & Accessory,2,1,0,0
1969,51945,7,PC,2,19,Married,3,Male,2,1,4,Household,5,4,0,1
1970,52000,12,Mobile Phone,2,8,Married,4,Female,2,1,4,Laptop & Accessory,9,1,0,1
1971,52020,33,Mobile Phone,1,11,Married,4,Female,2,1,4,Fashion,3,4,1,1
1972,52040,6,Mobile Phone,1,6,Single,4,Female,2,1,4,Laptop & Accessory,1,1,0,1
1973,52105,7,PC,2,30,Single,3,Male,2,1,4,Household,2,4,0,0
1974,52140,7,Pad,1,9,Single,3,Male,2,1,4,Laptop & Accessory,1,1,0,1
1975,52223,19,Mobile Phone,1,8,Married,3,Male,2,1,4,Laptop & Accessory,3,1,0,0
1976,52236,27,Pad,1,7,Married,3,Female,2,1,4,Fashion,8,3,0,0
1977,52330,1,PC,3,32,Married,4,Male,2,1,4,Laptop & Accessory,2,5,0,1
1978,52332,12,Mobile Phone,3,27,Married,4,Male,2,1,4,Laptop & Accessory,4,1,1,0
1979,52469,8,Mobile Phone,1,16,Single,3,Female,2,1,4,Laptop & Accessory,4,3,1,0
1980,52488,18,Mobile Phone,1,11,Single,5,Female,2,1,4,Laptop & Accessory,2,5,1,0
1981,52493,22,PC,1,31,Married,3,Female,2,1,4,Household,2,5,0,1
1982,52518,2,Mobile Phone,3,16,Single,4,Male,2,1,4,Laptop & Accessory,10,3,0,1
1983,52618,11,PC,1,12,Married,4,Female,2,1,4,Mobile Phone,2,3,0,1
1984,52702,14,PC,3,14,Married,3,Female,2,1,4,Laptop & Accessory,6,4,0,0
1985,52704,4,Mobile Phone,3,16,Married,3,Female,2,1,4,Laptop & Accessory,3,1,1,1
1986,52727,7,Pad,1,22,Single,3,Male,2,1,4,Household,2,3,0,0
1987,52779,3,PC,3,14,Married,3,Female,2,1,4,Laptop & Accessory,1,3,1,0
1988,52794,14,Mobile Phone,3,9,Married,4,Male,2,1,4,Laptop & Accessory,3,4,0,1
1989,51115,4,Pad,1,30,Single,3,Female,1,1,4,Laptop & Accessory,3,1,0,1
1990,52585,4,Pad,1,30,Single,3,Female,1,1,4,Laptop & Accessory,3,1,0,0
1991,50045,5,PC,1,12,Single,3,Male,0,1,4,Household,4,3,0,0
1992,50350,3,PC,1,29,Divorced,2,Male,0,1,4,Household,2,2,1,0
1993,50463,25,PC,1,17,Divorced,3,Female,0,1,4,Laptop & Accessory,9,3,0,1
1994,50876,25,PC,1,14,Divorced,3,Female,0,1,4,Household,10,5,0,1
1995,51139,15,PC,1,18,Married,3,Male,0,1,4,Household,9,4,0,1
1996,51212,28,PC,1,8,Married,4,Male,0,1,4,Household,9,1,0,0
1997,51417,2,PC,1,8,Married,3,Male,0,1,4,Household,1,4,0,1
1998,51427,8,PC,1,6,Single,4,Male,0,1,4,Household,2,3,0,1
1999,51515,5,PC,1,12,Single,3,Male,0,1,4,Household,4,3,0,0
2000,51820,3,PC,1,29,Married,1,Male,0,1,4,Household,2,1,1,0
2001,51933,25,PC,1,17,Married,3,Female,0,1,4,Laptop & Accessory,9,3,0,1
2002,52346,25,PC,1,14,Married,3,Female,0,1,4,Household,10,5,0,1
2003,52609,15,PC,1,18,Married,3,Male,0,1,4,Household,9,4,0,1
2004,52682,28,PC,1,8,Married,4,Male,0,1,4,Household,9,1,0,1
2005,50484,18,Mobile Phone,3,8,Single,3,Male,2,7,3,Laptop & Accessory,5,2,0,4
2006,51954,18,Mobile Phone,3,8,Single,3,Male,2,7,3,Laptop & Accessory,5,1,0,3
2007,53672,1,Pad,3,25,Divorced,4,Female,4,4,3,Laptop & Accessory,2,3,1,4
2008,55142,1,Pad,3,25,Married,4,Female,4,4,3,Laptop & Accessory,2,3,1,1
2009,50020,19,Mobile Phone,1,20,Divorced,3,Female,3,4,3,Mobile Phone,10,4,1,1
2010,51468,19,Mobile Phone,1,20,Married,3,Female,3,4,3,Mobile Phone,10,4,1,3
2011,50907,9,Mobile Phone,3,15,Married,3,Male,2,4,3,Fashion,5,1,0,3
2012,52377,9,Mobile Phone,3,15,Married,3,Male,2,4,3,Fashion,5,1,0,4
2013,52839,1,Mobile Phone,3,27,Divorced,6,Female,4,3,3,Laptop & Accessory,5,3,1,2
2014,53360,3,PC,1,13,Divorced,4,Male,4,3,3,Mobile Phone,9,5,1,2
2015,53439,1,Pad,3,36,Single,6,Male,4,3,3,Laptop & Accessory,10,5,0,1
2016,53522,1,Pad,1,22,Divorced,4,Male,4,3,3,Mobile Phone,3,3,0,3
2017,53712,1,Mobile Phone,3,16,Divorced,5,Male,4,3,3,Mobile Phone,5,5,0,2
2018,53727,1,Pad,1,9,Divorced,4,Male,4,3,3,Mobile Phone,8,1,1,3
2019,53927,1,Mobile Phone,3,20,Married,5,Male,4,3,3,Laptop & Accessory,7,5,1,3
2020,54293,1,Mobile Phone,3,27,Married,6,Female,4,3,3,Laptop & Accessory,5,3,1,1
2021,54830,3,PC,1,13,Married,4,Male,4,3,3,Mobile Phone,9,5,1,2
2022,54909,1,Pad,3,36,Single,6,Male,4,3,3,Laptop & Accessory,10,5,0,2
2023,54992,1,Pad,1,22,Married,4,Male,4,3,3,Mobile Phone,3,3,0,2
2024,55182,1,Mobile Phone,3,16,Married,5,Male,4,3,3,Mobile Phone,5,5,0,3
2025,55197,1,Pad,1,9,Married,4,Male,4,3,3,Mobile Phone,8,1,1,1
2026,55397,1,Mobile Phone,3,20,Married,5,Male,4,3,3,Laptop & Accessory,7,5,1,2
2027,52828,1,Mobile Phone,1,12,Single,4,Male,3,3,3,Mobile Phone,3,3,1,3
2028,53014,1,Mobile Phone,1,9,Divorced,6,Male,3,3,3,Mobile Phone,7,2,1,3
2029,53238,6,Pad,1,26,Married,3,Male,3,3,3,Mobile Phone,8,3,1,3
2030,53489,1,PC,1,32,Single,5,Male,3,3,3,Mobile Phone,6,4,1,1
2031,53606,1,Pad,1,17,Single,5,Female,3,3,3,Mobile Phone,3,3,0,3
2032,53643,1,Pad,3,7,Single,4,Female,3,3,3,Mobile Phone,3,4,1,2
2033,53730,1,Mobile Phone,2,16,Divorced,4,Female,3,3,3,Mobile Phone,3,3,0,2
2034,53858,1,Mobile Phone,3,22,Married,6,Male,3,3,3,Laptop & Accessory,8,1,1,2
2035,53940,1,Mobile Phone,3,16,Single,6,Female,3,3,3,Mobile Phone,3,4,0,2
2036,54133,1,Mobile Phone,1,7,Married,4,Male,3,3,3,Mobile Phone,11,1,1,3
2037,54212,1,Mobile Phone,1,12,Single,4,Male,3,3,3,Mobile Phone,3,3,1,1
2038,54484,1,Mobile Phone,1,9,Married,6,Male,3,3,3,Mobile Phone,7,1,1,2
2039,54708,6,Pad,1,26,Married,2,Male,3,3,3,Mobile Phone,8,3,1,1
2040,54959,1,PC,1,32,Single,5,Male,3,3,3,Mobile Phone,6,4,1,2
2041,55076,1,Pad,1,17,Single,5,Female,3,3,3,Mobile Phone,3,3,0,2
2042,55113,1,Pad,3,8,Single,4,Female,3,3,3,Mobile Phone,3,4,1,3
2043,55200,1,Mobile Phone,2,16,Married,4,Female,3,3,3,Mobile Phone,3,3,0,3
2044,55328,1,Mobile Phone,3,22,Married,6,Male,3,3,3,Laptop & Accessory,8,1,1,1
2045,55410,1,Mobile Phone,3,16,Single,6,Female,3,3,3,Mobile Phone,3,4,0,3
2046,55603,1,Mobile Phone,1,8,Married,4,Male,3,3,3,Mobile Phone,11,1,1,3
2047,52831,1,PC,2,13,Married,4,Male,4,2,3,Mobile Phone,6,5,1,2
2048,52873,5,Mobile Phone,3,27,Single,4,Female,4,2,3,Mobile Phone,3,4,1,1
2049,52930,1,Mobile Phone,1,7,Single,5,Male,4,2,3,Mobile Phone,2,3,1,2
2050,53096,1,Mobile Phone,1,10,Divorced,4,Male,4,2,3,Mobile Phone,7,5,0,2
2051,53282,1,Mobile Phone,3,23,Single,4,Female,4,2,3,Laptop & Accessory,7,5,0,2
2052,53548,8,Mobile Phone,1,17,Single,4,Male,4,2,3,Mobile Phone,3,3,1,2
2053,53747,1,Pad,3,7,Divorced,4,Male,4,2,3,Mobile Phone,5,3,0,2
2054,53892,1,Mobile Phone,1,15,Single,5,Male,4,2,3,Mobile Phone,3,3,1,2
2055,53937,1,Pad,2,15,Married,5,Female,4,2,3,Mobile Phone,8,1,0,2
2056,54261,1,PC,2,13,Married,4,Male,4,2,3,Mobile Phone,6,5,1,1
2057,54343,5,Mobile Phone,3,27,Single,4,Female,4,2,3,Mobile Phone,3,4,1,1
2058,54400,1,Mobile Phone,1,7,Single,5,Male,4,2,3,Mobile Phone,2,3,1,1
2059,54518,1,Pad,3,7,Single,5,Female,4,2,3,Mobile Phone,3,4,1,2
2060,54566,1,Mobile Phone,1,10,Married,4,Male,4,2,3,Mobile Phone,7,5,0,2
2061,54604,1,Pad,1,11,Single,5,Male,4,2,3,Mobile Phone,7,3,0,1
2062,54752,1,Mobile Phone,3,23,Single,4,Female,4,2,3,Laptop & Accessory,7,5,0,2
2063,55018,8,Mobile Phone,1,17,Single,4,Male,4,2,3,Mobile Phone,3,3,1,2
2064,55217,1,Pad,3,8,Married,4,Male,4,2,3,Mobile Phone,5,3,0,2
2065,55362,1,Mobile Phone,1,15,Single,5,Male,4,2,3,Mobile Phone,3,3,1,2
2066,55374,1,PC,3,14,Married,4,Male,4,2,3,Mobile Phone,3,1,1,2
2067,55407,1,Pad,2,15,Married,5,Female,4,2,3,Mobile Phone,8,1,0,2
2068,52625,7,Pad,1,14,Married,3,Male,3,2,3,Household,2,4,1,2
2069,52824,14,Mobile Phone,3,10,Divorced,5,Male,3,2,3,Mobile Phone,3,3,1,1
2070,52979,1,PC,1,23,Married,4,Male,3,2,3,Mobile Phone,4,4,1,2
2071,53048,1,Pad,3,7,Single,5,Female,3,2,3,Mobile Phone,3,4,1,2
2072,53134,1,Pad,1,11,Single,5,Male,3,2,3,Mobile Phone,7,3,0,2
2073,53160,1,Pad,3,18,Divorced,3,Male,3,2,3,Laptop & Accessory,10,3,0,2
2074,53170,1,Pad,1,14,Divorced,4,Female,3,2,3,Mobile Phone,3,3,1,1
2075,53173,1,Mobile Phone,3,20,Married,4,Male,3,2,3,Laptop & Accessory,4,5,0,1
2076,53186,1,Mobile Phone,3,9,Married,4,Male,3,2,3,Mobile Phone,2,5,0,1
2077,53264,1,Mobile Phone,3,15,Single,5,Male,3,2,3,Laptop & Accessory,8,5,0,2
2078,53336,1,Mobile Phone,3,7,Married,5,Female,3,2,3,Mobile Phone,8,3,1,1
2079,53353,1,PC,3,9,Single,5,Female,3,2,3,Mobile Phone,3,3,0,1
2080,53357,1,Mobile Phone,1,10,Divorced,4,Female,3,2,3,Laptop & Accessory,2,3,1,2
2081,53400,1,Pad,1,16,Single,5,Male,3,2,3,Mobile Phone,2,5,1,2
2082,53416,1,Mobile Phone,1,21,Married,5,Male,3,2,3,Mobile Phone,3,4,1,2
2083,53423,1,Pad,1,12,Single,4,Female,3,2,3,Mobile Phone,2,4,0,1
2084,53453,1,Pad,1,9,Divorced,4,Male,3,2,3,Mobile Phone,8,5,1,2
2085,53467,1,Pad,3,16,Single,4,Female,3,2,3,Mobile Phone,3,2,1,1
2086,53644,8,PC,1,10,Divorced,4,Male,3,2,3,Mobile Phone,6,5,0,2
2087,53904,1,PC,3,14,Married,4,Male,3,2,3,Mobile Phone,3,1,1,2
2088,54197,14,Mobile Phone,3,10,Married,5,Male,3,2,3,Mobile Phone,3,3,1,2
2089,54449,1,PC,1,23,Married,4,Male,3,2,3,Mobile Phone,4,4,1,2
2090,54630,1,Pad,3,18,Married,2,Male,3,2,3,Laptop & Accessory,10,3,0,2
2091,54640,1,Pad,1,14,Married,4,Female,3,2,3,Mobile Phone,3,3,1,1
2092,54643,1,Mobile Phone,3,20,Married,4,Male,3,2,3,Laptop & Accessory,4,5,0,1
2093,54656,1,Mobile Phone,3,9,Married,4,Male,3,2,3,Mobile Phone,2,5,0,2
2094,54734,1,Mobile Phone,3,15,Single,5,Male,3,2,3,Laptop & Accessory,8,5,0,1
2095,54806,1,Mobile Phone,3,7,Married,5,Female,3,2,3,Mobile Phone,8,3,1,2
2096,54823,1,PC,3,9,Single,5,Female,3,2,3,Mobile Phone,3,3,0,2
2097,54827,1,Mobile Phone,1,10,Married,4,Female,3,2,3,Laptop & Accessory,2,3,1,2
2098,54870,1,Pad,1,16,Single,5,Male,3,2,3,Mobile Phone,2,5,1,1
2099,54886,1,Mobile Phone,1,21,Married,5,Male,3,2,3,Mobile Phone,3,4,1,2
2100,54893,1,Pad,1,12,Single,4,Female,3,2,3,Mobile Phone,2,4,0,1
2101,54923,1,Pad,1,9,Married,4,Male,3,2,3,Mobile Phone,8,5,1,1
2102,54937,1,Pad,3,16,Single,4,Female,3,2,3,Mobile Phone,3,1,1,2
2103,55114,8,PC,1,10,Married,4,Male,3,2,3,Mobile Phone,6,5,0,2
2104,51155,7,Pad,1,14,Married,3,Male,2,2,3,Household,2,4,1,1
2105,50442,13,Pad,3,33,Single,1,Female,3,1,3,Laptop & Accessory,5,3,1,1
2106,50705,3,Mobile Phone,3,15,Single,3,Female,3,1,3,Laptop & Accessory,1,5,1,0
2107,50816,2,PC,1,29,Single,3,Male,3,1,3,Mobile Phone,1,5,0,0
2108,50882,3,Pad,1,34,Single,4,Male,3,1,3,Laptop & Accessory,4,5,0,0
2109,51047,7,PC,1,13,Single,3,Male,3,1,3,Household,4,5,1,0
2110,51912,13,Pad,3,33,Single,1,Female,3,1,3,Laptop & Accessory,5,3,1,0
2111,52175,3,Mobile Phone,3,15,Single,3,Female,3,1,3,Laptop & Accessory,4,5,1,0
2112,52286,2,PC,1,29,Single,3,Male,3,1,3,Mobile Phone,1,5,0,0
2113,52352,12,Pad,1,34,Single,4,Male,3,1,3,Laptop & Accessory,4,5,0,0
2114,52517,7,PC,1,13,Single,3,Male,3,1,3,Household,4,5,1,0
2115,50003,7,PC,1,30,Single,4,Male,2,1,3,Household,6,3,1,0
2116,50004,3,PC,3,15,Single,4,Male,2,1,3,Laptop & Accessory,8,5,0,0
2117,50018,3,Mobile Phone,3,11,Single,4,Male,2,1,3,Laptop & Accessory,2,3,1,1
2118,50025,14,Pad,1,14,Single,5,Male,2,1,3,Fashion,3,2,0,0
2119,50312,3,PC,1,16,Married,5,Male,2,1,3,Household,8,2,0,0
2120,50404,13,Pad,3,14,Divorced,3,Male,2,1,3,Laptop & Accessory,4,3,1,1
2121,50725,6,Mobile Phone,3,15,Single,5,Female,2,1,3,Laptop & Accessory,9,3,0,1
2122,51251,3,Pad,1,14,Single,1,Female,2,1,3,Household,4,3,1,0
2123,51266,3,PC,1,14,Married,4,Male,2,1,3,Household,6,1,0,0
2124,51360,7,PC,1,30,Single,4,Male,2,1,3,Household,6,3,1,0
2125,51367,3,PC,3,15,Single,4,Male,2,1,3,Household,8,5,0,0
2126,51453,3,Mobile Phone,3,11,Single,4,Male,2,1,3,Laptop & Accessory,2,3,1,0
2127,51482,14,Pad,1,14,Single,5,Male,2,1,3,Fashion,3,1,0,1
2128,51782,3,PC,1,16,Married,5,Male,2,1,3,Household,8,1,0,0
2129,51874,13,Pad,3,14,Married,3,Male,2,1,3,Laptop & Accessory,4,3,1,0
2130,52195,6,Mobile Phone,3,15,Single,5,Female,2,1,3,Laptop & Accessory,9,3,0,0
2131,52721,3,Pad,1,14,Single,1,Female,2,1,3,Household,4,3,1,0
2132,52736,3,PC,1,14,Married,4,Male,2,1,3,Household,6,1,0,1
2133,50005,3,PC,1,12,Single,3,Male,0,1,3,Household,3,5,0,1
2134,51370,3,PC,1,12,Single,3,Male,0,1,3,Household,3,5,0,0
2135,53837,8,Pad,1,17,Married,2,Male,3,8,3,Laptop & Accessory,3,1,0,6
2136,55307,8,Pad,1,17,Married,2,Male,3,8,3,Laptop & Accessory,3,1,0,4
2137,52863,13,Pad,1,10,Single,4,Male,2,8,3,Mobile Phone,6,4,0,5
2138,54333,13,Pad,1,10,Single,4,Male,2,8,3,Mobile Phone,6,4,0,3
2139,51210,3,Pad,1,21,Married,4,Female,3,7,3,Mobile Phone,1,5,0,7
2140,52680,3,Pad,1,21,Married,4,Female,3,7,3,Mobile Phone,1,5,0,3
2141,50568,5,Mobile Phone,1,9,Divorced,3,Female,3,6,3,Laptop & Accessory,2,5,0,6
2142,52038,5,Mobile Phone,1,9,Married,3,Female,3,6,3,Laptop & Accessory,2,5,0,3
2143,53366,5,PC,3,14,Divorced,5,Male,3,6,3,Mobile Phone,5,3,0,4
2144,54836,5,PC,3,14,Married,5,Male,3,6,3,Mobile Phone,5,3,0,3
2145,53542,33,Mobile Phone,1,11,Married,4,Female,4,5,3,Others,6,5,0,1
2146,53791,9,PC,3,7,Married,5,Female,4,5,3,Mobile Phone,2,3,0,3
2147,55012,33,Mobile Phone,1,11,Married,4,Female,4,5,3,Others,6,5,0,5
2148,55261,9,PC,3,35,Married,5,Female,4,5,3,Mobile Phone,2,3,0,3
2149,54188,16,Mobile Phone,3,15,Married,4,Male,3,5,3,Laptop & Accessory,2,4,0,3
2150,50517,5,Pad,3,11,Divorced,3,Male,2,5,3,Laptop & Accessory,2,4,0,2
2151,51987,5,Pad,3,11,Married,3,Male,2,5,3,Laptop & Accessory,2,4,0,2
2152,53090,5,PC,1,7,Divorced,5,Male,4,4,3,Mobile Phone,3,5,0,1
2153,54560,5,PC,1,7,Married,5,Male,4,4,3,Mobile Phone,3,5,0,4
2154,50348,13,Mobile Phone,1,6,Divorced,3,Female,3,4,3,Laptop & Accessory,7,4,0,3
2155,50425,7,Mobile Phone,1,14,Single,3,Female,3,4,3,Laptop & Accessory,4,3,0,1
2156,51818,13,Mobile Phone,1,6,Married,3,Female,3,4,3,Laptop & Accessory,7,4,0,4
2157,51895,7,Mobile Phone,1,14,Single,3,Female,3,4,3,Laptop & Accessory,4,3,0,2
2158,53415,1,Mobile Phone,1,24,Married,5,Female,3,4,3,Laptop & Accessory,3,3,0,3
2159,54885,1,Mobile Phone,1,24,Married,5,Female,3,4,3,Laptop & Accessory,3,3,0,1
2160,50306,8,PC,1,28,Single,5,Male,2,4,3,Mobile Phone,1,3,0,2
2161,51471,3,PC,1,14,Married,4,Female,2,4,3,Household,2,4,0,2
2162,51776,8,PC,1,28,Single,5,Male,2,4,3,Mobile Phone,1,3,0,1
2163,50453,13,PC,1,16,Married,3,Female,0,4,3,Household,1,5,1,3
2164,51358,4,PC,1,32,Married,3,Male,0,4,3,Household,2,3,0,3
2165,51923,13,PC,1,16,Married,3,Female,0,4,3,Household,1,5,1,4
2166,52851,1,PC,1,26,Divorced,4,Male,4,3,3,Mobile Phone,3,2,0,1
2167,52866,33,Mobile Phone,1,15,Married,4,Female,4,3,3,Mobile Phone,6,5,1,2
2168,52932,6,Pad,3,33,Divorced,4,Male,4,3,3,Laptop & Accessory,2,2,0,2
2169,53068,13,Mobile Phone,1,9,Divorced,4,Female,4,3,3,Mobile Phone,6,3,0,2
2170,53189,1,Mobile Phone,1,13,Divorced,4,Male,4,3,3,Mobile Phone,2,3,0,3
2171,53359,2,PC,1,16,Married,4,Female,4,3,3,Mobile Phone,7,3,0,3
2172,53426,22,Mobile Phone,1,13,Single,5,Male,4,3,3,Laptop & Accessory,4,3,0,1
2173,53506,1,PC,1,7,Single,5,Female,4,3,3,Mobile Phone,3,4,1,1
2174,53509,5,Pad,3,27,Divorced,2,Male,4,3,3,Mobile Phone,2,2,0,2
2175,53571,6,Pad,1,20,Divorced,5,Female,4,3,3,Mobile Phone,3,4,0,1
2176,53615,9,Mobile Phone,1,13,Divorced,4,Male,4,3,3,Mobile Phone,2,3,1,2
2177,53729,22,Mobile Phone,3,14,Married,4,Male,4,3,3,Laptop & Accessory,6,5,0,2
2178,53740,4,Mobile Phone,3,23,Divorced,4,Male,4,3,3,Laptop & Accessory,10,3,0,1
2179,53789,14,Pad,1,15,Married,4,Male,4,3,3,Laptop & Accessory,5,1,1,3
2180,53843,1,Mobile Phone,1,12,Single,4,Male,4,3,3,Mobile Phone,3,1,0,2
2181,53883,23,Mobile Phone,1,23,Married,4,Female,4,3,3,Mobile Phone,6,5,1,2
2182,53976,23,Pad,3,33,Single,5,Male,4,3,3,Laptop & Accessory,10,4,0,3
2183,54043,18,Mobile Phone,1,7,Married,2,Male,4,3,3,Laptop & Accessory,4,5,0,3
2184,54051,5,Mobile Phone,1,11,Married,2,Female,4,3,3,Mobile Phone,10,3,0,3
2185,54119,6,PC,3,7,Married,5,Male,4,3,3,Mobile Phone,2,4,0,1
2186,54198,9,PC,3,9,Married,4,Female,4,3,3,Mobile Phone,3,1,0,3
2187,54321,1,PC,1,26,Married,4,Male,4,3,3,Mobile Phone,3,1,0,3
2188,54336,33,Mobile Phone,1,15,Married,4,Female,4,3,3,Mobile Phone,6,5,1,3
2189,54402,6,Pad,3,33,Married,4,Male,4,3,3,Laptop & Accessory,2,1,0,3
2190,54538,13,Mobile Phone,1,9,Married,4,Female,4,3,3,Mobile Phone,6,3,0,3
2191,54659,1,Mobile Phone,1,13,Married,4,Male,4,3,3,Mobile Phone,2,3,0,2
2192,54829,2,PC,1,16,Married,4,Female,4,3,3,Mobile Phone,7,3,0,1
2193,54896,22,Mobile Phone,1,13,Single,5,Male,4,3,3,Laptop & Accessory,4,3,0,1
2194,54976,1,PC,1,7,Single,5,Female,4,3,3,Mobile Phone,3,4,1,2
2195,54979,5,Pad,3,27,Married,2,Male,4,3,3,Mobile Phone,2,1,0,3
2196,55041,6,Pad,1,20,Married,5,Female,4,3,3,Mobile Phone,3,4,0,3
2197,55085,9,Mobile Phone,1,13,Married,4,Male,4,3,3,Mobile Phone,2,3,1,2
2198,55199,22,Mobile Phone,3,14,Married,4,Male,4,3,3,Laptop & Accessory,6,5,0,1
2199,55210,4,Mobile Phone,3,23,Married,4,Male,4,3,3,Laptop & Accessory,10,3,0,2
2200,55259,14,Pad,1,15,Married,4,Male,4,3,3,Laptop & Accessory,5,1,1,2
2201,55313,1,Mobile Phone,1,12,Single,4,Male,4,3,3,Mobile Phone,3,1,0,1
2202,55353,23,Mobile Phone,1,23,Married,4,Female,4,3,3,Mobile Phone,6,5,1,1
2203,55446,23,Pad,3,33,Single,5,Male,4,3,3,Laptop & Accessory,10,4,0,2
2204,55513,18,Mobile Phone,1,8,Married,2,Male,4,3,3,Laptop & Accessory,4,5,0,2
2205,55521,5,Mobile Phone,1,11,Married,2,Female,4,3,3,Mobile Phone,10,3,0,2
2206,55589,6,PC,3,8,Married,5,Male,4,3,3,Mobile Phone,2,4,0,3
2207,50744,1,PC,1,25,Divorced,4,Male,3,3,3,Household,2,5,0,1
2208,50864,14,Pad,1,28,Married,3,Female,3,3,3,Laptop & Accessory,4,2,1,2
2209,50957,8,Mobile Phone,1,22,Single,4,Female,3,3,3,Fashion,2,4,0,1
2210,52214,1,PC,1,25,Married,4,Male,3,3,3,Household,2,5,0,1
2211,52334,14,Pad,1,28,Married,3,Female,3,3,3,Laptop & Accessory,4,1,1,2
2212,52427,8,Mobile Phone,1,22,Single,4,Female,3,3,3,Fashion,2,4,0,3
2213,52852,1,Pad,1,16,Married,4,Male,3,3,3,Mobile Phone,8,4,0,1
2214,52884,17,Pad,1,14,Married,3,Male,3,3,3,Mobile Phone,6,2,0,1
2215,52897,1,PC,1,12,Married,3,Male,3,3,3,Mobile Phone,3,4,1,1
2216,52921,26,Mobile Phone,1,9,Single,5,Female,3,3,3,Mobile Phone,9,2,0,1
2217,52923,31,PC,2,13,Divorced,4,Male,3,3,3,Mobile Phone,10,3,0,3
2218,52983,5,Pad,3,12,Married,4,Female,3,3,3,Mobile Phone,3,4,0,1
2219,53003,5,Mobile Phone,1,9,Married,4,Male,3,3,3,Mobile Phone,2,2,1,2
2220,53045,4,Pad,3,32,Divorced,4,Female,3,3,3,Laptop & Accessory,9,3,1,2
2221,53053,1,Pad,3,16,Single,4,Male,3,3,3,Mobile Phone,3,2,0,1
2222,53060,5,Mobile Phone,1,16,Single,5,Male,3,3,3,Mobile Phone,2,4,1,2
2223,53179,16,Mobile Phone,1,9,Divorced,4,Female,3,3,3,Laptop & Accessory,3,2,0,3
2224,53211,22,Mobile Phone,3,9,Divorced,3,Male,3,3,3,Laptop & Accessory,5,4,0,3
2225,53227,31,Mobile Phone,3,23,Single,4,Male,3,3,3,Laptop & Accessory,10,5,0,2
2226,53230,24,Mobile Phone,3,15,Divorced,4,Male,3,3,3,Mobile Phone,9,4,0,2
2227,53239,17,Pad,3,22,Divorced,5,Male,3,3,3,Laptop & Accessory,5,2,0,1
2228,53246,3,PC,3,17,Married,4,Male,3,3,3,Mobile Phone,3,4,0,1
2229,53247,27,PC,1,13,Single,4,Male,3,3,3,Laptop & Accessory,4,2,0,2
2230,53287,9,Mobile Phone,1,7,Single,2,Female,3,3,3,Mobile Phone,5,3,0,1
2231,53321,1,Mobile Phone,1,7,Divorced,5,Male,3,3,3,Laptop & Accessory,8,2,0,3
2232,53323,16,Pad,1,9,Single,4,Male,3,3,3,Mobile Phone,7,2,1,1
2233,53341,17,Pad,1,7,Divorced,4,Female,3,3,3,Laptop & Accessory,6,2,0,2
2234,53408,1,Mobile Phone,1,23,Divorced,4,Female,3,3,3,Mobile Phone,11,4,0,3
2235,53430,1,Mobile Phone,1,9,Divorced,4,Female,3,3,3,Laptop & Accessory,2,2,0,1
2236,53445,7,Pad,3,15,Single,5,Female,3,3,3,Mobile Phone,2,2,0,3
2237,53456,12,Pad,1,10,Divorced,4,Male,3,3,3,Mobile Phone,5,3,0,3
2238,53484,2,PC,1,22,Married,4,Male,3,3,3,Mobile Phone,3,3,0,3
2239,53524,1,Mobile Phone,1,13,Divorced,5,Male,3,3,3,Mobile Phone,3,3,0,3
2240,53539,9,Pad,1,11,Divorced,5,Male,3,3,3,Mobile Phone,3,2,0,3
2241,53567,1,Mobile Phone,3,28,Single,2,Male,3,3,3,Mobile Phone,3,2,0,1
2242,53603,1,Mobile Phone,1,11,Single,4,Male,3,3,3,Mobile Phone,3,2,1,1
2243,53620,2,Pad,1,9,Divorced,5,Male,3,3,3,Mobile Phone,3,2,1,3
2244,53629,31,PC,1,30,Married,4,Male,3,3,3,Mobile Phone,3,3,0,3
2245,53770,13,Mobile Phone,1,13,Single,4,Female,3,3,3,Fashion,6,4,0,1
2246,53796,7,Mobile Phone,3,15,Married,4,Male,3,3,3,Laptop & Accessory,4,5,0,3
2247,53818,1,PC,1,17,Married,2,Male,3,3,3,Mobile Phone,4,3,0,3
2248,53869,1,Mobile Phone,3,9,Single,4,Female,3,3,3,Mobile Phone,3,3,0,1
2249,53891,18,Mobile Phone,2,7,Married,4,Female,3,3,3,Mobile Phone,6,1,1,3
2250,53961,8,Mobile Phone,3,10,Single,6,Female,3,3,3,Laptop & Accessory,7,1,0,2
2251,53983,13,Pad,3,27,Married,4,Male,3,3,3,Laptop & Accessory,4,1,0,2
2252,54014,2,Pad,2,7,Married,4,Male,3,3,3,Mobile Phone,3,1,0,1
2253,54026,13,Mobile Phone,1,26,Married,4,Male,3,3,3,Laptop & Accessory,10,1,0,2
2254,54113,9,Mobile Phone,1,18,Married,4,Male,3,3,3,Mobile Phone,9,3,1,1
2255,54146,14,Mobile Phone,1,9,Single,5,Male,3,3,3,Mobile Phone,4,3,0,1
2256,54165,1,Mobile Phone,1,9,Married,4,Male,3,3,3,Mobile Phone,11,4,0,2
2257,54303,12,Mobile Phone,1,10,Single,4,Female,3,3,3,Laptop & Accessory,5,3,1,3
2258,54322,1,Pad,1,16,Married,4,Male,3,3,3,Mobile Phone,8,4,0,3
2259,54354,17,Pad,1,14,Married,2,Male,3,3,3,Mobile Phone,6,1,0,2
2260,54367,1,PC,1,12,Married,2,Male,3,3,3,Mobile Phone,3,4,1,3
2261,54391,26,Mobile Phone,1,9,Single,5,Female,3,3,3,Mobile Phone,9,1,0,3
2262,54393,31,PC,2,13,Married,4,Male,3,3,3,Mobile Phone,10,3,0,1
2263,54453,5,Pad,3,12,Married,4,Female,3,3,3,Mobile Phone,3,4,0,1
2264,54473,5,Mobile Phone,1,9,Married,4,Male,3,3,3,Mobile Phone,2,1,1,3
2265,54515,4,Pad,3,32,Married,4,Female,3,3,3,Laptop & Accessory,9,3,1,3
2266,54523,1,Pad,3,16,Single,4,Male,3,3,3,Mobile Phone,3,1,0,3
2267,54530,5,Mobile Phone,1,16,Single,5,Male,3,3,3,Mobile Phone,2,4,1,3
2268,54649,16,Mobile Phone,1,9,Married,4,Female,3,3,3,Laptop & Accessory,3,1,0,1
2269,54681,22,Mobile Phone,3,9,Married,2,Male,3,3,3,Laptop & Accessory,5,4,0,1
2270,54697,31,Mobile Phone,3,23,Single,4,Male,3,3,3,Laptop & Accessory,10,5,0,3
2271,54700,24,Mobile Phone,3,15,Married,4,Male,3,3,3,Mobile Phone,9,4,0,1
2272,54709,17,Pad,3,22,Married,5,Male,3,3,3,Laptop & Accessory,5,1,0,2
2273,54716,3,PC,3,17,Married,4,Male,3,3,3,Mobile Phone,3,4,0,3
2274,54717,27,PC,1,13,Single,4,Male,3,3,3,Laptop & Accessory,4,1,0,3
2275,54757,9,Mobile Phone,1,7,Single,2,Female,3,3,3,Mobile Phone,5,3,0,3
2276,54791,1,Mobile Phone,1,7,Married,5,Male,3,3,3,Laptop & Accessory,8,1,0,3
2277,54793,16,Pad,1,9,Single,4,Male,3,3,3,Mobile Phone,7,1,1,2
2278,54811,17,Pad,1,7,Married,4,Female,3,3,3,Laptop & Accessory,6,1,0,2
2279,54878,1,Mobile Phone,1,23,Married,4,Female,3,3,3,Mobile Phone,11,4,0,3
2280,54900,1,Mobile Phone,1,9,Married,4,Female,3,3,3,Laptop & Accessory,2,1,0,3
2281,54915,7,Pad,3,15,Single,5,Female,3,3,3,Mobile Phone,2,1,0,1
2282,54926,12,Pad,1,10,Married,4,Male,3,3,3,Mobile Phone,5,3,0,3
2283,54954,2,PC,1,22,Married,4,Male,3,3,3,Mobile Phone,3,3,0,1
2284,54994,1,Mobile Phone,1,13,Married,5,Male,3,3,3,Mobile Phone,3,3,0,2
2285,55009,9,Pad,1,11,Married,5,Male,3,3,3,Mobile Phone,3,1,0,2
2286,55037,1,Mobile Phone,3,28,Single,2,Male,3,3,3,Mobile Phone,3,1,0,3
2287,55073,1,Mobile Phone,1,11,Single,4,Male,3,3,3,Mobile Phone,3,1,1,3
2288,55090,2,Pad,1,9,Married,5,Male,3,3,3,Mobile Phone,3,1,1,1
2289,55099,31,PC,1,30,Married,4,Male,3,3,3,Mobile Phone,3,3,0,2
2290,55240,13,Mobile Phone,1,13,Single,4,Female,3,3,3,Fashion,6,4,0,3
2291,55266,7,Mobile Phone,3,15,Married,4,Male,3,3,3,Laptop & Accessory,4,5,0,3
2292,55288,1,PC,1,17,Married,2,Male,3,3,3,Mobile Phone,4,3,0,1
2293,55339,1,Mobile Phone,3,9,Single,4,Female,3,3,3,Mobile Phone,3,3,0,1
2294,55361,18,Mobile Phone,2,8,Married,4,Female,3,3,3,Mobile Phone,6,1,1,3
2295,55431,8,Mobile Phone,3,10,Single,6,Female,3,3,3,Laptop & Accessory,7,1,0,3
2296,55453,13,Pad,3,27,Married,4,Male,3,3,3,Laptop & Accessory,4,1,0,2
2297,55484,2,Pad,2,8,Married,4,Male,3,3,3,Mobile Phone,3,1,0,2
2298,55496,13,Mobile Phone,1,26,Married,4,Male,3,3,3,Laptop & Accessory,10,1,0,1
2299,55583,9,Mobile Phone,1,18,Married,4,Male,3,3,3,Mobile Phone,9,3,1,3
2300,50160,3,Pad,1,17,Divorced,3,Male,2,3,3,Laptop & Accessory,2,5,1,2
2301,51040,13,Mobile Phone,1,22,Single,3,Female,2,3,3,Fashion,7,1,1,1
2302,51069,11,Pad,1,14,Single,4,Female,2,3,3,Household,2,4,0,1
2303,51630,3,Pad,1,17,Married,3,Male,2,3,3,Laptop & Accessory,2,5,1,1
2304,52510,13,Mobile Phone,1,22,Single,3,Female,2,3,3,Fashion,7,1,1,3
2305,52539,11,Pad,1,14,Single,4,Female,2,3,3,Household,2,4,0,1
2306,53028,3,Mobile Phone,1,16,Single,5,Male,2,3,3,Mobile Phone,2,2,0,3
2307,54218,9,Mobile Phone,1,30,Married,4,Female,2,3,3,Mobile Phone,5,5,1,1
2308,54498,3,Mobile Phone,1,16,Single,5,Male,2,3,3,Mobile Phone,2,1,0,2
2309,55616,14,Mobile Phone,1,9,Single,5,Male,1,3,3,Mobile Phone,4,3,0,1
2310,51196,15,Pad,1,16,Married,3,Male,0,3,3,Household,4,3,0,1
2311,52666,15,Pad,1,16,Married,3,Male,0,3,3,Household,4,3,0,3
2312,52850,8,Pad,3,9,Divorced,4,Female,4,2,3,Mobile Phone,8,3,0,2
2313,52871,5,Mobile Phone,1,19,Divorced,4,Female,4,2,3,Mobile Phone,10,2,1,2
2314,52872,8,PC,1,34,Single,4,Female,4,2,3,Mobile Phone,4,4,0,2
2315,52899,14,Pad,1,16,Divorced,5,Male,4,2,3,Laptop & Accessory,11,2,0,2
2316,52931,13,PC,1,7,Married,4,Female,4,2,3,Mobile Phone,9,3,0,1
2317,52937,7,Mobile Phone,1,12,Divorced,5,Female,4,2,3,Mobile Phone,3,2,0,1
2318,52940,19,Pad,1,14,Divorced,3,Male,4,2,3,Laptop & Accessory,6,3,0,1
2319,52946,1,Mobile Phone,1,7,Divorced,4,Female,4,2,3,Laptop & Accessory,2,3,0,2
2320,52980,2,Mobile Phone,1,15,Single,4,Female,4,2,3,Mobile Phone,3,2,0,1
2321,53037,15,Mobile Phone,1,13,Single,5,Male,4,2,3,Laptop & Accessory,8,4,1,2
2322,53040,3,Pad,3,9,Divorced,4,Male,4,2,3,Laptop & Accessory,3,3,0,2
2323,53079,16,Mobile Phone,1,7,Married,4,Female,4,2,3,Mobile Phone,5,5,0,2
2324,53084,8,Pad,3,11,Divorced,4,Female,4,2,3,Laptop & Accessory,11,3,0,2
2325,53086,17,Pad,1,28,Divorced,4,Male,4,2,3,Mobile Phone,9,2,0,1
2326,53087,17,Mobile Phone,1,15,Married,4,Female,4,2,3,Laptop & Accessory,6,3,1,1
2327,53098,19,Mobile Phone,1,17,Divorced,4,Male,4,2,3,Mobile Phone,5,2,0,2
2328,53100,16,Pad,1,36,Married,4,Female,4,2,3,Laptop & Accessory,4,3,0,2
2329,53196,1,Mobile Phone,1,13,Divorced,4,Female,4,2,3,Mobile Phone,3,2,1,1
2330,53198,3,Mobile Phone,3,10,Divorced,4,Female,4,2,3,Laptop & Accessory,3,3,0,1
2331,53256,1,Mobile Phone,1,17,Single,3,Male,4,2,3,Mobile Phone,3,3,0,2
2332,53271,9,Mobile Phone,3,15,Divorced,4,Female,4,2,3,Mobile Phone,3,2,0,1
2333,53274,8,Mobile Phone,3,15,Divorced,4,Female,4,2,3,Laptop & Accessory,7,5,0,2
2334,53322,18,Mobile Phone,1,15,Divorced,2,Male,4,2,3,Mobile Phone,4,2,1,2
2335,53328,6,Pad,1,7,Married,4,Male,4,2,3,Mobile Phone,2,2,0,1
2336,53333,12,Mobile Phone,3,16,Divorced,5,Male,4,2,3,Mobile Phone,2,4,0,1
2337,53350,2,Mobile Phone,3,12,Single,4,Male,4,2,3,Laptop & Accessory,3,2,0,2
2338,53356,21,Mobile Phone,3,9,Single,5,Female,4,2,3,Mobile Phone,3,2,1,2
2339,53364,7,Mobile Phone,1,7,Single,5,Male,4,2,3,Mobile Phone,5,5,1,1
2340,53373,6,Pad,1,7,Divorced,5,Female,4,2,3,Mobile Phone,8,4,0,2
2341,53404,19,PC,1,7,Married,4,Female,4,2,3,Mobile Phone,5,2,0,1
2342,53413,12,Pad,1,17,Divorced,4,Male,4,2,3,Mobile Phone,2,3,0,1
2343,53513,8,Pad,1,9,Single,4,Male,4,2,3,Laptop & Accessory,4,3,0,2
2344,53516,3,Mobile Phone,1,15,Divorced,5,Male,4,2,3,Laptop & Accessory,3,2,1,1
2345,53584,3,Mobile Phone,1,7,Married,4,Female,4,2,3,Mobile Phone,3,2,0,1
2346,53656,1,Mobile Phone,1,26,Divorced,4,Male,4,2,3,Mobile Phone,5,2,0,2
2347,53684,1,Mobile Phone,3,25,Divorced,2,Male,4,2,3,Laptop & Accessory,4,3,0,1
2348,53692,11,Mobile Phone,1,18,Single,4,Female,4,2,3,Mobile Phone,6,3,0,1
2349,53704,4,Mobile Phone,3,14,Married,4,Female,4,2,3,Laptop & Accessory,9,5,0,2
2350,53710,13,Mobile Phone,3,23,Divorced,5,Female,4,2,3,Laptop & Accessory,6,5,0,2
2351,53711,21,Mobile Phone,1,7,Divorced,4,Male,4,2,3,Mobile Phone,9,2,0,2
2352,53726,5,PC,2,15,Single,2,Female,4,2,3,Mobile Phone,11,4,0,1
2353,53735,23,Mobile Phone,1,12,Divorced,4,Male,4,2,3,Laptop & Accessory,4,3,0,1
2354,53736,14,PC,1,9,Married,4,Male,4,2,3,Mobile Phone,4,3,0,1
2355,53758,21,Mobile Phone,3,21,Divorced,4,Female,4,2,3,Laptop & Accessory,5,3,1,2
2356,53763,3,Pad,1,9,Divorced,4,Female,4,2,3,Mobile Phone,2,4,0,1
2357,53773,1,PC,1,27,Single,4,Male,4,2,3,Laptop & Accessory,2,3,0,2
2358,53793,13,Mobile Phone,3,9,Single,4,Male,4,2,3,Mobile Phone,5,1,1,1
2359,53798,12,Pad,2,17,Married,4,Male,4,2,3,Laptop & Accessory,5,3,0,1
2360,53799,9,PC,1,7,Single,5,Male,4,2,3,Mobile Phone,3,5,0,1
2361,53804,6,Pad,1,7,Married,4,Male,4,2,3,Laptop & Accessory,6,5,0,2
2362,53819,13,Pad,1,13,Married,2,Male,4,2,3,Laptop & Accessory,5,5,1,2
2363,53882,5,Mobile Phone,3,12,Married,4,Female,4,2,3,Laptop & Accessory,3,1,0,1
2364,53887,15,Mobile Phone,3,30,Single,4,Male,4,2,3,Fashion,5,3,1,1
2365,53890,13,Mobile Phone,1,33,Married,4,Male,4,2,3,Laptop & Accessory,8,3,0,2
2366,53898,29,Mobile Phone,1,29,Married,5,Male,4,2,3,Mobile Phone,7,4,0,2
2367,53915,1,PC,1,24,Married,6,Male,4,2,3,Mobile Phone,3,3,0,1
2368,53921,1,Mobile Phone,1,36,Married,4,Male,4,2,3,Mobile Phone,3,5,0,2
2369,53941,3,Pad,1,7,Single,2,Male,4,2,3,Laptop & Accessory,10,3,1,1
2370,53943,8,Mobile Phone,1,9,Married,2,Male,4,2,3,Mobile Phone,2,1,1,1
2371,53998,2,Mobile Phone,1,7,Married,4,Female,4,2,3,Mobile Phone,3,5,0,2
2372,54074,13,Pad,1,16,Married,2,Male,4,2,3,Mobile Phone,3,4,0,2
2373,54114,1,Mobile Phone,1,7,Single,4,Male,4,2,3,Mobile Phone,2,3,0,1
2374,54131,13,Pad,1,11,Married,4,Female,4,2,3,Laptop & Accessory,9,4,0,2
2375,54140,6,PC,1,9,Single,4,Male,4,2,3,Mobile Phone,3,5,0,2
2376,54147,9,Pad,1,25,Married,4,Male,4,2,3,Laptop & Accessory,3,3,1,2
2377,54148,14,PC,1,9,Married,4,Female,4,2,3,Mobile Phone,4,3,0,2
2378,54174,8,Mobile Phone,1,26,Married,4,Male,4,2,3,Mobile Phone,2,1,0,1
2379,54229,9,Pad,1,7,Married,4,Male,4,2,3,Mobile Phone,6,5,0,1
2380,54240,23,Mobile Phone,2,12,Married,4,Male,4,2,3,Laptop & Accessory,3,4,1,2
2381,54260,18,Pad,1,30,Married,4,Male,4,2,3,Laptop & Accessory,6,4,0,1
2382,54291,17,Pad,1,35,Single,2,Female,4,2,3,Mobile Phone,6,3,0,1
2383,54320,8,Pad,3,9,Married,4,Female,4,2,3,Mobile Phone,8,3,0,1
2384,54341,5,Mobile Phone,1,19,Married,4,Female,4,2,3,Mobile Phone,10,1,1,2
2385,54342,8,PC,1,34,Single,4,Female,4,2,3,Mobile Phone,4,4,0,1
2386,54369,14,Pad,1,16,Married,5,Male,4,2,3,Laptop & Accessory,11,1,0,1
2387,54401,13,PC,1,7,Married,4,Female,4,2,3,Mobile Phone,9,3,0,2
2388,54407,7,Mobile Phone,1,12,Married,5,Female,4,2,3,Mobile Phone,3,1,0,1
2389,54410,19,Pad,1,14,Married,2,Male,4,2,3,Laptop & Accessory,6,3,0,2
2390,54416,1,Mobile Phone,1,7,Married,4,Female,4,2,3,Laptop & Accessory,2,3,0,2
2391,54450,2,Mobile Phone,1,15,Single,4,Female,4,2,3,Mobile Phone,3,1,0,2
2392,54507,15,Mobile Phone,1,13,Single,5,Male,4,2,3,Laptop & Accessory,8,4,1,2
2393,54510,3,Pad,3,9,Married,4,Male,4,2,3,Laptop & Accessory,3,3,0,2
2394,54549,16,Mobile Phone,1,7,Married,4,Female,4,2,3,Mobile Phone,5,5,0,1
2395,54554,8,Pad,3,11,Married,4,Female,4,2,3,Laptop & Accessory,11,3,0,1
2396,54556,17,Pad,1,28,Married,4,Male,4,2,3,Mobile Phone,9,1,0,2
2397,54557,17,Mobile Phone,1,15,Married,4,Female,4,2,3,Laptop & Accessory,6,3,1,2
2398,54568,19,Mobile Phone,1,17,Married,4,Male,4,2,3,Mobile Phone,5,1,0,1
2399,54570,16,Pad,1,36,Married,4,Female,4,2,3,Laptop & Accessory,4,3,0,2
2400,54666,1,Mobile Phone,1,13,Married,4,Female,4,2,3,Mobile Phone,3,1,1,1
2401,54668,3,Mobile Phone,3,10,Married,4,Female,4,2,3,Laptop & Accessory,3,3,0,1
2402,54726,1,Mobile Phone,1,17,Single,2,Male,4,2,3,Mobile Phone,3,3,0,1
2403,54741,9,Mobile Phone,3,15,Married,4,Female,4,2,3,Mobile Phone,3,1,0,2
2404,54744,8,Mobile Phone,3,15,Married,4,Female,4,2,3,Laptop & Accessory,7,5,0,2
2405,54792,18,Mobile Phone,1,15,Married,2,Male,4,2,3,Mobile Phone,4,1,1,2
2406,54798,6,Pad,1,7,Married,4,Male,4,2,3,Mobile Phone,2,1,0,2
2407,54803,12,Mobile Phone,3,16,Married,5,Male,4,2,3,Mobile Phone,2,4,0,1
2408,54820,2,Mobile Phone,3,12,Single,4,Male,4,2,3,Laptop & Accessory,3,1,0,1
2409,54826,21,Mobile Phone,3,9,Single,5,Female,4,2,3,Mobile Phone,3,1,1,1
2410,54834,7,Mobile Phone,1,7,Single,5,Male,4,2,3,Mobile Phone,5,5,1,2
2411,54843,6,Pad,1,7,Married,5,Female,4,2,3,Mobile Phone,8,4,0,1
2412,54874,19,PC,1,7,Married,4,Female,4,2,3,Mobile Phone,5,1,0,2
2413,54883,12,Pad,1,17,Married,4,Male,4,2,3,Mobile Phone,2,3,0,1
2414,54983,8,Pad,1,9,Single,4,Male,4,2,3,Laptop & Accessory,4,3,0,2
2415,54986,3,Mobile Phone,1,15,Married,5,Male,4,2,3,Laptop & Accessory,3,1,1,2
2416,55054,3,Mobile Phone,1,8,Married,4,Female,4,2,3,Mobile Phone,3,1,0,2
2417,55126,1,Mobile Phone,1,26,Married,4,Male,4,2,3,Mobile Phone,5,1,0,1
2418,55154,1,Mobile Phone,3,25,Married,2,Male,4,2,3,Laptop & Accessory,4,3,0,2
2419,55162,11,Mobile Phone,1,18,Single,4,Female,4,2,3,Mobile Phone,6,3,0,2
2420,55174,4,Mobile Phone,3,14,Married,4,Female,4,2,3,Laptop & Accessory,9,5,0,2
2421,55180,13,Mobile Phone,3,23,Married,5,Female,4,2,3,Laptop & Accessory,6,5,0,2
2422,55181,21,Mobile Phone,1,8,Married,4,Male,4,2,3,Mobile Phone,9,1,0,2
2423,55196,5,PC,2,15,Single,2,Female,4,2,3,Mobile Phone,11,4,0,2
2424,55205,23,Mobile Phone,1,12,Married,4,Male,4,2,3,Laptop & Accessory,4,3,0,1
2425,55206,14,PC,1,9,Married,4,Male,4,2,3,Mobile Phone,4,3,0,2
2426,55228,21,Mobile Phone,3,21,Married,4,Female,4,2,3,Laptop & Accessory,5,3,1,2
2427,55233,3,Pad,1,9,Married,4,Female,4,2,3,Mobile Phone,2,4,0,2
2428,55243,1,PC,1,27,Single,4,Male,4,2,3,Laptop & Accessory,2,3,0,2
2429,55263,13,Mobile Phone,3,9,Single,4,Male,4,2,3,Mobile Phone,5,1,1,2
2430,55268,12,Pad,2,17,Married,4,Male,4,2,3,Laptop & Accessory,5,3,0,1
2431,55269,9,PC,1,8,Single,5,Male,4,2,3,Mobile Phone,3,5,0,2
2432,55274,6,Pad,1,8,Married,4,Male,4,2,3,Laptop & Accessory,6,5,0,1
2433,55289,13,Pad,1,13,Married,2,Male,4,2,3,Laptop & Accessory,5,5,1,1
2434,55352,5,Mobile Phone,3,12,Married,4,Female,4,2,3,Laptop & Accessory,3,1,0,1
2435,55357,15,Mobile Phone,3,30,Single,4,Male,4,2,3,Fashion,5,3,1,1
2436,55360,13,Mobile Phone,1,33,Married,4,Male,4,2,3,Laptop & Accessory,8,3,0,2
2437,55368,29,Mobile Phone,1,29,Married,5,Male,4,2,3,Mobile Phone,7,4,0,2
2438,55385,1,PC,1,24,Married,6,Male,4,2,3,Mobile Phone,3,3,0,2
2439,55391,1,Mobile Phone,1,36,Married,4,Male,4,2,3,Mobile Phone,3,5,0,2
2440,55411,3,Pad,1,8,Single,2,Male,4,2,3,Laptop & Accessory,10,3,1,2
2441,55413,8,Mobile Phone,1,9,Married,2,Male,4,2,3,Mobile Phone,2,1,1,2
2442,55447,14,Mobile Phone,1,9,Married,4,Female,4,2,3,Mobile Phone,6,5,0,2
2443,55468,2,Mobile Phone,1,8,Married,4,Female,4,2,3,Mobile Phone,3,5,0,2
2444,55544,13,Pad,1,16,Married,2,Male,4,2,3,Mobile Phone,3,4,0,2
2445,55584,1,Mobile Phone,1,8,Single,4,Male,4,2,3,Mobile Phone,2,3,0,2
2446,55601,13,Pad,1,11,Married,4,Female,4,2,3,Laptop & Accessory,9,4,0,1
2447,55610,6,PC,1,9,Single,4,Male,4,2,3,Mobile Phone,3,5,0,1
2448,55617,9,Pad,1,25,Married,4,Male,4,2,3,Laptop & Accessory,3,3,1,1
2449,55618,14,PC,1,9,Married,4,Female,4,2,3,Mobile Phone,4,3,0,1
2450,51399,8,Pad,1,17,Married,4,Male,3,2,3,Fashion,3,5,1,1
2451,52853,2,Mobile Phone,1,28,Divorced,4,Male,3,2,3,Mobile Phone,3,2,0,1
2452,52867,7,Mobile Phone,1,9,Single,4,Male,3,2,3,Mobile Phone,2,2,0,1
2453,52874,24,Mobile Phone,1,7,Divorced,5,Male,3,2,3,Mobile Phone,4,3,0,1
2454,52887,9,Pad,1,9,Single,4,Female,3,2,3,Laptop & Accessory,7,4,0,2
2455,52888,16,Pad,1,28,Married,4,Female,3,2,3,Laptop & Accessory,4,3,0,1
2456,52929,6,Mobile Phone,3,11,Divorced,4,Female,3,2,3,Mobile Phone,4,4,0,2
2457,52939,11,Mobile Phone,1,7,Divorced,5,Female,3,2,3,Mobile Phone,4,5,0,2
2458,52944,16,Mobile Phone,1,24,Single,3,Female,3,2,3,Laptop & Accessory,5,5,1,1
2459,52945,3,Mobile Phone,3,27,Married,4,Male,3,2,3,Laptop & Accessory,4,2,0,2
2460,52978,12,Mobile Phone,1,30,Married,4,Male,3,2,3,Laptop & Accessory,11,2,0,1
2461,52985,11,Pad,1,16,Divorced,4,Male,3,2,3,Mobile Phone,3,2,1,1
2462,52990,25,Mobile Phone,1,9,Married,6,Male,3,2,3,Laptop & Accessory,7,4,0,1
2463,52999,31,Pad,1,7,Married,6,Male,3,2,3,Laptop & Accessory,4,3,1,2
2464,53009,1,Mobile Phone,1,12,Single,4,Female,3,2,3,Mobile Phone,3,4,1,1
2465,53026,14,Mobile Phone,3,7,Divorced,6,Male,3,2,3,Laptop & Accessory,4,2,1,2
2466,53036,1,Mobile Phone,1,33,Married,4,Male,3,2,3,Mobile Phone,3,2,0,2
2467,53051,31,Mobile Phone,1,7,Divorced,4,Male,3,2,3,Laptop & Accessory,4,3,0,2
2468,53062,3,PC,1,30,Single,4,Male,3,2,3,Mobile Phone,11,2,0,2
2469,53074,1,PC,1,18,Divorced,4,Female,3,2,3,Mobile Phone,3,4,0,2
2470,53101,4,Mobile Phone,1,9,Single,6,Female,3,2,3,Laptop & Accessory,4,2,0,1
2471,53109,1,Mobile Phone,1,30,Married,4,Female,3,2,3,Mobile Phone,3,2,0,2
2472,53128,4,Mobile Phone,3,14,Single,4,Male,3,2,3,Mobile Phone,2,4,0,2
2473,53145,3,Mobile Phone,1,26,Married,4,Male,3,2,3,Laptop & Accessory,6,2,0,1
2474,53155,11,Mobile Phone,1,7,Single,4,Female,3,2,3,Fashion,6,2,0,2
2475,53174,9,Mobile Phone,1,32,Single,5,Male,3,2,3,Laptop & Accessory,6,2,0,1
2476,53184,18,Mobile Phone,2,7,Single,5,Female,3,2,3,Laptop & Accessory,6,3,0,2
2477,53187,1,Mobile Phone,3,29,Single,4,Male,3,2,3,Mobile Phone,3,3,0,2
2478,53190,7,Mobile Phone,3,15,Married,4,Male,3,2,3,Laptop & Accessory,2,3,0,2
2479,53207,1,Mobile Phone,1,11,Divorced,3,Male,3,2,3,Mobile Phone,4,5,0,1
2480,53208,1,Mobile Phone,3,15,Divorced,3,Male,3,2,3,Laptop & Accessory,2,4,0,1
2481,53241,1,Mobile Phone,1,16,Divorced,4,Male,3,2,3,Mobile Phone,3,5,0,1
2482,53261,26,Pad,1,26,Divorced,4,Male,3,2,3,Mobile Phone,2,2,0,2
2483,53272,4,Mobile Phone,1,7,Divorced,6,Male,3,2,3,Mobile Phone,5,3,0,2
2484,53288,16,Mobile Phone,1,7,Divorced,5,Female,3,2,3,Laptop & Accessory,11,2,1,1
2485,53296,12,Pad,1,19,Married,5,Male,3,2,3,Laptop & Accessory,4,5,0,2
2486,53304,8,Mobile Phone,2,10,Divorced,4,Male,3,2,3,Mobile Phone,2,2,0,2
2487,53330,23,Mobile Phone,1,7,Divorced,4,Female,3,2,3,Mobile Phone,4,5,0,2
2488,53335,5,PC,1,18,Divorced,4,Male,3,2,3,Mobile Phone,5,2,1,2
2489,53388,3,Pad,3,27,Divorced,4,Female,3,2,3,Mobile Phone,3,2,0,1
2490,53403,7,Mobile Phone,1,20,Single,4,Female,3,2,3,Mobile Phone,5,2,0,2
2491,53406,7,Pad,1,7,Divorced,2,Female,3,2,3,Laptop & Accessory,3,4,1,1
2492,53431,9,Mobile Phone,1,17,Married,4,Male,3,2,3,Mobile Phone,3,2,0,2
2493,53477,1,Pad,1,15,Divorced,6,Male,3,2,3,Mobile Phone,3,3,0,2
2494,53481,7,Mobile Phone,1,12,Married,5,Male,3,2,3,Fashion,6,2,0,1
2495,53511,9,Pad,3,18,Married,4,Male,3,2,3,Laptop & Accessory,3,2,0,1
2496,53518,5,Pad,1,13,Married,5,Male,3,2,3,Mobile Phone,3,3,1,2
2497,53532,1,Mobile Phone,1,31,Single,4,Male,3,2,3,Mobile Phone,10,4,0,2
2498,53545,19,Mobile Phone,1,14,Divorced,4,Female,3,2,3,Mobile Phone,6,3,1,2
2499,53547,1,Mobile Phone,1,10,Single,5,Male,3,2,3,Mobile Phone,3,3,0,1
2500,53608,8,Mobile Phone,3,9,Single,4,Female,3,2,3,Laptop & Accessory,2,5,1,2
2501,53612,2,Pad,1,7,Single,4,Male,3,2,3,Mobile Phone,2,3,1,1
2502,53624,2,PC,1,7,Single,4,Male,3,2,3,Mobile Phone,4,5,0,1
2503,53682,6,Mobile Phone,3,9,Divorced,4,Male,3,2,3,Laptop & Accessory,2,4,1,1
2504,53694,1,Mobile Phone,1,7,Divorced,4,Male,3,2,3,Mobile Phone,6,2,0,2
2505,53718,8,Mobile Phone,1,7,Divorced,5,Female,3,2,3,Mobile Phone,7,4,0,2
2506,53757,7,Mobile Phone,1,11,Divorced,5,Female,3,2,3,Mobile Phone,10,4,0,1
2507,53762,23,Mobile Phone,1,10,Divorced,5,Female,3,2,3,Laptop & Accessory,6,5,0,2
2508,53782,7,Mobile Phone,1,32,Single,5,Male,3,2,3,Laptop & Accessory,3,4,0,1
2509,53811,12,Mobile Phone,3,23,Single,4,Female,3,2,3,Laptop & Accessory,4,4,0,1
2510,53823,14,Mobile Phone,3,21,Married,4,Female,3,2,3,Laptop & Accessory,3,5,0,1
2511,53824,17,Mobile Phone,1,34,Married,2,Male,3,2,3,Mobile Phone,7,4,0,2
2512,53830,6,Mobile Phone,1,12,Married,2,Female,3,2,3,Mobile Phone,5,1,0,2
2513,53849,11,Mobile Phone,1,26,Married,4,Male,3,2,3,Laptop & Accessory,5,3,0,1
2514,53852,12,Mobile Phone,1,9,Married,5,Female,3,2,3,Fashion,5,3,1,2
2515,53856,18,Pad,2,7,Married,4,Male,3,2,3,Laptop & Accessory,6,1,1,2
2516,53860,1,Mobile Phone,1,15,Married,2,Female,3,2,3,Mobile Phone,9,3,0,1
2517,53861,1,Pad,1,9,Single,4,Male,3,2,3,Mobile Phone,4,1,0,1
2518,53864,13,Mobile Phone,1,12,Married,4,Female,3,2,3,Fashion,6,5,0,2
2519,53873,13,Pad,1,7,Married,5,Female,3,2,3,Laptop & Accessory,2,3,0,2
2520,53888,1,Mobile Phone,3,16,Single,4,Male,3,2,3,Mobile Phone,3,5,0,1
2521,53889,7,Pad,3,23,Married,4,Female,3,2,3,Laptop & Accessory,3,1,1,1
2522,53894,27,Mobile Phone,1,31,Married,2,Male,3,2,3,Fashion,5,1,0,1
2523,53910,3,Mobile Phone,1,16,Married,4,Female,3,2,3,Mobile Phone,11,3,0,2
2524,53919,15,Pad,2,11,Married,6,Male,3,2,3,Laptop & Accessory,8,4,0,1
2525,53929,1,Mobile Phone,1,11,Single,4,Female,3,2,3,Mobile Phone,3,4,0,2
2526,53938,5,Mobile Phone,3,12,Married,4,Male,3,2,3,Laptop & Accessory,3,3,0,1
2527,53977,14,Mobile Phone,1,9,Married,4,Female,3,2,3,Mobile Phone,6,5,0,2
2528,53984,17,Pad,1,16,Single,4,Male,3,2,3,Mobile Phone,6,3,0,1
2529,53985,15,Mobile Phone,1,12,Single,2,Male,3,2,3,Laptop & Accessory,5,4,0,2
2530,54000,1,Mobile Phone,3,17,Single,4,Male,3,2,3,Laptop & Accessory,3,1,0,1
2531,54008,1,Pad,1,12,Single,4,Female,3,2,3,Mobile Phone,2,1,1,2
2532,54032,5,Mobile Phone,1,27,Married,4,Male,3,2,3,Laptop & Accessory,3,3,0,1
2533,54034,3,PC,1,14,Single,4,Male,3,2,3,Mobile Phone,5,5,0,1
2534,54036,9,Mobile Phone,1,23,Married,5,Female,3,2,3,Laptop & Accessory,2,4,1,2
2535,54057,13,Pad,3,28,Married,6,Female,3,2,3,Laptop & Accessory,8,3,0,1
2536,54058,1,PC,1,9,Married,4,Male,3,2,3,Mobile Phone,3,4,0,2
2537,54078,3,Mobile Phone,1,7,Married,4,Male,3,2,3,Laptop & Accessory,2,5,0,2
2538,54079,6,Pad,1,22,Married,4,Female,3,2,3,Laptop & Accessory,7,1,0,1
2539,54091,12,Pad,2,7,Married,4,Male,3,2,3,Mobile Phone,2,4,1,2
2540,54098,1,Mobile Phone,1,7,Single,5,Male,3,2,3,Laptop & Accessory,3,3,0,2
2541,54102,1,PC,2,9,Married,4,Female,3,2,3,Mobile Phone,6,4,0,1
2542,54104,1,Mobile Phone,1,9,Married,4,Male,3,2,3,Mobile Phone,8,3,1,1
2543,54108,5,Mobile Phone,3,9,Married,4,Male,3,2,3,Mobile Phone,2,3,0,2
2544,54110,16,Mobile Phone,1,25,Married,4,Male,3,2,3,Laptop & Accessory,8,5,1,1
2545,54126,18,PC,1,7,Single,4,Male,3,2,3,Mobile Phone,8,1,1,1
2546,54127,1,PC,3,12,Single,4,Male,3,2,3,Mobile Phone,3,5,1,2
2547,54160,8,Mobile Phone,1,15,Married,2,Male,3,2,3,Laptop & Accessory,4,3,0,1
2548,54180,12,Mobile Phone,1,9,Single,4,Male,3,2,3,Mobile Phone,7,1,1,1
2549,54246,33,Mobile Phone,1,14,Single,6,Male,3,2,3,Fashion,6,1,0,1
2550,54257,1,Mobile Phone,3,10,Married,4,Female,3,2,3,Laptop & Accessory,2,3,0,1
2551,54274,1,Mobile Phone,1,25,Married,4,Male,3,2,3,Mobile Phone,2,3,0,1
2552,54307,4,Mobile Phone,1,9,Single,5,Male,3,2,3,Mobile Phone,2,1,0,1
2553,54323,2,Mobile Phone,1,28,Married,4,Male,3,2,3,Mobile Phone,3,1,0,1
2554,54337,7,Mobile Phone,1,9,Single,4,Male,3,2,3,Mobile Phone,2,1,0,2
2555,54344,24,Mobile Phone,1,7,Married,5,Male,3,2,3,Mobile Phone,4,3,0,2
2556,54357,9,Pad,1,9,Single,4,Female,3,2,3,Laptop & Accessory,7,4,0,1
2557,54358,16,Pad,1,28,Married,4,Female,3,2,3,Laptop & Accessory,4,3,0,1
2558,54399,6,Mobile Phone,3,11,Married,4,Female,3,2,3,Mobile Phone,4,4,0,2
2559,54409,11,Mobile Phone,1,7,Married,5,Female,3,2,3,Mobile Phone,4,5,0,1
2560,54414,16,Mobile Phone,1,24,Single,2,Female,3,2,3,Laptop & Accessory,5,5,1,2
2561,54415,3,Mobile Phone,3,27,Married,4,Male,3,2,3,Laptop & Accessory,4,1,0,2
2562,54448,12,Mobile Phone,1,30,Married,4,Male,3,2,3,Laptop & Accessory,11,1,0,1
2563,54455,11,Pad,1,16,Married,4,Male,3,2,3,Mobile Phone,3,1,1,1
2564,54460,25,Mobile Phone,1,9,Married,6,Male,3,2,3,Laptop & Accessory,7,4,0,1
2565,54469,31,Pad,1,7,Married,6,Male,3,2,3,Laptop & Accessory,4,3,1,2
2566,54479,1,Mobile Phone,1,12,Single,4,Female,3,2,3,Mobile Phone,3,4,1,1
2567,54496,14,Mobile Phone,3,7,Married,6,Male,3,2,3,Laptop & Accessory,4,1,1,2
2568,54506,1,Mobile Phone,1,33,Married,4,Male,3,2,3,Mobile Phone,3,1,0,1
2569,54521,31,Mobile Phone,1,7,Married,4,Male,3,2,3,Laptop & Accessory,4,3,0,1
2570,54532,3,PC,1,30,Single,4,Male,3,2,3,Mobile Phone,11,1,0,1
2571,54544,1,PC,1,18,Married,4,Female,3,2,3,Mobile Phone,3,4,0,2
2572,54571,4,Mobile Phone,1,9,Single,6,Female,3,2,3,Laptop & Accessory,4,1,0,2
2573,54579,1,Mobile Phone,1,30,Married,4,Female,3,2,3,Mobile Phone,3,1,0,1
2574,54598,4,Mobile Phone,3,14,Single,4,Male,3,2,3,Mobile Phone,2,4,0,1
2575,54615,3,Mobile Phone,1,26,Married,4,Male,3,2,3,Laptop & Accessory,6,1,0,2
2576,54625,11,Mobile Phone,1,7,Single,4,Female,3,2,3,Fashion,6,1,0,2
2577,54644,9,Mobile Phone,1,32,Single,5,Male,3,2,3,Laptop & Accessory,6,1,0,2
2578,54654,18,Mobile Phone,2,7,Single,5,Female,3,2,3,Laptop & Accessory,6,3,0,2
2579,54657,1,Mobile Phone,3,29,Single,4,Male,3,2,3,Mobile Phone,3,3,0,1
2580,54660,7,Mobile Phone,3,15,Married,4,Male,3,2,3,Laptop & Accessory,2,3,0,1
2581,54677,1,Mobile Phone,1,11,Married,2,Male,3,2,3,Mobile Phone,4,5,0,1
2582,54678,1,Mobile Phone,3,15,Married,2,Male,3,2,3,Laptop & Accessory,2,4,0,2
2583,54711,1,Mobile Phone,1,16,Married,4,Male,3,2,3,Mobile Phone,3,5,0,2
2584,54731,26,Pad,1,26,Married,4,Male,3,2,3,Mobile Phone,2,1,0,2
2585,54742,4,Mobile Phone,1,7,Married,6,Male,3,2,3,Mobile Phone,5,3,0,2
2586,54758,16,Mobile Phone,1,7,Married,5,Female,3,2,3,Laptop & Accessory,11,1,1,1
2587,54774,8,Mobile Phone,2,10,Married,4,Male,3,2,3,Mobile Phone,2,1,0,2
2588,54800,23,Mobile Phone,1,7,Married,4,Female,3,2,3,Mobile Phone,4,5,0,1
2589,54805,5,PC,1,18,Married,4,Male,3,2,3,Mobile Phone,5,1,1,1
2590,54858,3,Pad,3,27,Married,4,Female,3,2,3,Mobile Phone,3,1,0,1
2591,54873,7,Mobile Phone,1,20,Single,4,Female,3,2,3,Mobile Phone,5,1,0,2
2592,54876,7,Pad,1,7,Married,2,Female,3,2,3,Laptop & Accessory,3,4,1,2
2593,54901,9,Mobile Phone,1,17,Married,4,Male,3,2,3,Mobile Phone,3,1,0,1
2594,54947,1,Pad,1,15,Married,6,Male,3,2,3,Mobile Phone,3,3,0,2
2595,54951,7,Mobile Phone,1,12,Married,5,Male,3,2,3,Fashion,6,1,0,2
2596,54981,9,Pad,3,18,Married,4,Male,3,2,3,Laptop & Accessory,3,1,0,2
2597,54988,2,Pad,1,13,Married,5,Male,3,2,3,Mobile Phone,3,3,1,2
2598,55002,1,Mobile Phone,1,31,Single,4,Male,3,2,3,Mobile Phone,10,4,0,1
2599,55015,19,Mobile Phone,1,14,Married,4,Female,3,2,3,Mobile Phone,6,3,1,1
2600,55017,1,Mobile Phone,1,6,Single,5,Male,3,2,3,Mobile Phone,3,3,0,1
2601,55078,8,Mobile Phone,3,9,Single,4,Female,3,2,3,Laptop & Accessory,2,5,1,2
2602,55082,2,Pad,1,8,Single,4,Male,3,2,3,Mobile Phone,2,3,1,2
2603,55094,2,PC,1,8,Single,4,Male,3,2,3,Mobile Phone,4,5,0,2
2604,55152,6,Mobile Phone,3,9,Married,4,Male,3,2,3,Laptop & Accessory,2,4,1,2
2605,55164,1,Mobile Phone,1,8,Married,4,Male,3,2,3,Mobile Phone,6,1,0,1
2606,55188,8,Mobile Phone,1,8,Married,5,Female,3,2,3,Mobile Phone,7,4,0,2
2607,55227,7,Mobile Phone,1,11,Married,5,Female,3,2,3,Mobile Phone,10,4,0,2
2608,55232,23,Mobile Phone,1,10,Married,5,Female,3,2,3,Laptop & Accessory,6,5,0,1
2609,55252,7,Mobile Phone,1,32,Single,5,Male,3,2,3,Laptop & Accessory,3,4,0,2
2610,55281,12,Mobile Phone,3,23,Single,4,Female,3,2,3,Laptop & Accessory,4,4,0,2
2611,55293,14,Mobile Phone,3,21,Married,4,Female,3,2,3,Laptop & Accessory,3,5,0,1
2612,55294,17,Mobile Phone,1,34,Married,2,Male,3,2,3,Mobile Phone,7,4,0,2
2613,55300,6,Mobile Phone,1,12,Married,2,Female,3,2,3,Mobile Phone,5,1,0,2
2614,55319,11,Mobile Phone,1,26,Married,4,Male,3,2,3,Laptop & Accessory,5,3,0,1
2615,55322,12,Mobile Phone,1,9,Married,5,Female,3,2,3,Fashion,5,3,1,1
2616,55326,18,Pad,2,8,Married,4,Male,3,2,3,Laptop & Accessory,6,1,1,2
2617,55330,1,Mobile Phone,1,15,Married,2,Female,3,2,3,Mobile Phone,9,3,0,1
2618,55331,1,Pad,1,9,Single,4,Male,3,2,3,Mobile Phone,4,1,0,1
2619,55334,13,Mobile Phone,1,12,Married,4,Female,3,2,3,Fashion,6,5,0,2
2620,55343,13,Pad,1,8,Married,5,Female,3,2,3,Laptop & Accessory,2,3,0,1
2621,55358,1,Mobile Phone,3,16,Single,4,Male,3,2,3,Mobile Phone,3,5,0,1
2622,55359,7,Pad,3,23,Married,4,Female,3,2,3,Laptop & Accessory,3,1,1,1
2623,55364,27,Mobile Phone,1,31,Married,2,Male,3,2,3,Fashion,5,1,0,1
2624,55380,3,Mobile Phone,1,16,Married,4,Female,3,2,3,Mobile Phone,11,3,0,1
2625,55389,15,Pad,2,11,Married,6,Male,3,2,3,Laptop & Accessory,8,4,0,1
2626,55399,1,Mobile Phone,1,11,Single,4,Female,3,2,3,Mobile Phone,3,4,0,1
2627,55408,5,Mobile Phone,3,12,Married,4,Male,3,2,3,Laptop & Accessory,3,3,0,2
2628,55454,17,Pad,1,16,Single,4,Male,3,2,3,Mobile Phone,6,3,0,2
2629,55455,15,Mobile Phone,1,12,Single,2,Male,3,2,3,Laptop & Accessory,5,4,0,1
2630,55470,1,Mobile Phone,3,17,Single,4,Male,3,2,3,Laptop & Accessory,3,1,0,2
2631,55478,1,Pad,1,12,Single,4,Female,3,2,3,Mobile Phone,2,1,1,2
2632,55502,5,Mobile Phone,1,27,Married,4,Male,3,2,3,Laptop & Accessory,3,3,0,1
2633,55504,3,PC,1,14,Single,4,Male,3,2,3,Mobile Phone,5,5,0,1
2634,55506,9,Mobile Phone,1,23,Married,5,Female,3,2,3,Laptop & Accessory,2,4,1,1
2635,55527,13,Pad,3,28,Married,6,Female,3,2,3,Laptop & Accessory,8,3,0,1
2636,55528,1,PC,1,9,Married,4,Male,3,2,3,Mobile Phone,3,4,0,1
2637,55548,3,Mobile Phone,1,8,Married,4,Male,3,2,3,Laptop & Accessory,2,5,0,1
2638,55549,6,Pad,1,22,Married,4,Female,3,2,3,Laptop & Accessory,7,1,0,1
2639,55561,12,Pad,2,8,Married,4,Male,3,2,3,Mobile Phone,2,4,1,1
2640,55568,1,Mobile Phone,1,8,Single,5,Male,3,2,3,Laptop & Accessory,3,3,0,2
2641,55572,1,PC,2,9,Married,4,Female,3,2,3,Mobile Phone,6,4,0,1
2642,55574,1,Mobile Phone,1,9,Married,4,Male,3,2,3,Mobile Phone,8,3,1,1
2643,55578,5,Mobile Phone,3,9,Married,4,Male,3,2,3,Mobile Phone,2,3,0,1
2644,55580,16,Mobile Phone,1,25,Married,4,Male,3,2,3,Laptop & Accessory,8,5,1,2
2645,55596,18,PC,1,8,Single,4,Male,3,2,3,Mobile Phone,8,1,1,2
2646,55597,1,PC,3,12,Single,4,Male,3,2,3,Mobile Phone,3,5,1,2
2647,55630,8,Mobile Phone,1,15,Married,2,Male,3,2,3,Laptop & Accessory,4,3,0,2
2648,50429,13,PC,1,14,Single,4,Female,2,2,3,Household,1,2,1,2
2649,50493,17,Mobile Phone,1,10,Single,3,Male,2,2,3,Laptop & Accessory,10,4,0,1
2650,51899,13,PC,1,14,Single,4,Female,2,2,3,Household,1,1,1,0
2651,51963,17,Mobile Phone,1,10,Single,3,Male,2,2,3,Laptop & Accessory,10,4,0,1
2652,53029,4,Mobile Phone,3,12,Married,5,Female,2,2,3,Laptop & Accessory,3,3,0,1
2653,53493,7,Pad,3,14,Divorced,4,Female,2,2,3,Laptop & Accessory,2,4,0,2
2654,53756,29,Mobile Phone,1,11,Divorced,4,Male,2,2,3,Laptop & Accessory,2,3,1,1
2655,54499,4,Mobile Phone,3,12,Married,5,Female,2,2,3,Laptop & Accessory,3,3,0,2
2656,54963,7,Pad,3,14,Married,4,Female,2,2,3,Laptop & Accessory,2,4,0,1
2657,55226,29,Mobile Phone,1,11,Married,4,Male,2,2,3,Laptop & Accessory,2,3,1,2
2658,54766,12,Pad,1,19,Married,5,Male,1,2,3,Laptop & Accessory,4,5,0,2
2659,51258,4,Pad,1,9,Married,3,Male,0,2,3,Household,2,5,1,0
2660,51273,27,PC,1,15,Married,3,Female,0,2,3,Laptop & Accessory,4,3,0,0
2661,52728,4,Pad,1,9,Married,3,Male,0,2,3,Household,2,5,1,2
2662,52743,27,PC,1,15,Married,3,Female,0,2,3,Laptop & Accessory,4,3,0,1
2663,51537,7,PC,1,15,Single,3,Female,4,1,3,Household,2,4,0,0
2664,50085,19,Mobile Phone,1,6,Married,3,Male,3,1,3,Fashion,8,5,0,0
2665,50240,13,PC,1,16,Divorced,3,Female,3,1,3,Household,7,5,0,1
2666,50243,23,Mobile Phone,1,16,Single,4,Male,3,1,3,Fashion,7,2,0,0
2667,50256,3,PC,3,16,Married,3,Female,3,1,3,Laptop & Accessory,2,3,1,0
2668,50337,8,PC,3,6,Single,3,Female,3,1,3,Laptop & Accessory,2,3,0,0
2669,50361,7,PC,1,12,Married,4,Female,3,1,3,Household,1,3,0,1
2670,50450,7,PC,1,6,Single,1,Female,3,1,3,Household,3,2,0,0
2671,50482,7,Pad,1,14,Single,4,Female,3,1,3,Household,2,2,0,1
2672,50498,5,PC,3,19,Married,3,Male,3,1,3,Laptop & Accessory,3,2,0,0
2673,50499,3,Pad,1,11,Married,4,Male,3,1,3,Mobile Phone,10,2,0,0
2674,50502,5,Mobile Phone,1,14,Divorced,1,Female,3,1,3,Laptop & Accessory,6,3,0,1
2675,50509,9,PC,2,14,Divorced,4,Male,3,1,3,Household,1,5,0,1
2676,50510,3,PC,3,9,Divorced,3,Male,3,1,3,Laptop & Accessory,2,5,1,1
2677,50519,15,Mobile Phone,1,9,Divorced,1,Female,3,1,3,Laptop & Accessory,3,2,1,0
2678,50533,2,PC,1,14,Married,4,Female,3,1,3,Household,7,2,0,1
2679,50548,15,Mobile Phone,3,20,Single,4,Female,3,1,3,Laptop & Accessory,8,3,0,0
2680,50602,4,Pad,1,6,Divorced,3,Female,3,1,3,Laptop & Accessory,2,5,0,1
2681,50645,7,Pad,1,6,Married,4,Female,3,1,3,Household,2,3,0,1
2682,50692,12,Pad,1,15,Single,3,Male,3,1,3,Laptop & Accessory,21,4,0,1
2683,50710,7,Mobile Phone,3,15,Divorced,3,Female,3,1,3,Laptop & Accessory,2,3,0,1
2684,50735,7,PC,1,21,Divorced,5,Female,3,1,3,Household,1,2,1,1
2685,50741,3,PC,3,35,Married,3,Male,3,1,3,Laptop & Accessory,9,5,0,1
2686,50754,15,Pad,2,8,Divorced,1,Male,3,1,3,Laptop & Accessory,8,5,0,0
2687,50778,3,PC,1,14,Married,3,Male,3,1,3,Household,2,3,0,1
2688,50902,5,Mobile Phone,3,13,Divorced,3,Male,3,1,3,Laptop & Accessory,5,2,0,1
2689,50968,7,PC,1,34,Married,3,Male,3,1,3,Household,5,1,0,1
2690,51056,7,Mobile Phone,1,13,Single,3,Male,3,1,3,Household,3,4,0,0
2691,51103,4,PC,1,8,Married,3,Male,3,1,3,Household,2,3,0,0
2692,51111,19,Mobile Phone,3,8,Married,3,Male,3,1,3,Fashion,5,1,1,0
2693,51184,11,Mobile Phone,3,8,Married,5,Female,3,1,3,Laptop & Accessory,3,1,1,0
2694,51252,11,PC,1,15,Married,3,Male,3,1,3,Mobile Phone,3,1,0,1
2695,51366,3,Pad,1,17,Married,1,Female,3,1,3,Laptop & Accessory,1,3,0,0
2696,51398,17,Mobile Phone,3,6,Married,3,Female,3,1,3,Laptop & Accessory,6,5,1,1
2697,51412,9,Pad,1,17,Single,4,Male,3,1,3,Laptop & Accessory,2,4,0,1
2698,51430,7,PC,1,6,Married,3,Male,3,1,3,Laptop & Accessory,2,4,0,1
2699,51433,7,PC,1,15,Married,3,Male,3,1,3,Household,4,1,0,1
2700,51555,19,Mobile Phone,1,6,Married,3,Male,3,1,3,Fashion,8,5,0,0
2701,51710,13,PC,1,16,Married,3,Female,3,1,3,Household,7,5,0,1
2702,51713,23,Mobile Phone,1,16,Single,4,Male,3,1,3,Fashion,7,1,0,1
2703,51726,3,PC,3,16,Married,3,Female,3,1,3,Laptop & Accessory,2,3,1,0
2704,51743,3,PC,3,10,Single,4,Female,3,1,3,Laptop & Accessory,2,1,1,0
2705,51807,8,PC,3,6,Single,3,Female,3,1,3,Laptop & Accessory,2,3,0,1
2706,51831,7,PC,1,12,Married,4,Female,3,1,3,Household,1,3,0,0
2707,51920,7,PC,1,6,Single,1,Female,3,1,3,Household,3,1,0,1
2708,51952,7,Pad,1,14,Single,4,Female,3,1,3,Household,2,1,0,1
2709,51968,5,PC,3,19,Married,3,Male,3,1,3,Laptop & Accessory,3,1,0,0
2710,51969,3,Pad,1,11,Married,4,Male,3,1,3,Mobile Phone,10,1,0,0
2711,51972,5,Mobile Phone,1,14,Married,1,Female,3,1,3,Laptop & Accessory,6,3,0,1
2712,51979,9,PC,2,14,Married,4,Male,3,1,3,Household,1,5,0,0
2713,51980,3,PC,3,9,Married,3,Male,3,1,3,Laptop & Accessory,2,5,1,0
2714,51989,15,Mobile Phone,1,9,Married,1,Female,3,1,3,Laptop & Accessory,3,1,1,1
2715,52003,2,PC,1,14,Married,4,Female,3,1,3,Household,7,1,0,1
2716,52018,15,Mobile Phone,3,20,Single,4,Female,3,1,3,Laptop & Accessory,8,3,0,1
2717,52072,4,Pad,1,6,Married,3,Female,3,1,3,Laptop & Accessory,2,5,0,1
2718,52115,7,Pad,1,6,Married,4,Female,3,1,3,Household,2,3,0,0
2719,52162,12,Pad,1,15,Single,3,Male,3,1,3,Laptop & Accessory,10,4,0,1
2720,52180,7,Mobile Phone,3,15,Married,3,Female,3,1,3,Laptop & Accessory,2,3,0,0
2721,52205,7,PC,1,21,Married,5,Female,3,1,3,Household,1,1,1,1
2722,52211,3,PC,3,35,Married,3,Male,3,1,3,Laptop & Accessory,9,5,0,1
2723,52224,15,Pad,2,8,Married,1,Male,3,1,3,Laptop & Accessory,8,5,0,1
2724,52248,3,PC,1,14,Married,3,Male,3,1,3,Household,2,3,0,1
2725,52372,5,Mobile Phone,3,13,Married,3,Male,3,1,3,Laptop & Accessory,5,1,0,0
2726,52438,7,PC,1,34,Married,3,Male,3,1,3,Household,5,1,0,1
2727,52526,7,Mobile Phone,1,13,Single,3,Male,3,1,3,Household,3,4,0,0
2728,52573,4,PC,1,8,Married,3,Male,3,1,3,Household,2,3,0,1
2729,52581,19,Mobile Phone,3,8,Married,3,Male,3,1,3,Fashion,5,1,1,0
2730,52654,11,Mobile Phone,3,8,Married,5,Female,3,1,3,Laptop & Accessory,3,1,1,0
2731,52722,11,PC,1,15,Married,3,Male,3,1,3,Mobile Phone,3,1,0,0
2732,50060,26,PC,1,19,Married,2,Female,2,1,3,Laptop & Accessory,2,5,0,1
2733,50067,7,PC,1,15,Single,3,Female,2,1,3,Household,2,4,0,1
2734,50185,4,PC,1,11,Divorced,3,Male,2,1,3,Mobile Phone,1,2,1,0
2735,50208,27,Pad,1,26,Single,3,Female,2,1,3,Laptop & Accessory,4,3,0,1
2736,50263,13,Mobile Phone,3,8,Married,3,Female,2,1,3,Laptop & Accessory,8,4,0,0
2737,50273,3,PC,3,10,Single,4,Female,2,1,3,Laptop & Accessory,2,2,1,0
2738,50357,7,PC,1,6,Divorced,4,Male,2,1,3,Mobile Phone,2,2,1,0
2739,50455,7,PC,1,8,Single,4,Female,2,1,3,Mobile Phone,2,5,0,1
2740,50514,3,PC,3,10,Divorced,4,Male,2,1,3,Laptop & Accessory,2,5,0,1
2741,50531,7,PC,2,9,Married,3,Male,2,1,3,Household,4,4,1,0
2742,50579,11,Pad,3,16,Single,3,Female,2,1,3,Laptop & Accessory,2,2,1,0
2743,50609,3,Mobile Phone,1,8,Divorced,1,Male,2,1,3,Laptop & Accessory,2,2,0,1
2744,50657,3,PC,1,6,Divorced,4,Male,2,1,3,Mobile Phone,2,5,0,0
2745,50708,13,Mobile Phone,1,31,Married,4,Female,2,1,3,Laptop & Accessory,8,2,0,0
2746,50760,13,Mobile Phone,3,16,Married,4,Female,2,1,3,Laptop & Accessory,8,4,0,1
2747,50843,13,PC,1,14,Divorced,3,Male,2,1,3,Household,4,4,0,1
2748,50858,11,Pad,1,14,Married,1,Male,2,1,3,Household,2,3,0,0
2749,50898,13,Pad,1,11,Single,1,Male,2,1,3,Household,1,3,0,1
2750,50901,3,PC,3,10,Divorced,3,Female,2,1,3,Laptop & Accessory,2,3,1,1
2751,50904,7,PC,1,11,Divorced,1,Male,2,1,3,Household,3,3,1,1
2752,50917,1,Mobile Phone,3,11,Single,3,Male,2,1,3,Laptop & Accessory,1,5,0,1
2753,50922,17,PC,1,26,Single,3,Male,2,1,3,Household,2,4,0,1
2754,50923,6,Pad,3,13,Divorced,3,Male,2,1,3,Laptop & Accessory,1,5,0,0
2755,50940,7,PC,2,6,Married,3,Male,2,1,3,Household,1,3,0,0
2756,50946,1,Pad,3,13,Single,3,Male,2,1,3,Laptop & Accessory,1,5,0,1
2757,50985,3,Mobile Phone,3,35,Married,3,Male,2,1,3,Fashion,4,4,0,0
2758,51001,2,Pad,1,8,Married,3,Male,2,1,3,Laptop & Accessory,2,1,0,0
2759,51020,4,Pad,3,8,Single,3,Male,2,1,3,Laptop & Accessory,8,5,0,0
2760,51044,3,Pad,1,8,Single,3,Female,2,1,3,Mobile Phone,2,1,1,1
2761,51087,13,Pad,3,6,Married,5,Male,2,1,3,Laptop & Accessory,2,1,0,0
2762,51102,5,Pad,1,16,Married,3,Male,2,1,3,Household,7,3,0,0
2763,51119,18,Mobile Phone,2,10,Married,5,Female,2,1,3,Fashion,5,3,0,1
2764,51152,13,PC,3,15,Married,4,Male,2,1,3,Laptop & Accessory,2,4,0,0
2765,51159,7,PC,1,6,Married,3,Male,2,1,3,Household,2,1,0,0
2766,51175,13,Mobile Phone,1,6,Married,3,Female,2,1,3,Laptop & Accessory,5,1,0,0
2767,51231,9,Mobile Phone,3,23,Married,4,Male,2,1,3,Laptop & Accessory,3,4,0,1
2768,51238,18,Pad,1,6,Single,3,Male,2,1,3,Laptop & Accessory,5,3,0,1
2769,51335,2,PC,1,19,Married,4,Male,2,1,3,Laptop & Accessory,5,4,1,1
2770,51341,9,Pad,1,14,Married,1,Male,2,1,3,Laptop & Accessory,5,1,0,0
2771,51343,3,Mobile Phone,1,10,Married,1,Male,2,1,3,Laptop & Accessory,2,4,1,1
2772,51356,8,PC,1,14,Married,1,Male,2,1,3,Household,1,4,0,1
2773,51377,17,Mobile Phone,1,16,Married,3,Male,2,1,3,Laptop & Accessory,3,1,1,0
2774,51385,6,Pad,3,6,Married,1,Female,2,1,3,Laptop & Accessory,3,5,0,0
2775,51416,33,Pad,3,6,Single,4,Female,2,1,3,Laptop & Accessory,8,3,0,1
2776,51461,13,Mobile Phone,3,9,Single,3,Male,2,1,3,Fashion,3,1,0,0
2777,51487,18,PC,1,35,Single,3,Male,2,1,3,Household,6,1,0,1
2778,51530,26,PC,1,19,Married,1,Female,2,1,3,Laptop & Accessory,2,5,0,1
2779,51655,4,PC,1,11,Married,3,Male,2,1,3,Mobile Phone,1,1,1,1
2780,51678,27,Pad,1,26,Single,3,Female,2,1,3,Laptop & Accessory,4,3,0,0
2781,51733,13,Mobile Phone,3,8,Married,3,Female,2,1,3,Laptop & Accessory,8,4,0,0
2782,51827,7,PC,1,6,Married,4,Male,2,1,3,Mobile Phone,2,1,1,1
2783,51925,7,PC,1,8,Single,4,Female,2,1,3,Mobile Phone,2,5,0,1
2784,51984,3,PC,3,10,Married,4,Male,2,1,3,Laptop & Accessory,2,5,0,1
2785,52001,7,PC,2,9,Married,3,Male,2,1,3,Household,4,4,1,0
2786,52049,11,Pad,3,16,Single,3,Female,2,1,3,Laptop & Accessory,2,1,1,1
2787,52079,3,Mobile Phone,1,8,Married,1,Male,2,1,3,Laptop & Accessory,2,1,0,1
2788,52127,3,PC,1,6,Married,4,Male,2,1,3,Mobile Phone,2,5,0,1
2789,52178,13,Mobile Phone,1,31,Married,4,Female,2,1,3,Laptop & Accessory,8,1,0,1
2790,52230,13,Mobile Phone,3,16,Married,4,Female,2,1,3,Laptop & Accessory,8,4,0,1
2791,52313,13,PC,1,14,Married,3,Male,2,1,3,Household,4,4,0,1
2792,52317,24,Mobile Phone,1,17,Single,4,Female,2,1,3,Grocery,4,4,0,0
2793,52328,11,Pad,1,14,Married,1,Male,2,1,3,Household,2,3,0,0
2794,52368,13,Pad,1,11,Single,1,Male,2,1,3,Household,1,3,0,0
2795,52371,3,PC,3,10,Married,3,Female,2,1,3,Laptop & Accessory,2,3,1,1
2796,52374,7,PC,1,11,Married,1,Male,2,1,3,Household,3,3,1,0
2797,52387,1,Mobile Phone,3,11,Single,3,Male,2,1,3,Laptop & Accessory,1,5,0,0
2798,52388,17,Pad,1,11,Single,4,Male,2,1,3,Household,4,3,0,0
2799,52392,17,PC,1,26,Single,3,Male,2,1,3,Household,2,4,0,1
2800,52393,6,Pad,3,13,Married,3,Male,2,1,3,Laptop & Accessory,1,5,0,1
2801,52410,7,PC,2,7,Married,3,Male,2,1,3,Household,1,3,0,0
2802,52416,1,Pad,3,13,Single,3,Male,2,1,3,Laptop & Accessory,1,5,0,1
2803,52455,7,Mobile Phone,3,35,Married,3,Male,2,1,3,Fashion,4,4,0,1
2804,52471,2,Pad,1,8,Married,3,Male,2,1,3,Laptop & Accessory,2,1,0,1
2805,52490,4,Pad,3,8,Single,3,Male,2,1,3,Laptop & Accessory,8,5,0,1
2806,52514,3,Pad,1,8,Single,3,Female,2,1,3,Mobile Phone,2,1,1,0
2807,52557,13,Pad,3,7,Married,5,Male,2,1,3,Laptop & Accessory,2,1,0,1
2808,52572,5,Pad,1,16,Married,3,Male,2,1,3,Household,7,3,0,0
2809,52589,18,Mobile Phone,2,10,Married,5,Female,2,1,3,Fashion,5,3,0,1
2810,52622,13,PC,3,15,Married,4,Male,2,1,3,Laptop & Accessory,2,4,0,1
2811,52629,7,PC,1,7,Married,3,Male,2,1,3,Household,2,1,0,0
2812,52645,13,Mobile Phone,1,7,Married,3,Female,2,1,3,Laptop & Accessory,5,1,0,0
2813,52701,9,Mobile Phone,3,23,Married,4,Male,2,1,3,Laptop & Accessory,3,4,0,1
2814,52708,18,Pad,1,7,Single,3,Male,2,1,3,Laptop & Accessory,5,3,0,0
2815,52805,2,PC,1,19,Married,4,Male,2,1,3,Laptop & Accessory,5,4,1,0
2816,52811,9,Pad,1,14,Married,1,Male,2,1,3,Laptop & Accessory,5,1,0,0
2817,52813,3,Mobile Phone,1,10,Married,1,Male,2,1,3,Laptop & Accessory,2,4,1,0
2818,50050,18,Mobile Phone,3,10,Married,3,Female,1,1,3,Laptop & Accessory,5,5,1,0
2819,51520,18,Mobile Phone,3,10,Married,3,Female,1,1,3,Laptop & Accessory,5,5,1,0
2820,50136,5,Pad,1,13,Divorced,2,Male,0,1,3,Household,2,4,0,0
2821,50648,29,Pad,1,15,Divorced,3,Female,0,1,3,Household,3,3,0,0
2822,50865,13,PC,1,10,Divorced,3,Male,0,1,3,Household,8,3,1,1
2823,50891,7,Pad,1,6,Married,3,Male,0,1,3,Household,6,5,0,1
2824,50918,17,Pad,1,11,Single,4,Male,0,1,3,Household,4,3,0,0
2825,51013,3,Pad,1,32,Married,4,Female,0,1,3,Household,2,3,1,0
2826,51178,8,PC,1,29,Married,5,Male,0,1,3,Household,1,3,0,1
2827,51606,5,Pad,1,13,Married,1,Male,0,1,3,Household,2,4,0,0
2828,52118,29,Pad,1,15,Married,3,Female,0,1,3,Household,3,3,0,1
2829,52335,13,PC,1,10,Married,3,Male,0,1,3,Household,8,3,1,1
2830,52361,7,Pad,1,7,Married,3,Male,0,1,3,Household,6,5,0,1
2831,52483,3,Pad,1,32,Married,4,Female,0,1,3,Household,2,3,1,1
2832,52648,8,PC,1,29,Married,5,Male,0,1,3,Household,1,3,0,0
2833,50857,3,Pad,3,24,Divorced,3,Female,3,3,2,Laptop & Accessory,1,3,1,3
2834,52327,3,Pad,3,24,Married,3,Female,3,3,2,Laptop & Accessory,1,3,1,3
2835,53289,1,Mobile Phone,1,9,Single,4,Male,3,3,2,Mobile Phone,8,3,0,1
2836,54759,1,Mobile Phone,1,9,Single,4,Male,3,3,2,Mobile Phone,8,3,0,3
2837,53112,1,Mobile Phone,1,32,Divorced,5,Female,4,2,2,Mobile Phone,7,4,0,1
2838,53630,1,Mobile Phone,1,14,Divorced,4,Male,4,2,2,Laptop & Accessory,3,3,0,2
2839,54143,14,Pad,3,7,Married,4,Male,4,2,2,Laptop & Accessory,9,3,0,2
2840,54582,1,Mobile Phone,1,32,Married,5,Female,4,2,2,Mobile Phone,7,4,0,2
2841,55100,1,Mobile Phone,1,14,Married,4,Male,4,2,2,Laptop & Accessory,3,3,0,1
2842,55613,14,Pad,3,8,Married,4,Male,4,2,2,Laptop & Accessory,9,3,0,2
2843,50024,3,PC,3,26,Divorced,5,Female,3,2,2,Laptop & Accessory,4,3,1,1
2844,50545,2,PC,1,14,Divorced,3,Male,3,2,2,Household,8,5,1,1
2845,50624,3,Pad,3,35,Single,5,Male,3,2,2,Laptop & Accessory,9,5,0,0
2846,50707,3,Pad,1,14,Divorced,3,Male,3,2,2,Household,2,3,0,2
2847,50897,3,PC,3,15,Divorced,4,Male,3,2,2,Mobile Phone,4,5,0,1
2848,50912,3,Pad,1,8,Divorced,3,Male,3,2,2,Mobile Phone,7,1,1,2
2849,51112,3,Mobile Phone,3,19,Married,4,Male,3,2,2,Laptop & Accessory,6,5,1,2
2850,51272,16,Mobile Phone,3,30,Single,3,Male,3,2,2,Fashion,7,5,1,2
2851,51478,3,PC,3,26,Married,5,Female,3,2,2,Laptop & Accessory,4,3,1,0
2852,52015,2,PC,1,14,Married,3,Male,3,2,2,Household,8,5,1,1
2853,52094,3,Pad,3,35,Single,5,Male,3,2,2,Laptop & Accessory,9,5,0,1
2854,52177,3,Pad,1,14,Married,3,Male,3,2,2,Household,2,3,0,1
2855,52367,3,PC,3,15,Married,4,Male,3,2,2,Mobile Phone,4,5,0,2
2856,52382,3,Pad,1,8,Married,3,Male,3,2,2,Mobile Phone,7,1,1,0
2857,52582,3,Mobile Phone,3,19,Married,4,Male,3,2,2,Laptop & Accessory,6,5,1,1
2858,52742,16,Mobile Phone,3,30,Single,3,Male,3,2,2,Fashion,7,5,1,0
2859,52825,1,PC,1,32,Single,6,Male,3,2,2,Mobile Phone,3,3,0,2
2860,52883,1,Mobile Phone,1,30,Divorced,5,Male,3,2,2,Laptop & Accessory,5,3,1,2
2861,52907,1,Pad,3,33,Single,5,Female,3,2,2,Laptop & Accessory,7,5,0,1
2862,52920,1,PC,1,25,Single,5,Male,3,2,2,Mobile Phone,3,2,1,1
2863,53204,1,PC,1,17,Single,4,Male,3,2,2,Household,3,3,1,1
2864,53347,1,Mobile Phone,1,32,Single,4,Male,3,2,2,Mobile Phone,3,2,1,2
2865,53411,1,PC,1,29,Divorced,4,Female,3,2,2,Mobile Phone,6,3,1,1
2866,54203,1,PC,1,32,Single,6,Male,3,2,2,Mobile Phone,3,3,0,1
2867,54353,1,Mobile Phone,1,30,Married,5,Male,3,2,2,Laptop & Accessory,5,3,1,2
2868,54377,1,Pad,3,33,Single,5,Female,3,2,2,Laptop & Accessory,7,5,0,2
2869,54390,1,PC,1,25,Single,5,Male,3,2,2,Mobile Phone,3,1,1,1
2870,54674,1,PC,1,17,Single,4,Male,3,2,2,Household,3,3,1,2
2871,54817,1,Mobile Phone,1,32,Single,4,Male,3,2,2,Mobile Phone,3,1,1,1
2872,54881,1,PC,1,29,Married,4,Female,3,2,2,Mobile Phone,6,3,1,1
2873,50013,3,PC,1,11,Single,3,Male,2,2,2,Household,2,3,1,2
2874,50199,3,PC,1,8,Divorced,5,Male,2,2,2,Household,6,2,1,2
2875,50674,7,PC,1,31,Single,4,Male,2,2,2,Household,5,4,1,0
2876,50791,3,Pad,1,14,Single,4,Female,2,2,2,Household,2,3,0,2
2877,50828,7,Pad,3,6,Single,3,Female,2,2,2,Household,2,4,1,1
2878,51043,3,Mobile Phone,3,21,Married,5,Male,2,2,2,Laptop & Accessory,7,1,1,1
2879,51202,3,Mobile Phone,3,8,Single,4,Male,2,2,2,Laptop & Accessory,8,4,1,2
2880,51245,3,Mobile Phone,3,19,Single,3,Female,2,2,2,Laptop & Accessory,4,3,1,2
2881,51318,3,PC,1,6,Married,3,Male,2,2,2,Mobile Phone,10,1,1,2
2882,51397,3,PC,1,11,Single,3,Male,2,2,2,Household,2,3,1,0
2883,51669,3,PC,1,8,Married,5,Male,2,2,2,Household,6,1,1,1
2884,52144,3,PC,1,31,Single,4,Male,2,2,2,Household,5,4,1,1
2885,52261,3,Pad,1,14,Single,4,Female,2,2,2,Household,2,3,0,1
2886,52298,7,Pad,3,7,Single,3,Female,2,2,2,Household,2,4,1,2
2887,52513,3,Mobile Phone,3,21,Married,5,Male,2,2,2,Laptop & Accessory,7,1,1,0
2888,52672,3,Mobile Phone,3,8,Single,4,Male,2,2,2,Laptop & Accessory,8,4,1,1
2889,52715,3,Mobile Phone,3,19,Single,3,Female,2,2,2,Laptop & Accessory,4,3,1,0
2890,52788,3,PC,1,7,Married,3,Male,2,2,2,Mobile Phone,10,1,1,2
2891,50423,5,Pad,1,25,Married,2,Male,0,2,2,Household,7,3,1,2
2892,50915,3,PC,2,15,Divorced,3,Female,0,2,2,Household,2,3,0,1
2893,51125,3,PC,3,15,Single,5,Female,0,2,2,Household,2,4,0,1
2894,51893,5,Pad,1,25,Married,1,Male,0,2,2,Household,7,3,1,0
2895,52385,3,PC,2,15,Married,3,Female,0,2,2,Household,2,3,0,2
2896,52595,3,PC,3,15,Single,5,Female,0,2,2,Household,2,4,0,2
2897,50016,7,PC,2,12,Married,3,Male,3,1,2,Household,5,5,1,1
2898,50115,3,PC,1,6,Single,4,Male,3,1,2,Mobile Phone,1,3,1,1
2899,50281,3,PC,1,9,Divorced,3,Male,3,1,2,Mobile Phone,6,5,0,1
2900,50467,3,Mobile Phone,3,22,Single,3,Female,3,1,2,Laptop & Accessory,6,5,0,1
2901,51077,3,PC,1,14,Single,4,Male,3,1,2,Mobile Phone,2,3,1,1
2902,51122,7,Pad,2,14,Married,4,Female,3,1,2,Household,7,1,0,1
2903,51446,7,PC,2,12,Married,3,Male,3,1,2,Household,5,5,1,0
2904,51585,3,PC,1,6,Single,4,Male,3,1,2,Mobile Phone,1,3,1,0
2905,51703,7,Pad,3,6,Single,4,Female,3,1,2,Household,2,4,1,1
2906,51751,3,PC,1,9,Married,3,Male,3,1,2,Mobile Phone,6,5,0,1
2907,51789,3,Pad,1,10,Single,4,Male,3,1,2,Mobile Phone,6,3,0,0
2908,51937,3,Mobile Phone,3,22,Single,3,Female,3,1,2,Laptop & Accessory,6,5,0,1
2909,52547,3,PC,1,14,Single,4,Male,3,1,2,Mobile Phone,2,3,1,1
2910,52559,7,PC,3,13,Married,3,Male,3,1,2,Household,2,1,1,1
2911,52592,7,Pad,2,14,Married,4,Female,3,1,2,Household,7,1,0,1
2912,50164,3,PC,1,14,Married,3,Male,2,1,2,Household,3,4,1,1
2913,50233,7,Pad,3,6,Single,4,Female,2,1,2,Household,2,4,1,1
2914,50316,3,Pad,2,29,Married,3,Female,2,1,2,Fashion,10,5,1,1
2915,50319,3,Pad,1,10,Single,4,Male,2,1,2,Mobile Phone,6,3,0,1
2916,50345,3,Pad,3,17,Divorced,2,Male,2,1,2,Laptop & Accessory,9,3,0,1
2917,50358,3,PC,3,19,Married,3,Male,2,1,2,Laptop & Accessory,3,5,0,0
2918,50449,3,Mobile Phone,3,14,Single,4,Male,2,1,2,Laptop & Accessory,7,5,0,1
2919,50538,7,PC,3,8,Single,4,Female,2,1,2,Household,2,3,0,0
2920,50542,3,PC,1,9,Divorced,3,Female,2,1,2,Laptop & Accessory,1,3,1,1
2921,50585,3,Pad,1,14,Single,4,Male,2,1,2,Household,1,5,1,1
2922,50601,3,PC,1,20,Married,4,Male,2,1,2,Mobile Phone,2,4,1,1
2923,50608,3,Pad,1,14,Single,3,Female,2,1,2,Household,1,4,0,0
2924,50638,7,Pad,1,8,Divorced,3,Male,2,1,2,Household,7,5,1,1
2925,50652,3,Pad,3,14,Single,3,Female,2,1,2,Household,2,2,1,0
2926,50829,7,PC,1,14,Divorced,3,Male,2,1,2,Household,5,5,0,1
2927,51089,7,PC,3,13,Married,3,Male,2,1,2,Household,2,1,1,1
2928,51634,3,PC,1,14,Married,3,Male,2,1,2,Household,3,4,1,1
2929,51786,3,Pad,2,29,Married,3,Female,2,1,2,Fashion,10,5,1,1
2930,51815,3,Pad,3,17,Married,1,Male,2,1,2,Laptop & Accessory,9,3,0,1
2931,51828,3,PC,3,19,Married,3,Male,2,1,2,Laptop & Accessory,3,5,0,0
2932,51919,3,Mobile Phone,3,14,Single,4,Male,2,1,2,Laptop & Accessory,7,5,0,0
2933,52008,7,PC,3,8,Single,4,Female,2,1,2,Household,2,3,0,1
2934,52012,3,PC,1,9,Married,3,Female,2,1,2,Laptop & Accessory,1,3,1,1
2935,52055,3,Pad,1,14,Single,4,Male,2,1,2,Household,1,5,1,0
2936,52071,3,PC,1,20,Married,4,Male,2,1,2,Mobile Phone,2,4,1,1
2937,52078,3,Pad,1,14,Single,3,Female,2,1,2,Household,1,4,0,0
2938,52108,7,Pad,1,8,Married,3,Male,2,1,2,Household,7,5,1,0
2939,52122,3,Pad,3,14,Single,3,Female,2,1,2,Household,2,1,1,1
2940,52299,7,PC,1,14,Married,3,Male,2,1,2,Household,5,5,0,1
2941,50009,13,PC,3,9,Divorced,4,Male,0,1,2,Household,2,3,1,0
2942,50058,4,PC,3,26,Single,3,Female,0,1,2,Household,2,4,1,0
2943,50355,3,Pad,1,13,Divorced,3,Female,0,1,2,Household,2,3,1,0
2944,50371,3,PC,3,8,Married,3,Male,0,1,2,Household,1,5,0,0
2945,50521,3,PC,3,6,Married,4,Female,0,1,2,Household,7,3,1,0
2946,50733,7,PC,1,16,Single,3,Male,0,1,2,Household,2,3,1,1
2947,50932,3,Pad,3,6,Divorced,3,Male,0,1,2,Household,4,3,0,1
2948,51382,13,PC,3,9,Married,4,Male,0,1,2,Household,2,3,1,1
2949,51528,4,PC,3,26,Single,3,Female,0,1,2,Household,2,4,1,0
2950,51825,3,Pad,1,13,Married,3,Female,0,1,2,Household,2,3,1,0
2951,51841,3,PC,3,8,Married,3,Male,0,1,2,Household,1,5,0,1
2952,51991,3,PC,3,6,Married,4,Female,0,1,2,Household,7,3,1,1
2953,52203,7,PC,1,16,Single,3,Male,0,1,2,Household,2,3,1,1
2954,52402,3,Pad,3,7,Married,3,Male,0,1,2,Household,4,3,0,1
2955,54116,7,Mobile Phone,1,22,Married,4,Female,4,9,2,Laptop & Accessory,2,1,1,6
2956,55586,7,Mobile Phone,1,22,Married,4,Female,4,9,2,Laptop & Accessory,2,1,1,7
2957,53349,18,Mobile Phone,1,16,Divorced,4,Male,4,8,2,Mobile Phone,3,5,1,3
2958,54819,18,Mobile Phone,1,16,Married,4,Male,4,8,2,Mobile Phone,3,5,1,6
2959,53785,14,Mobile Phone,3,16,Married,4,Male,3,8,2,Laptop & Accessory,2,5,0,3
2960,55255,14,Mobile Phone,3,16,Married,4,Male,3,8,2,Laptop & Accessory,2,5,0,8
2961,51022,7,Pad,1,16,Married,1,Male,2,7,2,Laptop & Accessory,2,1,0,5
2962,52492,7,Pad,1,16,Married,1,Male,2,7,2,Laptop & Accessory,2,1,0,3
2963,50048,7,Pad,1,9,Single,3,Male,1,7,2,Household,5,4,0,4
2964,51518,7,Pad,1,9,Single,3,Male,1,7,2,Household,5,4,0,5
2965,52918,3,Pad,3,7,Divorced,4,Female,3,5,2,Fashion,3,2,0,5
2966,54117,6,Mobile Phone,1,36,Single,5,Female,3,5,2,Mobile Phone,3,4,0,4
2967,54388,3,Pad,3,7,Married,4,Female,3,5,2,Fashion,3,1,0,5
2968,55587,6,Mobile Phone,1,36,Single,5,Female,3,5,2,Mobile Phone,3,4,0,1
2969,50551,4,PC,3,14,Divorced,4,Male,2,5,2,Household,4,3,0,3
2970,52021,4,PC,3,14,Married,4,Male,2,5,2,Household,4,3,0,2
2971,50976,8,PC,3,14,Married,4,Female,3,4,2,Household,1,3,0,2
2972,52446,8,PC,3,14,Married,4,Female,3,4,2,Household,1,3,0,2
2973,53255,19,Mobile Phone,3,9,Single,6,Male,3,4,2,Laptop & Accessory,2,3,0,1
2974,54725,19,Mobile Phone,3,9,Single,6,Male,3,4,2,Laptop & Accessory,2,3,0,2
2975,51373,15,Mobile Phone,3,14,Married,3,Male,2,4,2,Laptop & Accessory,1,4,0,2
2976,52870,12,PC,1,16,Single,4,Female,4,3,2,Mobile Phone,3,2,0,2
2977,54269,1,Mobile Phone,1,14,Married,5,Male,4,3,2,Mobile Phone,3,1,0,1
2978,54289,1,Mobile Phone,1,9,Married,4,Male,4,3,2,Mobile Phone,2,1,0,3
2979,54340,12,PC,1,16,Single,4,Female,4,3,2,Mobile Phone,3,1,0,2
2980,50275,7,PC,1,6,Divorced,4,Male,3,3,2,Household,2,5,0,2
2981,51745,7,PC,1,6,Married,4,Male,3,3,2,Household,2,5,0,3
2982,53161,1,Pad,3,31,Divorced,4,Male,3,3,2,Mobile Phone,2,2,0,1
2983,53428,15,Mobile Phone,1,14,Single,4,Female,3,3,2,Laptop & Accessory,8,3,0,2
2984,53625,1,PC,1,7,Single,4,Female,3,3,2,Mobile Phone,3,4,0,2
2985,53808,8,Mobile Phone,1,7,Married,4,Male,3,3,2,Laptop & Accessory,11,1,0,2
2986,53936,1,Pad,2,17,Married,4,Male,3,3,2,Mobile Phone,2,1,0,2
2987,54631,1,Pad,3,31,Married,4,Male,3,3,2,Mobile Phone,2,1,0,2
2988,54898,15,Mobile Phone,1,14,Single,4,Female,3,3,2,Laptop & Accessory,8,3,0,3
2989,55095,1,PC,1,8,Single,4,Female,3,3,2,Mobile Phone,3,4,0,2
2990,55278,8,Mobile Phone,1,8,Married,4,Male,3,3,2,Laptop & Accessory,11,1,0,1
2991,55406,1,Pad,2,17,Married,4,Male,3,3,2,Mobile Phone,2,1,0,1
2992,50600,3,PC,1,23,Married,4,Female,2,3,2,Laptop & Accessory,2,3,0,2
2993,50863,24,Pad,3,8,Divorced,3,Male,2,3,2,Fashion,3,4,0,2
2994,52070,3,PC,1,23,Married,4,Female,2,3,2,Laptop & Accessory,2,3,0,1
2995,52333,24,Pad,3,8,Married,3,Male,2,3,2,Fashion,3,4,0,3
2996,52855,1,Pad,1,10,Married,5,Male,4,2,2,Mobile Phone,3,3,1,1
2997,52964,11,Mobile Phone,3,13,Divorced,4,Male,4,2,2,Laptop & Accessory,6,2,0,1
2998,53250,12,Mobile Phone,1,9,Divorced,4,Male,4,2,2,Mobile Phone,8,3,1,1
2999,53263,3,Mobile Phone,1,34,Divorced,4,Female,4,2,2,Laptop & Accessory,6,3,0,2
3000,53309,1,Mobile Phone,1,9,Single,2,Male,4,2,2,Mobile Phone,9,5,0,2
3001,53371,13,Mobile Phone,1,14,Single,4,Male,4,2,2,Mobile Phone,4,2,0,1
3002,53425,1,PC,1,15,Divorced,6,Male,4,2,2,Mobile Phone,3,5,0,2
3003,53514,3,Pad,1,17,Married,4,Female,4,2,2,Mobile Phone,2,4,0,2
3004,53586,5,Mobile Phone,1,18,Divorced,4,Male,4,2,2,Laptop & Accessory,3,5,1,1
3005,53825,9,Mobile Phone,1,14,Married,5,Male,4,2,2,Mobile Phone,3,1,0,2
3006,53836,13,Mobile Phone,1,19,Married,4,Female,4,2,2,Laptop & Accessory,11,3,1,1
3007,54050,8,Mobile Phone,3,10,Married,5,Female,4,2,2,Laptop & Accessory,5,1,1,1
3008,54149,9,Mobile Phone,1,7,Married,6,Female,4,2,2,Mobile Phone,3,1,0,1
3009,54325,1,Pad,1,10,Married,5,Male,4,2,2,Mobile Phone,3,3,1,1
3010,54434,11,Mobile Phone,3,13,Married,4,Male,4,2,2,Laptop & Accessory,6,1,0,2
3011,54720,12,Mobile Phone,1,9,Married,4,Male,4,2,2,Mobile Phone,8,3,1,1
3012,54733,3,Mobile Phone,1,34,Married,4,Female,4,2,2,Laptop & Accessory,6,3,0,1
3013,54779,1,Mobile Phone,1,9,Single,2,Male,4,2,2,Mobile Phone,9,5,0,1
3014,54841,13,Mobile Phone,1,14,Single,4,Male,4,2,2,Mobile Phone,4,1,0,2
3015,54895,1,Mobile Phone,1,15,Married,6,Male,4,2,2,Mobile Phone,3,5,0,1
3016,54984,3,Pad,1,17,Married,4,Female,4,2,2,Mobile Phone,2,4,0,1
3017,55056,5,Mobile Phone,1,18,Married,4,Male,4,2,2,Laptop & Accessory,3,5,1,2
3018,55295,9,Mobile Phone,1,14,Married,5,Male,4,2,2,Mobile Phone,3,1,0,2
3019,55306,13,Mobile Phone,1,19,Married,4,Female,4,2,2,Laptop & Accessory,11,3,1,1
3020,55520,8,Mobile Phone,3,10,Married,5,Female,4,2,2,Laptop & Accessory,5,1,1,1
3021,55619,9,Mobile Phone,1,8,Married,6,Female,4,2,2,Mobile Phone,3,1,0,2
3022,50036,3,PC,1,14,Divorced,3,Male,3,2,2,Household,2,2,0,0
3023,50051,29,PC,1,14,Married,3,Female,3,2,2,Mobile Phone,5,5,1,1
3024,50117,5,Pad,3,32,Divorced,3,Male,3,2,2,Laptop & Accessory,1,2,0,1
3025,50253,9,PC,1,14,Divorced,3,Female,3,2,2,Household,5,3,0,1
3026,50544,1,PC,1,14,Married,3,Female,3,2,2,Household,6,3,0,2
3027,50611,21,PC,1,12,Single,4,Male,3,2,2,Laptop & Accessory,3,3,0,0
3028,50691,7,PC,1,6,Single,4,Female,3,2,2,Household,2,4,1,0
3029,50800,8,PC,1,12,Divorced,3,Male,3,2,2,Household,1,3,1,1
3030,50914,21,Mobile Phone,3,13,Married,3,Male,3,2,2,Laptop & Accessory,5,5,0,1
3031,50925,3,Mobile Phone,3,22,Divorced,3,Male,3,2,2,Laptop & Accessory,9,3,0,0
3032,50974,13,Pad,1,14,Married,3,Male,3,2,2,Laptop & Accessory,4,1,1,2
3033,51068,22,PC,1,14,Married,3,Female,3,2,2,Household,5,5,1,1
3034,51161,19,Pad,3,32,Single,4,Male,3,2,2,Laptop & Accessory,9,4,0,2
3035,51182,4,Pad,3,13,Married,3,Female,3,2,2,Fashion,3,5,0,2
3036,51228,17,Mobile Phone,1,6,Married,1,Male,3,2,2,Laptop & Accessory,3,5,0,2
3037,51236,4,PC,1,10,Married,1,Female,3,2,2,Mobile Phone,9,3,0,2
3038,51304,7,PC,3,6,Married,4,Male,3,2,2,Household,1,4,0,0
3039,51383,7,Mobile Phone,3,8,Married,3,Female,3,2,2,Household,2,1,0,2
3040,51506,3,PC,1,14,Married,3,Male,3,2,2,Household,2,1,0,2
3041,51521,29,PC,1,14,Married,3,Female,3,2,2,Mobile Phone,5,5,1,2
3042,51587,5,Pad,3,32,Married,3,Male,3,2,2,Laptop & Accessory,1,1,0,2
3043,51723,9,PC,1,14,Married,3,Female,3,2,2,Household,5,3,0,2
3044,52014,1,PC,1,14,Married,3,Female,3,2,2,Household,6,3,0,0
3045,52081,21,PC,1,12,Single,4,Male,3,2,2,Laptop & Accessory,3,3,0,0
3046,52161,7,PC,1,6,Single,4,Female,3,2,2,Household,2,4,1,1
3047,52226,5,Pad,1,19,Married,4,Female,3,2,2,Household,2,4,0,2
3048,52270,8,PC,1,12,Married,3,Male,3,2,2,Household,1,3,1,1
3049,52384,21,Mobile Phone,3,13,Married,3,Male,3,2,2,Laptop & Accessory,5,5,0,0
3050,52395,3,Mobile Phone,3,22,Married,3,Male,3,2,2,Laptop & Accessory,9,3,0,1
3051,52444,13,Pad,1,14,Married,3,Male,3,2,2,Laptop & Accessory,4,1,1,1
3052,52538,22,PC,1,14,Married,3,Female,3,2,2,Household,5,5,1,0
3053,52631,19,Pad,3,32,Single,4,Male,3,2,2,Laptop & Accessory,9,4,0,1
3054,52652,4,Pad,3,13,Married,3,Female,3,2,2,Fashion,3,5,0,2
3055,52698,17,Mobile Phone,1,7,Married,1,Male,3,2,2,Laptop & Accessory,3,5,0,1
3056,52706,4,PC,1,10,Married,1,Female,3,2,2,Mobile Phone,9,3,0,1
3057,52774,7,PC,3,7,Married,4,Male,3,2,2,Household,1,4,0,2
3058,52861,1,Mobile Phone,1,24,Divorced,4,Male,3,2,2,Mobile Phone,2,4,1,2
3059,52912,7,Mobile Phone,1,11,Divorced,5,Female,3,2,2,Mobile Phone,8,4,0,1
3060,53019,7,Pad,3,17,Single,5,Male,3,2,2,Laptop & Accessory,5,2,0,2
3061,53080,11,Mobile Phone,1,17,Single,4,Male,3,2,2,Laptop & Accessory,4,4,1,1
3062,53203,1,PC,1,10,Single,5,Male,3,2,2,Mobile Phone,2,2,0,1
3063,53267,3,Pad,3,6,Divorced,4,Male,3,2,2,Laptop & Accessory,2,2,0,1
3064,53311,9,Mobile Phone,1,34,Single,5,Female,3,2,2,Mobile Phone,3,5,0,2
3065,53458,11,Mobile Phone,1,10,Single,4,Female,3,2,2,Laptop & Accessory,5,4,0,2
3066,53563,7,Pad,3,32,Divorced,4,Female,3,2,2,Laptop & Accessory,3,3,0,1
3067,53576,1,Mobile Phone,3,17,Single,4,Male,3,2,2,Laptop & Accessory,2,2,0,1
3068,53600,1,Mobile Phone,1,32,Single,2,Female,3,2,2,Mobile Phone,3,2,1,2
3069,53601,1,PC,1,7,Divorced,4,Male,3,2,2,Mobile Phone,3,3,0,1
3070,53652,9,Pad,1,11,Single,4,Male,3,2,2,Laptop & Accessory,3,3,1,2
3071,53689,1,Mobile Phone,1,9,Single,5,Male,3,2,2,Mobile Phone,2,2,0,1
3072,53832,4,PC,1,14,Married,5,Male,3,2,2,Mobile Phone,3,4,0,1
3073,54145,19,Mobile Phone,3,27,Single,4,Female,3,2,2,Laptop & Accessory,10,3,0,2
3074,54210,9,PC,1,15,Married,2,Male,3,2,2,Mobile Phone,3,1,0,2
3075,54296,13,Mobile Phone,1,13,Married,4,Male,3,2,2,Laptop & Accessory,8,4,0,1
3076,54331,1,Mobile Phone,1,24,Married,4,Male,3,2,2,Mobile Phone,2,4,1,1
3077,54382,7,Mobile Phone,1,11,Married,5,Female,3,2,2,Mobile Phone,8,4,0,1
3078,54489,7,Pad,3,17,Single,5,Male,3,2,2,Laptop & Accessory,5,1,0,2
3079,54550,11,Mobile Phone,1,17,Single,4,Male,3,2,2,Laptop & Accessory,4,4,1,1
3080,54673,1,PC,1,10,Single,5,Male,3,2,2,Mobile Phone,2,1,0,2
3081,54737,1,Pad,3,15,Married,4,Male,3,2,2,Laptop & Accessory,2,1,0,2
3082,54781,9,Mobile Phone,1,34,Single,5,Female,3,2,2,Mobile Phone,3,5,0,1
3083,54928,11,Mobile Phone,1,10,Single,4,Female,3,2,2,Laptop & Accessory,5,4,0,2
3084,55033,7,Pad,3,32,Married,4,Female,3,2,2,Laptop & Accessory,3,3,0,1
3085,55046,1,Mobile Phone,3,17,Single,4,Male,3,2,2,Laptop & Accessory,2,1,0,2
3086,55070,1,Mobile Phone,1,32,Single,2,Female,3,2,2,Mobile Phone,3,1,1,1
3087,55071,1,PC,1,8,Married,4,Male,3,2,2,Mobile Phone,3,3,0,2
3088,55122,9,Pad,1,11,Single,4,Male,3,2,2,Laptop & Accessory,3,3,1,2
3089,55159,1,Mobile Phone,1,9,Single,5,Male,3,2,2,Mobile Phone,2,1,0,2
3090,55302,4,PC,1,14,Married,5,Male,3,2,2,Mobile Phone,3,4,0,2
3091,55615,19,Mobile Phone,3,27,Single,4,Female,3,2,2,Laptop & Accessory,10,3,0,1
3092,50037,7,Pad,1,15,Married,3,Male,2,2,2,Household,7,4,0,0
3093,50069,7,Pad,1,13,Married,2,Male,2,2,2,Household,5,2,0,0
3094,50082,3,PC,1,14,Married,2,Male,2,2,2,Household,2,4,1,0
3095,50106,25,PC,1,8,Single,4,Female,2,2,2,Household,8,2,0,0
3096,50108,7,PC,2,12,Divorced,3,Male,2,2,2,Household,9,3,0,2
3097,50230,3,Pad,3,31,Divorced,3,Female,2,2,2,Laptop & Accessory,8,3,1,1
3098,50238,3,Pad,3,14,Single,3,Male,2,2,2,Household,2,2,0,0
3099,50245,4,PC,1,14,Single,4,Male,2,2,2,Household,1,4,1,1
3100,50364,15,PC,1,8,Divorced,3,Female,2,2,2,Laptop & Accessory,2,2,0,2
3101,50396,21,Mobile Phone,3,8,Divorced,2,Male,2,2,2,Laptop & Accessory,4,4,0,2
3102,50412,33,Mobile Phone,3,22,Single,3,Male,2,2,2,Laptop & Accessory,9,5,0,1
3103,50415,23,PC,3,14,Divorced,3,Male,2,2,2,Mobile Phone,8,4,0,1
3104,50424,16,Pad,3,21,Divorced,4,Male,2,2,2,Laptop & Accessory,4,2,0,0
3105,50431,7,PC,3,16,Married,3,Male,2,2,2,Household,2,4,0,0
3106,50432,26,PC,1,14,Single,3,Male,2,2,2,Laptop & Accessory,3,2,0,1
3107,50472,8,PC,1,14,Single,1,Female,2,2,2,Household,4,3,0,0
3108,50506,3,PC,1,6,Divorced,4,Male,2,2,2,Laptop & Accessory,7,2,0,2
3109,50508,15,Pad,1,14,Single,3,Male,2,2,2,Household,6,2,1,0
3110,50526,16,Pad,1,6,Divorced,3,Female,2,2,2,Laptop & Accessory,5,2,0,1
3111,50615,3,PC,1,8,Divorced,3,Female,2,2,2,Laptop & Accessory,1,2,0,0
3112,50630,6,Pad,3,14,Single,4,Female,2,2,2,Household,1,2,0,2
3113,50669,7,PC,1,21,Married,3,Male,2,2,2,Household,2,3,0,2
3114,50709,3,PC,1,14,Divorced,4,Male,2,2,2,Household,2,3,0,2
3115,50724,8,Pad,1,14,Divorced,4,Male,2,2,2,Household,2,2,0,2
3116,50805,1,Pad,1,8,Divorced,4,Male,2,2,2,Mobile Phone,2,2,1,2
3117,50814,33,PC,1,14,Married,3,Male,2,2,2,Household,2,3,0,2
3118,50878,8,Pad,1,24,Single,3,Male,2,2,2,Fashion,3,2,0,0
3119,50938,17,Pad,1,8,Single,3,Male,2,2,2,Fashion,6,3,1,0
3120,50955,12,Mobile Phone,1,12,Single,3,Female,2,2,2,Fashion,5,4,0,0
3121,50981,6,Mobile Phone,3,14,Married,3,Male,2,2,2,Laptop & Accessory,3,5,0,2
3122,51003,7,PC,1,16,Married,1,Male,2,2,2,Household,3,3,0,2
3123,51076,17,PC,2,6,Married,3,Female,2,2,2,Household,5,1,1,2
3124,51146,7,Mobile Phone,3,9,Single,5,Female,2,2,2,Laptop & Accessory,6,1,0,1
3125,51168,12,Pad,3,26,Married,3,Male,2,2,2,Laptop & Accessory,3,1,0,1
3126,51211,12,PC,1,25,Married,3,Male,2,2,2,Laptop & Accessory,9,1,0,1
3127,51298,8,PC,1,17,Married,3,Male,2,2,2,Household,8,3,1,0
3128,51350,3,PC,1,8,Married,3,Male,2,2,2,Household,10,4,0,1
3129,51484,3,Mobile Phone,3,34,Married,4,Male,2,2,2,Laptop & Accessory,3,3,0,1
3130,51488,11,PC,1,9,Single,3,Female,2,2,2,Laptop & Accessory,4,3,1,2
3131,51507,7,Pad,1,15,Married,3,Male,2,2,2,Household,7,4,0,2
3132,51539,7,Pad,1,13,Married,1,Male,2,2,2,Household,5,1,0,1
3133,51552,3,PC,1,14,Married,1,Male,2,2,2,Household,2,4,1,2
3134,51576,25,PC,1,8,Single,4,Female,2,2,2,Household,8,1,0,2
3135,51578,7,PC,2,12,Married,3,Male,2,2,2,Household,9,3,0,0
3136,51700,3,Pad,3,31,Married,3,Female,2,2,2,Laptop & Accessory,8,3,1,2
3137,51708,3,Pad,3,14,Single,3,Male,2,2,2,Household,2,1,0,2
3138,51715,4,PC,1,14,Single,4,Male,2,2,2,Household,1,4,1,2
3139,51834,15,PC,1,8,Married,3,Female,2,2,2,Laptop & Accessory,2,1,0,0
3140,51866,21,Mobile Phone,3,8,Married,1,Male,2,2,2,Laptop & Accessory,4,4,0,0
3141,51882,33,Mobile Phone,3,22,Single,3,Male,2,2,2,Laptop & Accessory,9,5,0,2
3142,51885,23,PC,3,14,Married,3,Male,2,2,2,Mobile Phone,8,4,0,0
3143,51894,16,Pad,3,21,Married,4,Male,2,2,2,Laptop & Accessory,4,1,0,1
3144,51901,7,PC,3,16,Married,3,Male,2,2,2,Household,2,4,0,2
3145,51902,26,PC,1,14,Single,3,Male,2,2,2,Laptop & Accessory,3,1,0,2
3146,51942,8,PC,1,14,Single,1,Female,2,2,2,Household,4,3,0,2
3147,51976,3,PC,1,6,Married,4,Male,2,2,2,Laptop & Accessory,7,1,0,2
3148,51978,15,Pad,1,14,Single,3,Male,2,2,2,Household,6,1,1,1
3149,51996,16,Pad,1,6,Married,3,Female,2,2,2,Laptop & Accessory,5,1,0,1
3150,52085,3,PC,1,8,Married,3,Female,2,2,2,Laptop & Accessory,1,1,0,2
3151,52100,6,Pad,3,14,Single,4,Female,2,2,2,Household,1,1,0,0
3152,52139,7,PC,1,21,Married,3,Male,2,2,2,Household,2,3,0,0
3153,52179,3,PC,1,14,Married,4,Male,2,2,2,Household,2,3,0,1
3154,52194,8,Pad,1,14,Married,4,Male,2,2,2,Household,2,1,0,1
3155,52275,1,Pad,1,8,Married,4,Male,2,2,2,Mobile Phone,2,1,1,0
3156,52284,33,PC,1,14,Married,3,Male,2,2,2,Household,2,3,0,1
3157,52348,8,Pad,1,24,Single,3,Male,2,2,2,Fashion,3,1,0,2
3158,52408,17,Pad,1,8,Single,3,Male,2,2,2,Fashion,6,3,1,2
3159,52425,12,Mobile Phone,1,12,Single,3,Female,2,2,2,Fashion,5,4,0,2
3160,52451,6,Mobile Phone,3,14,Married,3,Male,2,2,2,Laptop & Accessory,3,5,0,2
3161,52473,7,PC,1,16,Married,1,Male,2,2,2,Household,3,3,0,0
3162,52546,17,PC,2,7,Married,3,Female,2,2,2,Household,5,1,1,2
3163,52616,7,Mobile Phone,3,9,Single,5,Female,2,2,2,Laptop & Accessory,6,1,0,2
3164,52638,12,Pad,3,26,Married,3,Male,2,2,2,Laptop & Accessory,3,1,0,1
3165,52681,12,PC,1,25,Married,3,Male,2,2,2,Laptop & Accessory,9,1,0,0
3166,52768,8,PC,1,17,Married,3,Male,2,2,2,Household,8,3,1,2
3167,50213,2,PC,1,15,Single,4,Male,1,2,2,Mobile Phone,1,2,0,2
3168,51403,8,PC,1,29,Married,3,Female,1,2,2,Mobile Phone,4,5,1,0
3169,51683,2,PC,1,15,Single,4,Male,1,2,2,Mobile Phone,1,1,0,1
3170,50168,4,Pad,3,11,Married,3,Female,0,2,2,Household,2,4,0,0
3171,50188,4,PC,1,8,Married,3,Male,0,2,2,Household,1,2,1,1
3172,50374,3,PC,1,12,Divorced,3,Male,0,2,2,Household,1,3,0,2
3173,50593,3,PC,1,22,Divorced,3,Female,0,2,2,Household,10,4,0,2
3174,50641,11,Pad,1,9,Divorced,3,Male,0,2,2,Household,4,3,0,2
3175,50694,4,Pad,3,26,Divorced,1,Male,0,2,2,Household,1,2,0,1
3176,50752,3,PC,3,27,Single,1,Male,0,2,2,Household,2,2,0,0
3177,50756,5,Pad,1,19,Divorced,4,Female,0,2,2,Household,2,4,0,0
3178,50788,3,PC,1,10,Single,3,Male,0,2,2,Household,2,2,1,0
3179,51028,3,PC,1,11,Single,3,Male,0,2,2,Household,2,1,0,1
3180,51054,3,PC,3,8,Single,3,Female,0,2,2,Household,2,3,0,0
3181,51199,1,Pad,2,6,Married,3,Male,0,2,2,Household,2,1,0,0
3182,51331,13,PC,1,8,Single,4,Male,0,2,2,Household,3,3,0,0
3183,51638,4,Pad,3,11,Married,3,Female,0,2,2,Household,2,4,0,0
3184,51658,4,PC,1,8,Married,3,Male,0,2,2,Household,1,1,1,2
3185,51844,3,PC,1,12,Married,3,Male,0,2,2,Household,1,3,0,1
3186,52063,3,PC,1,22,Married,3,Female,0,2,2,Household,10,4,0,2
3187,52111,11,Pad,1,9,Married,3,Male,0,2,2,Household,4,3,0,2
3188,52164,4,Pad,3,26,Married,1,Male,0,2,2,Household,1,1,0,2
3189,52222,3,PC,3,27,Single,1,Male,0,2,2,Household,2,1,0,2
3190,52258,3,PC,1,10,Single,3,Male,0,2,2,Household,2,1,1,2
3191,52498,3,PC,1,11,Single,3,Male,0,2,2,Household,2,1,0,0
3192,52524,3,PC,3,8,Single,3,Female,0,2,2,Household,2,3,0,0
3193,52669,1,Pad,2,7,Married,3,Male,0,2,2,Household,2,1,0,1
3194,52801,13,PC,1,8,Single,4,Male,0,2,2,Household,3,3,0,0
3195,50035,7,Pad,3,8,Divorced,3,Female,3,1,2,Household,7,3,0,1
3196,50056,4,PC,1,18,Divorced,3,Female,3,1,2,Mobile Phone,9,2,1,1
3197,50057,7,PC,1,33,Single,3,Female,3,1,2,Household,3,4,0,1
3198,50084,13,Pad,1,15,Divorced,4,Male,3,1,2,Laptop & Accessory,10,2,0,1
3199,50116,7,PC,1,6,Married,3,Female,3,1,2,Household,8,3,0,0
3200,50125,18,Pad,1,13,Divorced,2,Male,3,1,2,Laptop & Accessory,5,3,0,0
3201,50131,3,PC,1,6,Divorced,3,Female,3,1,2,Laptop & Accessory,1,3,0,1
3202,50165,1,PC,1,14,Single,3,Female,3,1,2,Household,2,2,0,0
3203,50222,14,Mobile Phone,1,12,Single,4,Male,3,1,2,Laptop & Accessory,7,4,1,1
3204,50225,2,Pad,3,8,Divorced,3,Male,3,1,2,Laptop & Accessory,2,3,0,1
3205,50264,15,PC,1,14,Married,3,Female,3,1,2,Household,4,5,0,1
3206,50269,7,Pad,3,10,Divorced,3,Female,3,1,2,Laptop & Accessory,10,3,0,1
3207,50271,7,Pad,1,27,Divorced,3,Male,3,1,2,Household,8,2,0,0
3208,50272,16,PC,1,14,Married,3,Female,3,1,2,Laptop & Accessory,5,3,1,0
3209,50283,18,PC,1,14,Divorced,3,Male,3,1,2,Household,4,2,0,1
3210,50285,15,Pad,1,35,Married,3,Female,3,1,2,Laptop & Accessory,3,3,0,1
3211,50309,19,Mobile Phone,3,16,Divorced,4,Female,3,1,2,Fashion,3,2,1,1
3212,50381,3,PC,1,12,Divorced,3,Female,3,1,2,Household,2,2,1,0
3213,50383,2,Mobile Phone,3,9,Divorced,3,Female,3,1,2,Laptop & Accessory,2,3,0,0
3214,50441,3,PC,1,16,Single,2,Male,3,1,2,Household,2,3,0,1
3215,50456,8,PC,3,14,Divorced,3,Female,3,1,2,Household,2,2,0,0
3216,50459,7,Mobile Phone,3,14,Divorced,3,Female,3,1,2,Laptop & Accessory,6,5,0,1
3217,50501,18,Mobile Phone,3,15,Married,3,Male,3,1,2,Fashion,5,5,1,1
3218,50513,5,Pad,1,6,Married,3,Male,3,1,2,Household,1,2,0,0
3219,50535,1,PC,3,11,Single,3,Male,3,1,2,Laptop & Accessory,2,2,0,1
3220,50541,23,PC,3,8,Single,4,Female,3,1,2,Household,2,2,1,1
3221,50558,5,Pad,1,14,Divorced,4,Female,3,1,2,Household,7,4,0,1
3222,50589,7,PC,1,6,Married,3,Female,3,1,2,Household,4,2,0,0
3223,50698,7,Pad,1,8,Single,3,Male,3,1,2,Laptop & Accessory,3,3,0,1
3224,50701,2,Mobile Phone,1,14,Divorced,4,Male,3,1,2,Laptop & Accessory,2,2,1,0
3225,50769,2,PC,1,6,Married,3,Female,3,1,2,Mobile Phone,2,2,0,0
3226,50841,3,PC,1,25,Divorced,3,Male,3,1,2,Mobile Phone,4,2,0,1
3227,50866,6,Pad,3,11,Divorced,3,Male,3,1,2,Laptop & Accessory,7,2,0,1
3228,50869,3,Mobile Phone,3,24,Divorced,1,Male,3,1,2,Laptop & Accessory,3,3,0,0
3229,50877,13,PC,1,17,Single,3,Female,3,1,2,Mobile Phone,5,3,0,0
3230,50889,3,PC,3,13,Married,3,Female,3,1,2,Laptop & Accessory,8,5,0,1
3231,50895,9,Mobile Phone,3,22,Divorced,4,Female,3,1,2,Laptop & Accessory,5,5,0,1
3232,50896,23,PC,1,6,Divorced,3,Male,3,1,2,Household,8,2,0,1
3233,50911,7,PC,2,14,Single,1,Female,3,1,2,Household,10,4,0,0
3234,50920,22,Mobile Phone,1,11,Divorced,3,Male,3,1,2,Laptop & Accessory,3,3,0,0
3235,50921,13,PC,1,14,Married,3,Male,3,1,2,Household,3,3,0,0
3236,50943,23,PC,3,20,Divorced,3,Female,3,1,2,Laptop & Accessory,4,3,1,1
3237,50948,2,Pad,1,8,Divorced,3,Female,3,1,2,Household,1,4,0,0
3238,50958,7,PC,1,26,Single,3,Male,3,1,2,Laptop & Accessory,1,3,0,1
3239,50978,9,PC,3,14,Single,3,Male,3,1,2,Household,4,1,1,0
3240,50983,11,Pad,2,16,Married,3,Male,3,1,2,Laptop & Accessory,4,3,0,0
3241,50984,8,PC,1,14,Single,4,Male,3,1,2,Household,2,5,0,0
3242,50989,5,Pad,1,6,Married,3,Male,3,1,2,Laptop & Accessory,5,5,0,1
3243,51004,9,Pad,1,12,Married,1,Male,3,1,2,Laptop & Accessory,4,5,1,1
3244,51067,4,Mobile Phone,3,11,Married,3,Female,3,1,2,Laptop & Accessory,2,1,0,0
3245,51072,14,Mobile Phone,3,29,Single,3,Male,3,1,2,Fashion,4,3,1,0
3246,51075,9,Mobile Phone,1,32,Married,3,Male,3,1,2,Laptop & Accessory,7,3,0,1
3247,51083,28,PC,1,28,Married,4,Male,3,1,2,Household,6,4,0,1
3248,51100,7,PC,1,23,Married,5,Male,3,1,2,Household,2,3,0,0
3249,51106,3,PC,1,35,Married,3,Male,3,1,2,Mobile Phone,2,5,0,1
3250,51117,5,Mobile Phone,3,25,Married,5,Male,3,1,2,Fashion,4,3,0,1
3251,51126,2,Pad,1,6,Single,1,Male,3,1,2,Laptop & Accessory,9,3,1,0
3252,51172,3,Mobile Phone,1,16,Single,3,Female,3,1,2,Fashion,10,3,0,0
3253,51183,1,PC,1,6,Married,3,Female,3,1,2,Mobile Phone,2,5,0,1
3254,51299,3,PC,1,6,Single,3,Male,3,1,2,Household,1,3,0,0
3255,51316,9,Pad,1,10,Married,3,Female,3,1,2,Laptop & Accessory,8,4,0,1
3256,51325,5,PC,1,14,Single,3,Male,3,1,2,Household,2,5,0,1
3257,51332,8,Pad,1,24,Married,3,Male,3,1,2,Laptop & Accessory,2,3,1,1
3258,51333,7,Mobile Phone,1,8,Married,3,Female,3,1,2,Household,3,3,0,1
3259,51359,7,PC,1,25,Married,3,Male,3,1,2,Household,1,1,0,0
3260,51414,7,Pad,1,6,Married,3,Male,3,1,2,Household,5,5,0,0
3261,51425,19,Mobile Phone,2,11,Married,3,Male,3,1,2,Laptop & Accessory,2,4,1,1
3262,51445,7,Pad,1,29,Married,3,Male,3,1,2,Laptop & Accessory,5,4,0,0
3263,51476,16,Pad,1,34,Single,1,Female,3,1,2,Mobile Phone,5,3,0,0
3264,51505,7,Pad,3,8,Married,3,Female,3,1,2,Household,7,3,0,0
3265,51526,4,PC,1,18,Married,3,Female,3,1,2,Mobile Phone,9,1,1,1
3266,51527,7,PC,1,33,Single,3,Female,3,1,2,Household,3,4,0,0
3267,51554,13,Pad,1,15,Married,4,Male,3,1,2,Laptop & Accessory,10,1,0,0
3268,51586,7,PC,1,6,Married,3,Female,3,1,2,Household,8,3,0,1
3269,51595,18,Pad,1,13,Married,1,Male,3,1,2,Laptop & Accessory,5,3,0,1
3270,51601,3,PC,1,6,Married,3,Female,3,1,2,Laptop & Accessory,1,3,0,1
3271,51635,1,PC,1,14,Single,3,Female,3,1,2,Household,2,1,0,1
3272,51692,14,Mobile Phone,1,12,Single,4,Male,3,1,2,Laptop & Accessory,7,4,1,1
3273,51695,2,Pad,3,8,Married,3,Male,3,1,2,Laptop & Accessory,2,3,0,1
3274,51734,15,PC,1,14,Married,3,Female,3,1,2,Household,4,5,0,0
3275,51739,7,Pad,3,10,Married,3,Female,3,1,2,Laptop & Accessory,10,3,0,0
3276,51741,7,Pad,1,27,Married,3,Male,3,1,2,Household,8,1,0,1
3277,51742,16,PC,1,14,Married,3,Female,3,1,2,Laptop & Accessory,5,3,1,1
3278,51753,18,PC,1,14,Married,3,Male,3,1,2,Household,4,1,0,0
3279,51755,15,Pad,1,35,Married,3,Female,3,1,2,Laptop & Accessory,3,3,0,1
3280,51779,5,Mobile Phone,3,16,Married,4,Female,3,1,2,Fashion,3,1,1,0
3281,51851,3,Mobile Phone,1,12,Married,3,Female,3,1,2,Mobile Phone,2,1,1,0
3282,51853,2,Mobile Phone,3,9,Married,3,Female,3,1,2,Laptop & Accessory,2,3,0,0
3283,51911,3,PC,1,16,Single,1,Male,3,1,2,Household,2,3,0,0
3284,51926,8,PC,3,14,Married,3,Female,3,1,2,Household,2,1,0,1
3285,51929,7,Mobile Phone,3,14,Married,3,Female,3,1,2,Laptop & Accessory,6,5,0,1
3286,51971,18,Mobile Phone,3,15,Married,3,Male,3,1,2,Fashion,5,5,1,0
3287,51983,5,Pad,1,6,Married,3,Male,3,1,2,Household,1,1,0,1
3288,52005,1,PC,3,11,Single,3,Male,3,1,2,Laptop & Accessory,2,1,0,0
3289,52011,23,PC,3,8,Single,4,Female,3,1,2,Household,2,1,1,0
3290,52028,5,Pad,1,14,Married,4,Female,3,1,2,Household,7,4,0,0
3291,52059,7,PC,1,6,Married,3,Female,3,1,2,Household,4,1,0,1
3292,52168,7,Pad,1,8,Single,3,Male,3,1,2,Laptop & Accessory,3,3,0,1
3293,52171,2,Mobile Phone,1,14,Married,4,Male,3,1,2,Laptop & Accessory,2,1,1,1
3294,52239,2,PC,1,7,Married,3,Female,3,1,2,Mobile Phone,2,1,0,1
3295,52311,3,PC,1,25,Married,3,Male,3,1,2,Mobile Phone,4,1,0,0
3296,52336,6,Pad,3,11,Married,3,Male,3,1,2,Laptop & Accessory,7,1,0,1
3297,52339,3,Mobile Phone,3,24,Married,1,Male,3,1,2,Laptop & Accessory,3,3,0,1
3298,52347,13,PC,1,17,Single,3,Female,3,1,2,Mobile Phone,5,3,0,1
3299,52359,3,PC,3,13,Married,3,Female,3,1,2,Laptop & Accessory,8,5,0,1
3300,52365,9,Mobile Phone,3,22,Married,4,Female,3,1,2,Laptop & Accessory,5,5,0,1
3301,52366,23,PC,1,7,Married,3,Male,3,1,2,Household,8,1,0,1
3302,52381,7,PC,2,14,Single,1,Female,3,1,2,Household,10,4,0,1
3303,52390,22,Mobile Phone,1,11,Married,3,Male,3,1,2,Laptop & Accessory,3,3,0,0
3304,52391,13,PC,1,14,Married,3,Male,3,1,2,Household,3,3,0,1
3305,52413,23,PC,3,20,Married,3,Female,3,1,2,Laptop & Accessory,4,3,1,1
3306,52418,2,Pad,1,8,Married,3,Female,3,1,2,Household,1,4,0,1
3307,52428,7,PC,1,26,Single,3,Male,3,1,2,Laptop & Accessory,1,3,0,1
3308,52448,9,PC,3,14,Single,3,Male,3,1,2,Household,4,1,1,1
3309,52453,11,Pad,2,16,Married,3,Male,3,1,2,Laptop & Accessory,4,3,0,0
3310,52454,8,PC,1,14,Single,4,Male,3,1,2,Household,2,5,0,1
3311,52459,5,Pad,1,7,Married,3,Male,3,1,2,Laptop & Accessory,5,5,0,0
3312,52474,9,Pad,1,12,Married,1,Male,3,1,2,Laptop & Accessory,4,5,1,0
3313,52537,4,Mobile Phone,3,11,Married,3,Female,3,1,2,Laptop & Accessory,2,1,0,0
3314,52542,14,Mobile Phone,3,29,Single,3,Male,3,1,2,Fashion,4,3,1,0
3315,52545,9,Mobile Phone,1,32,Married,3,Male,3,1,2,Laptop & Accessory,7,3,0,1
3316,52553,28,PC,1,28,Married,4,Male,3,1,2,Household,6,4,0,1
3317,52570,7,PC,1,23,Married,5,Male,3,1,2,Household,2,3,0,1
3318,52576,3,PC,1,35,Married,3,Male,3,1,2,Mobile Phone,2,5,0,1
3319,52587,5,Mobile Phone,3,25,Married,5,Male,3,1,2,Fashion,4,3,0,0
3320,52596,2,Pad,1,7,Single,1,Male,3,1,2,Laptop & Accessory,9,3,1,1
3321,52632,13,PC,1,8,Married,3,Female,3,1,2,Household,5,5,0,1
3322,52642,3,Mobile Phone,1,16,Single,3,Female,3,1,2,Fashion,10,3,0,0
3323,52653,1,PC,1,7,Married,3,Female,3,1,2,Mobile Phone,2,5,0,1
3324,52769,3,PC,1,7,Single,3,Male,3,1,2,Household,1,3,0,1
3325,52786,9,Pad,1,10,Married,3,Female,3,1,2,Laptop & Accessory,8,4,0,0
3326,52795,5,PC,1,14,Single,3,Male,3,1,2,Household,2,5,0,0
3327,52802,8,Pad,1,24,Married,3,Male,3,1,2,Laptop & Accessory,2,3,1,0
3328,52803,7,Mobile Phone,1,8,Married,3,Female,3,1,2,Household,3,3,0,0
3329,50052,6,PC,1,14,Single,3,Male,2,1,2,Household,1,2,0,0
3330,50059,23,PC,1,6,Divorced,4,Male,2,1,2,Mobile Phone,3,3,0,0
3331,50072,8,Pad,1,8,Single,3,Female,2,1,2,Laptop & Accessory,6,4,0,1
3332,50073,15,Pad,1,27,Married,3,Female,2,1,2,Laptop & Accessory,3,3,0,0
3333,50114,5,PC,3,10,Divorced,3,Female,2,1,2,Mobile Phone,3,4,0,1
3334,50124,13,PC,1,6,Divorced,4,Female,2,1,2,Mobile Phone,3,5,0,1
3335,50129,15,Mobile Phone,1,23,Single,2,Female,2,1,2,Laptop & Accessory,4,5,1,0
3336,50130,2,Mobile Phone,3,26,Married,3,Male,2,1,2,Laptop & Accessory,3,2,0,1
3337,50163,11,Mobile Phone,1,29,Married,3,Male,2,1,2,Laptop & Accessory,10,2,0,0
3338,50170,13,Pad,1,14,Divorced,3,Male,2,1,2,Household,2,2,1,0
3339,50175,24,Mobile Phone,1,8,Married,5,Male,2,1,2,Laptop & Accessory,6,4,0,0
3340,50184,33,Pad,1,6,Married,5,Male,2,1,2,Laptop & Accessory,3,3,1,1
3341,50194,3,PC,1,14,Single,3,Female,2,1,2,Household,2,4,1,0
3342,50211,13,Mobile Phone,3,6,Divorced,5,Male,2,1,2,Laptop & Accessory,3,2,1,1
3343,50236,33,Mobile Phone,1,6,Divorced,3,Male,2,1,2,Laptop & Accessory,3,3,0,1
3344,50247,7,PC,1,29,Single,3,Male,2,1,2,Household,10,2,0,1
3345,50259,7,PC,1,17,Divorced,3,Female,2,1,2,Household,2,4,0,1
3346,50286,3,Mobile Phone,1,8,Single,5,Female,2,1,2,Laptop & Accessory,3,2,0,0
3347,50330,2,PC,1,25,Married,3,Male,2,1,2,Laptop & Accessory,5,2,0,0
3348,50340,13,Mobile Phone,1,6,Single,3,Female,2,1,2,Fashion,5,2,0,1
3349,50341,19,Pad,1,24,Divorced,3,Female,2,1,2,Fashion,6,3,0,1
3350,50359,8,PC,1,31,Single,4,Male,2,1,2,Laptop & Accessory,5,2,0,0
3351,50369,17,Mobile Phone,2,6,Single,4,Female,2,1,2,Laptop & Accessory,5,3,0,1
3352,50372,3,PC,3,28,Single,3,Male,2,1,2,Household,2,3,0,1
3353,50375,6,Mobile Phone,3,14,Married,3,Male,2,1,2,Laptop & Accessory,1,3,0,1
3354,50387,9,Mobile Phone,1,15,Married,4,Male,2,1,2,Laptop & Accessory,3,4,1,1
3355,50393,3,PC,3,14,Divorced,2,Male,2,1,2,Laptop & Accessory,1,4,0,0
3356,50426,3,PC,1,14,Divorced,3,Male,2,1,2,Household,2,5,0,0
3357,50446,25,Pad,1,25,Divorced,3,Male,2,1,2,Mobile Phone,1,2,0,1
3358,50457,3,PC,1,6,Divorced,5,Male,2,1,2,Mobile Phone,4,3,0,1
3359,50473,15,Mobile Phone,1,6,Divorced,4,Female,2,1,2,Laptop & Accessory,10,2,1,0
3360,50481,11,Pad,1,18,Married,4,Male,2,1,2,Laptop & Accessory,3,5,0,1
3361,50489,7,PC,2,9,Divorced,3,Male,2,1,2,Mobile Phone,1,2,0,1
3362,50515,22,PC,1,6,Divorced,3,Female,2,1,2,Mobile Phone,3,5,0,1
3363,50520,4,PC,1,14,Divorced,3,Male,2,1,2,Household,4,2,1,1
3364,50573,7,Pad,3,26,Divorced,3,Female,2,1,2,Household,2,2,0,0
3365,50588,6,PC,1,19,Single,3,Female,2,1,2,Household,4,2,0,1
3366,50591,6,Pad,1,6,Divorced,1,Female,2,1,2,Laptop & Accessory,2,4,1,0
3367,50616,8,PC,1,16,Married,3,Male,2,1,2,Mobile Phone,2,2,0,1
3368,50658,3,Mobile Phone,1,26,Divorced,3,Male,2,1,2,Laptop & Accessory,1,5,0,1
3369,50662,3,Pad,1,14,Divorced,5,Male,2,1,2,Mobile Phone,2,3,0,1
3370,50666,6,Mobile Phone,1,11,Married,4,Male,2,1,2,Fashion,5,2,0,0
3371,50696,8,Pad,3,17,Married,3,Male,2,1,2,Laptop & Accessory,2,2,0,0
3372,50717,3,PC,1,30,Single,3,Male,2,1,2,Mobile Phone,9,4,0,1
3373,50730,18,PC,1,13,Divorced,3,Female,2,1,2,Mobile Phone,5,3,1,1
3374,50793,7,PC,3,8,Single,3,Female,2,1,2,Laptop & Accessory,1,5,1,1
3375,50797,7,Pad,1,6,Single,3,Male,2,1,2,Household,1,3,1,0
3376,50809,7,PC,1,6,Single,3,Male,2,1,2,Household,3,5,0,0
3377,50867,5,PC,3,8,Divorced,3,Male,2,1,2,Laptop & Accessory,1,4,1,0
3378,50879,3,PC,1,6,Divorced,3,Male,2,1,2,Household,5,2,0,1
3379,50903,7,PC,1,6,Divorced,4,Female,2,1,2,Household,6,4,0,1
3380,50913,18,Mobile Phone,1,35,Divorced,3,Male,2,1,2,Fashion,5,1,1,1
3381,50942,6,PC,1,10,Divorced,4,Female,2,1,2,Mobile Phone,9,4,0,0
3382,50947,22,PC,1,9,Divorced,4,Female,2,1,2,Laptop & Accessory,5,5,0,1
3383,50967,6,PC,1,31,Single,4,Male,2,1,2,Laptop & Accessory,2,4,0,0
3384,50996,11,PC,3,22,Single,3,Female,2,1,2,Laptop & Accessory,3,4,0,0
3385,51008,13,PC,3,20,Married,3,Female,2,1,2,Laptop & Accessory,2,5,0,0
3386,51009,16,PC,1,33,Married,1,Male,2,1,2,Mobile Phone,6,4,0,1
3387,51015,5,PC,1,11,Married,1,Female,2,1,2,Household,4,1,0,1
3388,51034,13,Mobile Phone,1,25,Married,3,Male,2,1,2,Laptop & Accessory,4,3,0,0
3389,51037,11,Mobile Phone,1,8,Married,4,Female,2,1,2,Fashion,4,3,1,1
3390,51041,17,Pad,2,6,Married,3,Male,2,1,2,Laptop & Accessory,5,1,1,1
3391,51045,3,PC,1,14,Married,1,Female,2,1,2,Household,8,3,0,0
3392,51046,3,Pad,1,14,Single,3,Male,2,1,2,Household,3,1,0,0
3393,51049,9,Mobile Phone,1,11,Married,3,Female,2,1,2,Fashion,5,5,0,1
3394,51058,9,Pad,1,6,Married,4,Female,2,1,2,Laptop & Accessory,1,3,0,1
3395,51074,6,Pad,3,22,Married,3,Female,2,1,2,Laptop & Accessory,2,1,1,0
3396,51079,26,Mobile Phone,1,30,Married,1,Male,2,1,2,Fashion,4,1,0,0
3397,51104,14,Pad,2,10,Married,5,Male,2,1,2,Laptop & Accessory,7,4,0,0
3398,51114,3,PC,1,10,Single,3,Female,2,1,2,Household,2,4,0,1
3399,51123,4,Mobile Phone,3,11,Married,3,Male,2,1,2,Laptop & Accessory,2,3,0,0
3400,51162,13,PC,1,8,Married,3,Female,2,1,2,Household,5,5,0,1
3401,51169,16,Pad,1,14,Single,3,Male,2,1,2,Household,5,3,0,0
3402,51170,14,Mobile Phone,1,11,Single,1,Male,2,1,2,Laptop & Accessory,4,4,0,1
3403,51185,3,PC,3,16,Single,3,Male,2,1,2,Laptop & Accessory,2,1,0,0
3404,51193,3,Pad,1,14,Single,3,Female,2,1,2,Household,1,1,1,1
3405,51217,4,PC,1,26,Married,3,Male,2,1,2,Laptop & Accessory,2,3,0,0
3406,51219,7,PC,1,13,Single,3,Male,2,1,2,Household,4,5,0,0
3407,51221,8,PC,1,22,Married,4,Female,2,1,2,Laptop & Accessory,1,4,1,1
3408,51242,12,Pad,3,27,Married,5,Female,2,1,2,Laptop & Accessory,7,3,0,0
3409,51243,7,PC,1,8,Married,3,Male,2,1,2,Household,2,4,0,1
3410,51263,2,Mobile Phone,1,6,Married,3,Male,2,1,2,Laptop & Accessory,1,5,0,1
3411,51264,5,Pad,1,21,Married,3,Female,2,1,2,Laptop & Accessory,6,1,0,0
3412,51283,3,PC,1,6,Single,4,Male,2,1,2,Laptop & Accessory,2,3,0,1
3413,51287,7,PC,2,8,Married,3,Female,2,1,2,Household,5,4,0,0
3414,51289,3,PC,1,8,Married,3,Male,2,1,2,Mobile Phone,7,3,1,0
3415,51295,15,Mobile Phone,1,24,Married,3,Male,2,1,2,Laptop & Accessory,7,5,1,0
3416,51311,17,PC,1,14,Single,3,Male,2,1,2,Household,7,1,1,0
3417,51312,3,PC,3,14,Single,3,Male,2,1,2,Household,2,5,1,1
3418,51345,7,PC,1,14,Married,1,Male,2,1,2,Laptop & Accessory,3,3,0,0
3419,51365,11,PC,1,8,Single,3,Male,2,1,2,Mobile Phone,6,1,1,0
3420,51431,29,Mobile Phone,1,13,Single,5,Male,2,1,2,Fashion,5,1,0,0
3421,51442,3,Mobile Phone,3,9,Married,3,Female,2,1,2,Laptop & Accessory,1,3,0,0
3422,51522,6,PC,1,14,Single,3,Male,2,1,2,Household,1,1,0,1
3423,51529,23,PC,1,6,Married,4,Male,2,1,2,Mobile Phone,3,3,0,1
3424,51542,8,Pad,1,8,Single,3,Female,2,1,2,Laptop & Accessory,6,4,0,0
3425,51543,15,Pad,1,27,Married,3,Female,2,1,2,Laptop & Accessory,3,3,0,0
3426,51584,5,PC,3,10,Married,3,Female,2,1,2,Mobile Phone,3,4,0,1
3427,51594,13,PC,1,6,Married,4,Female,2,1,2,Mobile Phone,3,5,0,0
3428,51599,15,Mobile Phone,1,23,Single,1,Female,2,1,2,Laptop & Accessory,4,5,1,1
3429,51600,2,Mobile Phone,3,26,Married,3,Male,2,1,2,Laptop & Accessory,3,1,0,1
3430,51633,11,Mobile Phone,1,29,Married,3,Male,2,1,2,Laptop & Accessory,10,1,0,0
3431,51640,13,Pad,1,14,Married,3,Male,2,1,2,Household,2,1,1,0
3432,51645,24,Mobile Phone,1,8,Married,5,Male,2,1,2,Laptop & Accessory,6,4,0,0
3433,51654,33,Pad,1,6,Married,5,Male,2,1,2,Laptop & Accessory,3,3,1,1
3434,51664,3,PC,1,14,Single,3,Female,2,1,2,Household,2,4,1,0
3435,51681,13,Mobile Phone,3,6,Married,5,Male,2,1,2,Laptop & Accessory,3,1,1,1
3436,51706,33,Mobile Phone,1,6,Married,3,Male,2,1,2,Laptop & Accessory,3,3,0,0
3437,51717,7,PC,1,29,Single,3,Male,2,1,2,Household,10,1,0,0
3438,51729,7,PC,1,17,Married,3,Female,2,1,2,Household,2,4,0,1
3439,51756,3,Mobile Phone,1,8,Single,5,Female,2,1,2,Laptop & Accessory,3,1,0,1
3440,51800,2,PC,1,25,Married,3,Male,2,1,2,Laptop & Accessory,5,1,0,1
3441,51810,13,Mobile Phone,1,6,Single,3,Female,2,1,2,Fashion,5,1,0,1
3442,51811,19,Pad,1,24,Married,3,Female,2,1,2,Fashion,6,3,0,0
3443,51829,8,PC,1,31,Single,4,Male,2,1,2,Laptop & Accessory,5,1,0,1
3444,51839,17,Mobile Phone,2,6,Single,4,Female,2,1,2,Laptop & Accessory,5,3,0,1
3445,51842,3,PC,3,28,Single,3,Male,2,1,2,Household,2,3,0,0
3446,51845,6,Mobile Phone,3,14,Married,3,Male,2,1,2,Laptop & Accessory,1,3,0,0
3447,51857,9,Mobile Phone,1,15,Married,4,Male,2,1,2,Laptop & Accessory,3,4,1,0
3448,51863,3,PC,3,14,Married,1,Male,2,1,2,Laptop & Accessory,1,4,0,1
3449,51896,3,PC,1,14,Married,3,Male,2,1,2,Household,2,5,0,1
3450,51916,25,Pad,1,25,Married,3,Male,2,1,2,Mobile Phone,1,1,0,1
3451,51927,3,PC,1,6,Married,5,Male,2,1,2,Mobile Phone,4,3,0,1
3452,51943,15,Mobile Phone,1,6,Married,4,Female,2,1,2,Laptop & Accessory,10,1,1,0
3453,51959,7,PC,2,9,Married,3,Male,2,1,2,Mobile Phone,1,1,0,1
3454,51985,22,PC,1,6,Married,3,Female,2,1,2,Mobile Phone,3,5,0,0
3455,51990,4,PC,1,14,Married,3,Male,2,1,2,Household,4,1,1,0
3456,52043,7,Pad,3,26,Married,3,Female,2,1,2,Household,2,1,0,0
3457,52058,6,PC,1,19,Single,3,Female,2,1,2,Household,4,1,0,1
3458,52061,6,Pad,1,6,Married,1,Female,2,1,2,Laptop & Accessory,2,4,1,1
3459,52086,8,PC,1,16,Married,3,Male,2,1,2,Mobile Phone,2,1,0,0
3460,52128,3,Mobile Phone,1,26,Married,3,Male,2,1,2,Laptop & Accessory,1,5,0,0
3461,52132,3,Pad,1,14,Married,5,Male,2,1,2,Mobile Phone,2,3,0,1
3462,52136,6,Mobile Phone,1,11,Married,4,Male,2,1,2,Fashion,5,1,0,1
3463,52166,8,Pad,3,17,Married,3,Male,2,1,2,Laptop & Accessory,2,1,0,1
3464,52187,3,PC,1,30,Single,3,Male,2,1,2,Mobile Phone,9,4,0,0
3465,52200,18,PC,1,13,Married,3,Female,2,1,2,Mobile Phone,5,3,1,0
3466,52263,7,PC,3,8,Single,3,Female,2,1,2,Laptop & Accessory,1,5,1,1
3467,52267,7,Pad,1,7,Single,3,Male,2,1,2,Household,1,3,1,1
3468,52279,7,PC,1,7,Single,3,Male,2,1,2,Household,3,5,0,1
3469,52337,5,PC,3,8,Married,3,Male,2,1,2,Laptop & Accessory,1,4,1,1
3470,52349,3,PC,1,7,Married,3,Male,2,1,2,Household,5,1,0,0
3471,52373,7,PC,1,7,Married,4,Female,2,1,2,Household,6,4,0,1
3472,52383,18,Mobile Phone,1,35,Married,3,Male,2,1,2,Fashion,5,1,1,1
3473,52412,6,PC,1,10,Married,4,Female,2,1,2,Mobile Phone,9,4,0,1
3474,52417,22,PC,1,9,Married,4,Female,2,1,2,Laptop & Accessory,5,5,0,0
3475,52437,6,PC,1,31,Single,4,Male,2,1,2,Laptop & Accessory,2,4,0,1
3476,52466,11,PC,3,22,Single,3,Female,2,1,2,Laptop & Accessory,3,4,0,1
3477,52478,13,PC,3,20,Married,3,Female,2,1,2,Laptop & Accessory,2,5,0,0
3478,52479,16,PC,1,33,Married,1,Male,2,1,2,Mobile Phone,6,4,0,1
3479,52485,5,PC,1,11,Married,1,Female,2,1,2,Household,4,1,0,1
3480,52504,13,Mobile Phone,1,25,Married,3,Male,2,1,2,Laptop & Accessory,4,3,0,0
3481,52507,11,Mobile Phone,1,8,Married,4,Female,2,1,2,Fashion,4,3,1,0
3482,52511,17,Pad,2,7,Married,3,Male,2,1,2,Laptop & Accessory,5,1,1,1
3483,52515,3,PC,1,14,Married,1,Female,2,1,2,Household,8,3,0,0
3484,52516,3,Pad,1,14,Single,3,Male,2,1,2,Household,3,1,0,0
3485,52519,9,Mobile Phone,1,11,Married,3,Female,2,1,2,Fashion,5,5,0,1
3486,52528,9,Pad,1,7,Married,4,Female,2,1,2,Laptop & Accessory,1,3,0,0
3487,52544,6,Pad,3,22,Married,3,Female,2,1,2,Laptop & Accessory,2,1,1,0
3488,52549,26,Mobile Phone,1,30,Married,1,Male,2,1,2,Fashion,4,1,0,0
3489,52574,14,Pad,2,10,Married,5,Male,2,1,2,Laptop & Accessory,7,4,0,0
3490,52584,3,PC,1,10,Single,3,Female,2,1,2,Household,2,4,0,0
3491,52593,4,Mobile Phone,3,11,Married,3,Male,2,1,2,Laptop & Accessory,2,3,0,1
3492,52639,16,Pad,1,14,Single,3,Male,2,1,2,Household,5,3,0,1
3493,52640,14,Mobile Phone,1,11,Single,1,Male,2,1,2,Laptop & Accessory,4,4,0,0
3494,52655,3,PC,3,16,Single,3,Male,2,1,2,Laptop & Accessory,2,1,0,1
3495,52663,3,Pad,1,14,Single,3,Female,2,1,2,Household,1,1,1,1
3496,52687,4,PC,1,26,Married,3,Male,2,1,2,Laptop & Accessory,2,3,0,0
3497,52689,7,PC,1,13,Single,3,Male,2,1,2,Household,4,5,0,0
3498,52691,8,PC,1,22,Married,4,Female,2,1,2,Laptop & Accessory,1,4,1,0
3499,52712,12,Pad,3,27,Married,5,Female,2,1,2,Laptop & Accessory,7,3,0,0
3500,52713,7,PC,1,8,Married,3,Male,2,1,2,Household,2,4,0,0
3501,52733,2,Mobile Phone,1,7,Married,3,Male,2,1,2,Laptop & Accessory,1,5,0,0
3502,52734,5,Pad,1,21,Married,3,Female,2,1,2,Laptop & Accessory,6,1,0,0
3503,52753,3,PC,1,7,Single,4,Male,2,1,2,Laptop & Accessory,2,3,0,1
3504,52757,7,PC,2,8,Married,3,Female,2,1,2,Household,5,4,0,0
3505,52759,3,PC,1,8,Married,3,Male,2,1,2,Mobile Phone,7,3,1,0
3506,52765,15,Mobile Phone,1,24,Married,3,Male,2,1,2,Laptop & Accessory,7,5,1,1
3507,52781,17,PC,1,14,Single,3,Male,2,1,2,Household,7,1,1,1
3508,52782,3,PC,3,14,Single,3,Male,2,1,2,Household,2,5,1,1
3509,52815,7,PC,1,14,Married,1,Male,2,1,2,Laptop & Accessory,3,3,0,1
3510,50214,3,Mobile Phone,3,11,Married,4,Female,1,1,2,Laptop & Accessory,2,3,0,0
3511,50678,6,Pad,3,13,Divorced,3,Female,1,1,2,Laptop & Accessory,1,4,0,1
3512,50941,28,PC,1,10,Divorced,3,Male,1,1,2,Laptop & Accessory,1,3,1,0
3513,51684,3,Mobile Phone,3,11,Married,4,Female,1,1,2,Laptop & Accessory,2,3,0,1
3514,52148,6,Pad,3,13,Married,3,Female,1,1,2,Laptop & Accessory,1,4,0,0
3515,52411,28,PC,1,10,Married,3,Male,1,1,2,Laptop & Accessory,1,3,1,1
3516,51951,11,Pad,1,18,Married,4,Male,0,1,2,Laptop & Accessory,3,5,0,1
3517,50038,1,PC,1,27,Divorced,3,Male,0,1,2,Household,2,2,0,0
3518,50122,6,PC,1,11,Divorced,4,Female,0,1,2,Household,2,2,0,0
3519,50221,3,PC,1,32,Married,3,Male,0,1,2,Household,2,2,0,1
3520,50294,3,PC,1,29,Married,3,Female,0,1,2,Household,2,2,0,1
3521,50313,3,PC,3,13,Single,3,Male,0,1,2,Household,1,4,0,1
3522,50392,3,PC,1,10,Divorced,2,Male,0,1,2,Household,3,5,0,0
3523,50507,17,PC,1,14,Divorced,1,Male,0,1,2,Household,3,2,1,1
3524,50518,11,PC,3,15,Divorced,4,Male,0,1,2,Household,1,4,0,0
3525,50549,6,PC,1,6,Single,4,Male,0,1,2,Household,4,5,1,0
3526,50598,11,Pad,1,16,Divorced,3,Male,0,1,2,Household,1,3,0,0
3527,50703,4,Pad,1,12,Married,4,Male,0,1,2,Household,2,3,1,1
3528,50732,3,PC,1,9,Single,4,Male,0,1,2,Household,2,3,0,0
3529,51073,3,PC,3,15,Single,3,Male,0,1,2,Household,2,5,0,0
3530,51095,2,PC,1,15,Married,3,Female,0,1,2,Household,10,3,0,1
3531,51128,7,PC,1,8,Married,1,Male,0,1,2,Household,1,1,1,0
3532,51259,9,Pad,1,15,Married,1,Male,0,1,2,Household,2,4,0,1
3533,51276,11,Pad,2,6,Married,3,Male,0,1,2,Household,1,4,1,1
3534,51293,4,PC,3,8,Married,3,Male,0,1,2,Household,1,3,0,1
3535,51459,3,PC,1,24,Married,3,Male,0,1,2,Household,1,3,0,0
3536,51492,3,PC,1,8,Single,4,Male,0,1,2,Household,1,1,0,0
3537,51508,1,PC,1,27,Married,3,Male,0,1,2,Household,2,1,0,0
3538,51592,6,PC,1,11,Married,4,Female,0,1,2,Household,2,1,0,0
3539,51691,3,PC,1,32,Married,3,Male,0,1,2,Household,2,1,0,0
3540,51764,3,PC,1,29,Married,3,Female,0,1,2,Household,2,1,0,0
3541,51783,3,PC,3,13,Single,3,Male,0,1,2,Household,1,4,0,0
3542,51862,3,PC,1,10,Married,1,Male,0,1,2,Household,3,5,0,0
3543,51977,17,PC,1,14,Married,1,Male,0,1,2,Household,3,1,1,1
3544,51988,11,PC,3,15,Married,4,Male,0,1,2,Household,1,4,0,0
3545,52019,6,PC,1,6,Single,4,Male,0,1,2,Household,4,5,1,1
3546,52068,11,Pad,1,16,Married,3,Male,0,1,2,Household,1,3,0,0
3547,52173,1,Pad,1,12,Married,4,Male,0,1,2,Household,2,3,1,1
3548,52202,3,PC,1,5,Single,4,Male,0,1,2,Household,2,3,0,0
3549,52543,3,PC,3,15,Single,3,Male,0,1,2,Household,2,5,0,0
3550,52565,2,PC,1,15,Married,3,Female,0,1,2,Household,10,3,0,0
3551,52598,7,PC,1,8,Married,1,Male,0,1,2,Household,1,1,1,1
3552,52729,9,Pad,1,15,Married,1,Male,0,1,2,Household,2,4,0,1
3553,52746,11,Pad,2,7,Married,3,Male,0,1,2,Household,1,4,1,0
3554,52763,4,PC,3,8,Married,3,Male,0,1,2,Household,1,3,0,0
3555,54044,1,Pad,1,23,Married,6,Male,3,4,1,Mobile Phone,3,5,1,4
3556,55514,1,Pad,1,23,Married,6,Male,3,4,1,Mobile Phone,3,5,1,1
3557,52823,1,PC,1,7,Divorced,4,Male,4,3,1,Mobile Phone,4,2,1,3
3558,53216,1,Mobile Phone,3,10,Single,4,Female,4,3,1,Laptop & Accessory,11,3,0,2
3559,54195,1,PC,1,7,Married,4,Male,4,3,1,Mobile Phone,4,1,1,1
3560,54686,1,Mobile Phone,3,10,Single,4,Female,4,3,1,Laptop & Accessory,11,3,0,2
3561,54004,1,PC,2,20,Married,5,Male,3,3,1,Mobile Phone,6,5,1,2
3562,55474,1,PC,2,20,Married,5,Male,3,3,1,Mobile Phone,6,5,1,3
3563,52817,1,PC,1,9,Single,5,Male,4,2,1,Mobile Phone,8,3,1,1
3564,52827,12,Mobile Phone,1,7,Single,5,Male,4,2,1,Fashion,11,3,1,1
3565,52829,1,Mobile Phone,1,16,Divorced,5,Male,4,2,1,Mobile Phone,2,3,1,1
3566,52832,1,Pad,1,13,Single,5,Female,4,2,1,Mobile Phone,3,2,1,2
3567,52862,1,Pad,3,7,Single,6,Female,4,2,1,Mobile Phone,2,5,0,2
3568,52895,2,Mobile Phone,1,36,Divorced,4,Male,4,2,1,Laptop & Accessory,9,5,1,1
3569,52955,1,Mobile Phone,1,9,Single,4,Male,4,2,1,Mobile Phone,4,3,0,2
3570,53059,4,Mobile Phone,3,29,Divorced,5,Male,4,2,1,Laptop & Accessory,4,3,1,2
3571,53148,1,Pad,3,12,Single,4,Male,4,2,1,Mobile Phone,3,4,1,2
3572,53154,1,PC,1,31,Single,6,Male,4,2,1,Mobile Phone,3,2,1,2
3573,53171,1,Pad,3,19,Divorced,5,Male,4,2,1,Mobile Phone,3,5,0,2
3574,53195,9,Pad,3,33,Divorced,4,Female,4,2,1,Laptop & Accessory,4,5,0,1
3575,53276,1,PC,1,13,Divorced,2,Male,4,2,1,Mobile Phone,3,5,1,2
3576,53354,1,Mobile Phone,1,25,Single,4,Female,4,2,1,Mobile Phone,3,2,0,2
3577,53402,1,PC,1,17,Single,5,Female,4,2,1,Mobile Phone,8,5,1,2
3578,53422,1,Mobile Phone,1,18,Single,5,Female,4,2,1,Mobile Phone,3,5,1,1
3579,53435,1,Mobile Phone,1,18,Divorced,6,Female,4,2,1,Laptop & Accessory,7,4,0,2
3580,53519,1,Pad,1,15,Single,4,Male,4,2,1,Mobile Phone,3,3,0,1
3581,53533,1,Mobile Phone,1,19,Divorced,4,Female,4,2,1,Mobile Phone,3,2,1,2
3582,53555,5,Pad,1,12,Married,5,Male,4,2,1,Mobile Phone,8,5,0,2
3583,53562,1,PC,1,24,Divorced,4,Female,4,2,1,Mobile Phone,3,4,0,1
3584,53583,1,Pad,1,17,Single,5,Female,4,2,1,Mobile Phone,3,4,1,2
3585,53602,1,Pad,3,31,Single,6,Male,4,2,1,Mobile Phone,3,2,1,2
3586,53801,1,PC,1,9,Married,4,Female,4,2,1,Mobile Phone,3,5,1,2
3587,53844,1,Pad,3,10,Single,4,Female,4,2,1,Mobile Phone,3,1,1,1
3588,53896,1,PC,1,9,Single,4,Male,4,2,1,Mobile Phone,3,4,0,2
3589,53948,1,Mobile Phone,3,23,Married,4,Male,4,2,1,Fashion,4,3,0,2
3590,53964,1,PC,1,15,Married,4,Female,4,2,1,Mobile Phone,3,5,1,1
3591,54023,1,Pad,1,31,Single,5,Male,4,2,1,Mobile Phone,3,1,1,2
3592,54030,1,Mobile Phone,1,14,Single,4,Male,4,2,1,Mobile Phone,3,4,1,2
3593,54045,23,Mobile Phone,1,31,Single,4,Male,4,2,1,Mobile Phone,3,1,0,1
3594,54163,1,PC,1,9,Single,5,Male,4,2,1,Mobile Phone,8,3,1,1
3595,54211,12,Mobile Phone,1,7,Single,5,Male,4,2,1,Fashion,11,3,1,1
3596,54230,1,Mobile Phone,1,16,Married,5,Male,4,2,1,Mobile Phone,2,3,1,2
3597,54263,1,Pad,1,13,Single,5,Female,4,2,1,Mobile Phone,3,1,1,1
3598,54332,1,Pad,3,7,Single,6,Female,4,2,1,Mobile Phone,2,5,0,2
3599,54365,2,Mobile Phone,1,36,Married,4,Male,4,2,1,Laptop & Accessory,9,5,1,2
3600,54425,1,Mobile Phone,1,9,Single,4,Male,4,2,1,Mobile Phone,4,3,0,1
3601,54529,4,Mobile Phone,3,29,Married,5,Male,4,2,1,Laptop & Accessory,4,3,1,2
3602,54618,1,Pad,3,12,Single,4,Male,4,2,1,Mobile Phone,3,4,1,2
3603,54624,1,PC,1,31,Single,6,Male,4,2,1,Mobile Phone,3,1,1,1
3604,54641,1,Pad,3,19,Married,5,Male,4,2,1,Mobile Phone,3,5,0,2
3605,54665,9,Pad,3,33,Married,4,Female,4,2,1,Laptop & Accessory,4,5,0,1
3606,54746,1,PC,1,13,Married,2,Male,4,2,1,Mobile Phone,3,5,1,1
3607,54824,1,Mobile Phone,1,25,Single,4,Female,4,2,1,Mobile Phone,3,1,0,2
3608,54872,1,PC,1,17,Single,5,Female,4,2,1,Mobile Phone,8,5,1,2
3609,54892,1,Mobile Phone,1,18,Single,5,Female,4,2,1,Mobile Phone,3,5,1,2
3610,54905,1,Mobile Phone,1,18,Married,6,Female,4,2,1,Laptop & Accessory,7,4,0,2
3611,54989,1,Pad,1,15,Single,4,Male,4,2,1,Mobile Phone,3,3,0,2
3612,55003,1,Mobile Phone,1,19,Married,4,Female,4,2,1,Mobile Phone,3,1,1,2
3613,55025,5,Pad,1,12,Married,5,Male,4,2,1,Mobile Phone,8,5,0,1
3614,55032,1,PC,1,24,Married,4,Female,4,2,1,Mobile Phone,3,4,0,2
3615,55053,1,Pad,1,17,Single,5,Female,4,2,1,Mobile Phone,3,4,1,1
3616,55072,1,Pad,3,31,Single,6,Male,4,2,1,Mobile Phone,3,1,1,2
3617,55271,1,PC,1,9,Married,4,Female,4,2,1,Mobile Phone,3,5,1,2
3618,55314,1,Pad,3,10,Single,4,Female,4,2,1,Mobile Phone,3,1,1,2
3619,55366,1,PC,1,9,Single,4,Male,4,2,1,Mobile Phone,3,4,0,1
3620,55418,1,Mobile Phone,3,23,Married,4,Male,4,2,1,Fashion,4,3,0,1
3621,55434,1,PC,1,15,Married,4,Female,4,2,1,Mobile Phone,3,5,1,1
3622,55493,1,Pad,1,31,Single,5,Male,4,2,1,Mobile Phone,3,1,1,2
3623,55500,1,Mobile Phone,1,14,Single,4,Male,4,2,1,Mobile Phone,3,4,1,2
3624,55515,23,Mobile Phone,1,31,Single,4,Male,4,2,1,Mobile Phone,3,1,0,1
3625,52822,3,PC,3,12,Divorced,4,Male,3,2,1,Laptop & Accessory,5,2,0,1
3626,52838,1,PC,3,29,Single,4,Male,3,2,1,Mobile Phone,3,3,1,1
3627,52868,1,PC,1,9,Single,5,Male,3,2,1,Mobile Phone,3,2,0,1
3628,52977,8,Pad,1,31,Married,4,Male,3,2,1,Mobile Phone,5,3,1,1
3629,52987,1,PC,1,10,Single,4,Male,3,2,1,Mobile Phone,3,3,0,1
3630,53018,3,Mobile Phone,3,10,Divorced,4,Female,3,2,1,Laptop & Accessory,6,3,1,2
3631,53054,1,Mobile Phone,3,12,Single,4,Female,3,2,1,Mobile Phone,3,3,1,2
3632,53061,1,Mobile Phone,3,19,Single,3,Female,3,2,1,Mobile Phone,3,4,0,1
3633,53076,1,Pad,1,11,Single,4,Male,3,2,1,Mobile Phone,20,2,1,2
3634,53106,1,Pad,3,13,Married,6,Female,3,2,1,Mobile Phone,2,3,0,2
3635,53113,1,Mobile Phone,2,9,Single,5,Male,3,2,1,Mobile Phone,3,2,0,2
3636,53144,1,Pad,2,24,Married,4,Female,3,2,1,Mobile Phone,2,3,1,1
3637,53280,1,PC,1,7,Divorced,5,Female,3,2,1,Mobile Phone,3,5,1,1
3638,53351,21,Pad,1,9,Married,5,Male,3,2,1,Mobile Phone,11,2,1,1
3639,53358,5,Mobile Phone,1,9,Married,6,Female,3,2,1,Mobile Phone,6,2,1,1
3640,53374,1,PC,3,26,Divorced,5,Male,3,2,1,Mobile Phone,3,4,1,1
3641,53379,1,PC,3,28,Single,5,Male,3,2,1,Mobile Phone,3,4,1,1
3642,53380,1,Mobile Phone,1,11,Single,4,Male,3,2,1,Mobile Phone,3,5,0,2
3643,53391,21,Mobile Phone,1,9,Single,4,Male,3,2,1,Mobile Phone,6,3,0,2
3644,53452,1,Mobile Phone,1,22,Married,4,Male,3,2,1,Laptop & Accessory,9,3,0,1
3645,53468,1,PC,1,17,Single,5,Female,3,2,1,Mobile Phone,3,5,0,2
3646,53488,1,PC,1,28,Married,4,Male,3,2,1,Mobile Phone,3,3,0,2
3647,53491,1,Pad,1,5,Married,5,Male,3,2,1,Mobile Phone,3,4,0,1
3648,53492,14,Pad,3,7,Single,4,Male,3,2,1,Laptop & Accessory,5,3,1,1
3649,53551,1,Pad,1,10,Divorced,5,Male,3,2,1,Mobile Phone,2,2,1,1
3650,53671,1,Pad,3,9,Single,5,Female,3,2,1,Mobile Phone,9,2,0,1
3651,53703,1,Pad,3,7,Single,6,Female,3,2,1,Mobile Phone,3,3,0,2
3652,53707,1,PC,1,15,Single,5,Female,3,2,1,Mobile Phone,3,4,0,1
3653,53723,3,Pad,1,9,Single,5,Female,3,2,1,Mobile Phone,4,5,1,1
3654,53748,1,Pad,3,20,Single,4,Female,3,2,1,Laptop & Accessory,7,4,0,1
3655,53751,1,Pad,1,16,Single,4,Male,3,2,1,Mobile Phone,4,5,1,1
3656,53759,1,Pad,1,9,Single,5,Male,3,2,1,Mobile Phone,9,5,0,1
3657,53774,4,PC,1,16,Single,4,Male,3,2,1,Mobile Phone,5,5,0,2
3658,53827,1,PC,1,31,Married,4,Male,3,2,1,Mobile Phone,3,4,1,1
3659,53913,1,PC,2,29,Married,6,Male,3,2,1,Mobile Phone,3,3,0,1
3660,53928,1,Mobile Phone,3,7,Single,6,Male,3,2,1,Laptop & Accessory,8,4,0,1
3661,53953,7,Pad,1,24,Married,5,Male,3,2,1,Mobile Phone,11,3,1,2
3662,53962,1,Mobile Phone,3,14,Single,4,Male,3,2,1,Mobile Phone,3,4,0,2
3663,54003,1,Mobile Phone,2,25,Married,2,Male,3,2,1,Mobile Phone,2,5,0,2
3664,54029,1,PC,3,16,Single,4,Male,3,2,1,Mobile Phone,3,1,0,1
3665,54056,1,Pad,3,31,Single,2,Male,3,2,1,Mobile Phone,3,5,0,2
3666,54070,1,Pad,2,29,Married,5,Female,3,2,1,Mobile Phone,3,4,0,2
3667,54129,1,Pad,3,16,Married,4,Male,3,2,1,Mobile Phone,3,5,0,2
3668,54194,3,PC,3,12,Married,4,Male,3,2,1,Laptop & Accessory,5,1,0,1
3669,54288,1,PC,3,29,Single,4,Male,3,2,1,Mobile Phone,3,3,1,2
3670,54338,1,PC,1,9,Single,5,Male,3,2,1,Mobile Phone,3,1,0,2
3671,54447,8,Pad,1,31,Married,4,Male,3,2,1,Mobile Phone,5,3,1,1
3672,54457,1,PC,1,10,Single,4,Male,3,2,1,Mobile Phone,3,3,0,2
3673,54488,3,Mobile Phone,3,10,Married,4,Female,3,2,1,Laptop & Accessory,6,3,1,2
3674,54524,1,Mobile Phone,3,12,Single,4,Female,3,2,1,Mobile Phone,3,3,1,1
3675,54531,1,Mobile Phone,3,19,Single,2,Female,3,2,1,Mobile Phone,3,4,0,1
3676,54546,1,Pad,1,11,Single,4,Male,3,2,1,Mobile Phone,11,1,1,2
3677,54576,1,Pad,3,13,Married,6,Female,3,2,1,Mobile Phone,2,3,0,1
3678,54583,1,Mobile Phone,2,9,Single,5,Male,3,2,1,Mobile Phone,3,1,0,1
3679,54614,1,Pad,2,24,Married,4,Female,3,2,1,Mobile Phone,2,3,1,1
3680,54750,1,PC,1,7,Married,5,Female,3,2,1,Mobile Phone,3,5,1,1
3681,54821,21,Pad,1,9,Married,5,Male,3,2,1,Mobile Phone,11,1,1,2
3682,54828,5,Mobile Phone,1,9,Married,6,Female,3,2,1,Mobile Phone,6,1,1,1
3683,54844,1,PC,3,26,Married,5,Male,3,2,1,Mobile Phone,3,4,1,1
3684,54849,1,PC,3,28,Single,5,Male,3,2,1,Mobile Phone,3,4,1,2
3685,54850,1,Mobile Phone,1,11,Single,4,Male,3,2,1,Mobile Phone,3,5,0,2
3686,54861,21,Mobile Phone,1,9,Single,4,Male,3,2,1,Mobile Phone,6,3,0,1
3687,54922,1,Mobile Phone,1,22,Married,4,Male,3,2,1,Laptop & Accessory,9,3,0,1
3688,54938,1,PC,1,17,Single,5,Female,3,2,1,Mobile Phone,3,5,0,1
3689,54958,1,PC,1,28,Married,4,Male,3,2,1,Mobile Phone,3,3,0,2
3690,54961,1,Pad,1,7,Married,5,Male,3,2,1,Mobile Phone,3,4,0,2
3691,54962,14,Pad,3,7,Single,4,Male,3,2,1,Laptop & Accessory,5,3,1,2
3692,55021,1,Pad,1,10,Married,5,Male,3,2,1,Mobile Phone,2,1,1,1
3693,55141,1,Pad,3,9,Single,5,Female,3,2,1,Mobile Phone,9,1,0,1
3694,55173,1,Pad,3,8,Single,6,Female,3,2,1,Mobile Phone,3,3,0,1
3695,55177,1,PC,1,15,Single,5,Female,3,2,1,Mobile Phone,3,4,0,1
3696,55193,3,Pad,1,9,Single,5,Female,3,2,1,Mobile Phone,4,5,1,1
3697,55218,1,Pad,3,20,Single,4,Female,3,2,1,Laptop & Accessory,7,4,0,2
3698,55221,1,Pad,1,16,Single,4,Male,3,2,1,Mobile Phone,4,5,1,1
3699,55229,1,Pad,1,9,Single,5,Male,3,2,1,Mobile Phone,9,5,0,2
3700,55244,4,PC,1,16,Single,4,Male,3,2,1,Mobile Phone,5,5,0,2
3701,55297,1,PC,1,31,Married,4,Male,3,2,1,Mobile Phone,3,4,1,1
3702,55383,1,PC,2,29,Married,6,Male,3,2,1,Mobile Phone,3,3,0,1
3703,55398,1,Mobile Phone,3,8,Single,6,Male,3,2,1,Laptop & Accessory,8,4,0,1
3704,55423,7,Pad,1,24,Married,5,Male,3,2,1,Mobile Phone,11,3,1,2
3705,55432,1,Mobile Phone,3,14,Single,4,Male,3,2,1,Mobile Phone,3,4,0,1
3706,55473,1,Mobile Phone,2,25,Married,2,Male,3,2,1,Mobile Phone,2,5,0,2
3707,55499,1,PC,3,16,Single,4,Male,3,2,1,Mobile Phone,3,1,0,1
3708,55526,1,Pad,3,31,Single,2,Male,3,2,1,Mobile Phone,3,5,0,1
3709,55540,1,Pad,2,29,Married,5,Female,3,2,1,Mobile Phone,3,4,0,2
3710,55599,1,Pad,3,16,Married,4,Male,3,2,1,Mobile Phone,3,5,0,2
3711,50474,3,PC,1,8,Single,3,Male,2,2,1,Mobile Phone,7,3,0,0
3712,51944,3,PC,1,8,Single,3,Male,2,2,1,Mobile Phone,7,3,0,2
3713,50297,3,PC,1,14,Divorced,4,Female,3,1,1,Household,6,4,0,0
3714,50815,3,PC,1,13,Divorced,3,Male,3,1,1,Laptop & Accessory,2,3,0,1
3715,51328,13,Pad,3,6,Married,3,Male,3,1,1,Laptop & Accessory,8,3,0,1
3716,51767,3,PC,1,14,Married,4,Female,3,1,1,Household,6,4,0,1
3717,52285,3,PC,1,13,Married,3,Male,3,1,1,Laptop & Accessory,2,3,0,0
3718,52798,13,Pad,3,7,Married,3,Male,3,1,1,Laptop & Accessory,8,3,0,1
3719,50010,7,PC,1,31,Single,5,Male,2,1,1,Household,2,3,0,1
3720,50068,3,Mobile Phone,1,29,Divorced,4,Male,2,1,1,Laptop & Accessory,4,3,1,1
3721,50092,3,Pad,3,32,Single,4,Female,2,1,1,Laptop & Accessory,6,5,0,0
3722,50105,3,PC,1,14,Single,4,Male,2,1,1,Household,2,2,1,0
3723,50389,3,Mobile Phone,1,16,Single,3,Male,2,1,1,Mobile Phone,2,3,1,0
3724,50596,7,PC,1,28,Divorced,3,Female,2,1,1,Household,5,3,1,0
3725,51388,7,PC,1,31,Single,5,Male,2,1,1,Household,2,3,0,0
3726,51538,3,Mobile Phone,1,29,Married,4,Male,2,1,1,Laptop & Accessory,4,3,1,1
3727,51562,3,Pad,3,32,Single,4,Female,2,1,1,Laptop & Accessory,6,5,0,1
3728,51575,3,PC,1,14,Single,4,Male,2,1,1,Household,2,1,1,0
3729,51859,3,Mobile Phone,1,16,Single,3,Male,2,1,1,Mobile Phone,2,3,1,1
3730,52066,7,PC,1,28,Married,3,Female,2,1,1,Household,5,3,1,0
3731,50532,3,PC,1,31,Single,3,Male,0,1,1,Household,2,2,1,1
3732,52002,3,PC,1,31,Single,3,Male,0,1,1,Household,2,1,1,0
3733,53605,29,Pad,1,15,Married,5,Male,3,16,1,Grocery,3,4,1,12
3734,55075,29,Pad,1,15,Married,5,Male,3,16,1,Grocery,3,4,1,14
3735,50661,13,Mobile Phone,1,26,Divorced,3,Male,3,11,1,Fashion,5,2,0,7
3736,52131,13,Mobile Phone,1,26,Married,3,Male,3,11,1,Fashion,5,1,0,7
3737,53075,13,Mobile Phone,3,9,Divorced,5,Male,4,10,1,Fashion,3,3,0,10
3738,54545,13,Mobile Phone,3,9,Married,5,Male,4,10,1,Fashion,3,3,0,9
3739,50605,8,Mobile Phone,1,31,Married,3,Female,2,10,1,Fashion,2,3,1,5
3740,52075,8,Mobile Phone,1,31,Married,3,Female,2,10,1,Fashion,2,3,1,5
3741,51301,6,Mobile Phone,1,21,Married,3,Female,3,8,1,Laptop & Accessory,1,1,1,5
3742,52771,6,PC,1,21,Married,3,Female,3,8,1,Laptop & Accessory,1,1,1,6
3743,50534,17,PC,1,14,Divorced,3,Male,3,7,1,Household,2,5,1,2
3744,52004,17,PC,1,14,Married,3,Male,3,7,1,Household,2,5,1,5
3745,50386,27,Mobile Phone,2,25,Divorced,3,Male,2,7,1,Fashion,3,4,0,3
3746,50970,13,Mobile Phone,3,15,Married,3,Male,2,7,1,Laptop & Accessory,1,5,0,2
3747,51856,27,Mobile Phone,2,25,Married,3,Male,2,7,1,Fashion,3,4,0,2
3748,52440,13,Mobile Phone,3,15,Married,3,Male,2,7,1,Laptop & Accessory,1,5,0,7
3749,53517,12,Mobile Phone,2,7,Divorced,2,Male,3,6,1,Mobile Phone,3,3,0,2
3750,54987,12,Mobile Phone,2,7,Married,2,Male,3,6,1,Mobile Phone,3,3,0,4
3751,54164,7,Pad,1,10,Married,4,Female,3,4,1,Mobile Phone,3,3,1,3
3752,54241,4,Mobile Phone,1,7,Married,5,Male,3,4,1,Laptop & Accessory,3,1,1,2
3753,50103,2,Pad,3,6,Divorced,3,Female,2,4,1,Fashion,2,2,0,4
3754,51573,2,Pad,3,6,Married,3,Female,2,4,1,Fashion,2,1,0,4
3755,51302,5,PC,1,35,Single,4,Female,0,4,1,Household,2,4,0,3
3756,52772,5,PC,1,35,Single,4,Female,0,4,1,Household,2,4,0,2
3757,53132,16,Pad,1,12,Divorced,4,Male,4,3,1,Mobile Phone,6,3,0,3
3758,53262,1,Pad,1,7,Married,6,Female,4,3,1,Mobile Phone,5,2,0,3
3759,54012,21,PC,1,16,Single,4,Female,4,3,1,Mobile Phone,6,3,0,2
3760,54602,16,Pad,1,12,Married,4,Male,4,3,1,Mobile Phone,6,3,0,1
3761,54732,1,Pad,1,7,Married,6,Female,4,3,1,Mobile Phone,5,1,0,3
3762,55482,21,PC,1,16,Single,4,Female,4,3,1,Mobile Phone,6,3,0,1
3763,52891,1,Pad,1,7,Divorced,5,Male,3,3,1,Laptop & Accessory,7,5,0,1
3764,52893,8,Pad,1,17,Married,4,Male,3,3,1,Mobile Phone,3,3,1,3
3765,54361,1,Pad,1,7,Married,5,Male,3,3,1,Laptop & Accessory,7,5,0,3
3766,54363,8,Pad,1,17,Married,4,Male,3,3,1,Mobile Phone,3,3,1,3
3767,50440,18,Mobile Phone,3,8,Single,5,Male,2,3,1,Laptop & Accessory,1,3,0,3
3768,51910,18,Mobile Phone,3,8,Single,5,Male,2,3,1,Laptop & Accessory,1,3,0,1
3769,52848,31,Mobile Phone,1,16,Divorced,5,Female,4,2,1,Mobile Phone,6,4,1,2
3770,52906,15,Mobile Phone,3,13,Single,4,Female,4,2,1,Fashion,5,2,1,1
3771,52916,31,PC,1,10,Divorced,5,Male,4,2,1,Mobile Phone,5,2,0,1
3772,52949,25,Mobile Phone,1,7,Divorced,4,Male,4,2,1,Mobile Phone,3,2,0,2
3773,52956,3,Mobile Phone,3,9,Divorced,5,Male,4,2,1,Laptop & Accessory,4,4,0,1
3774,52965,1,Mobile Phone,1,10,Single,5,Male,4,2,1,Mobile Phone,3,3,0,2
3775,52992,1,PC,3,17,Single,5,Female,4,2,1,Mobile Phone,3,3,0,2
3776,53001,5,Mobile Phone,2,9,Divorced,5,Male,4,2,1,Laptop & Accessory,5,5,0,1
3777,53047,16,Mobile Phone,1,9,Single,5,Male,4,2,1,Laptop & Accessory,5,2,0,1
3778,53063,9,Mobile Phone,1,16,Single,5,Male,4,2,1,Laptop & Accessory,11,4,0,2
3779,53072,4,Mobile Phone,3,9,Divorced,4,Male,4,2,1,Mobile Phone,3,4,0,2
3780,53082,14,Mobile Phone,1,9,Divorced,5,Female,4,2,1,Laptop & Accessory,8,3,0,2
3781,53129,9,Mobile Phone,1,23,Divorced,4,Male,4,2,1,Fashion,6,3,1,1
3782,53167,1,PC,1,24,Divorced,5,Male,4,2,1,Mobile Phone,3,4,0,2
3783,53192,4,Pad,1,10,Married,4,Female,4,2,1,Mobile Phone,3,3,0,2
3784,53213,11,Mobile Phone,1,17,Single,3,Male,4,2,1,Mobile Phone,5,2,0,2
3785,53248,9,Pad,1,9,Married,4,Female,4,2,1,Laptop & Accessory,4,5,0,1
3786,53294,19,PC,1,9,Single,5,Female,4,2,1,Mobile Phone,3,3,0,2
3787,53319,11,Mobile Phone,3,23,Married,5,Male,4,2,1,Laptop & Accessory,6,3,0,2
3788,53361,1,PC,1,11,Single,4,Female,4,2,1,Mobile Phone,3,3,0,2
3789,53418,1,Pad,1,12,Single,4,Male,4,2,1,Household,3,2,0,2
3790,53433,24,PC,1,16,Divorced,4,Male,4,2,1,Mobile Phone,6,2,0,2
3791,53455,2,PC,3,17,Divorced,4,Male,4,2,1,Mobile Phone,3,4,0,2
3792,53536,14,Pad,1,33,Divorced,5,Female,4,2,1,Laptop & Accessory,5,2,1,2
3793,53541,6,Pad,3,9,Married,4,Female,4,2,1,Mobile Phone,3,5,0,1
3794,53553,18,Pad,1,24,Single,6,Male,4,2,1,Mobile Phone,4,3,0,2
3795,53557,14,Pad,3,9,Divorced,4,Male,4,2,1,Laptop & Accessory,7,4,0,2
3796,53592,22,Mobile Phone,1,9,Single,2,Male,4,2,1,Mobile Phone,7,4,0,1
3797,53616,16,PC,1,14,Divorced,2,Female,4,2,1,Laptop & Accessory,8,4,1,1
3798,53648,14,Pad,1,23,Married,4,Male,4,2,1,Mobile Phone,11,3,0,2
3799,53661,1,Mobile Phone,3,18,Divorced,2,Female,4,2,1,Mobile Phone,10,2,0,2
3800,53663,1,Pad,1,7,Single,4,Female,4,2,1,Mobile Phone,3,2,0,2
3801,53668,8,Pad,1,33,Married,5,Female,4,2,1,Mobile Phone,3,3,0,2
3802,53742,18,Pad,3,7,Divorced,4,Female,4,2,1,Laptop & Accessory,9,3,0,2
3803,53743,4,Pad,1,14,Married,4,Male,4,2,1,Mobile Phone,3,3,0,1
3804,53750,9,PC,3,14,Divorced,4,Male,4,2,1,Mobile Phone,3,3,0,2
3805,53752,1,Pad,3,20,Divorced,4,Female,4,2,1,Mobile Phone,3,4,0,1
3806,53760,2,PC,1,7,Married,5,Male,4,2,1,Mobile Phone,3,3,0,1
3807,53765,7,Mobile Phone,1,15,Single,4,Male,4,2,1,Laptop & Accessory,4,3,1,1
3808,53779,16,Mobile Phone,1,9,Married,5,Male,4,2,1,Mobile Phone,6,4,0,2
3809,53795,3,Mobile Phone,1,16,Married,2,Male,4,2,1,Mobile Phone,8,3,0,2
3810,53812,13,Mobile Phone,3,7,Single,4,Female,4,2,1,Laptop & Accessory,8,3,0,2
3811,53866,13,Mobile Phone,1,19,Married,4,Male,4,2,1,Laptop & Accessory,6,4,0,2
3812,53920,14,Mobile Phone,1,15,Married,4,Female,4,2,1,Laptop & Accessory,4,5,1,1
3813,53949,3,PC,1,11,Married,5,Female,4,2,1,Mobile Phone,3,5,0,1
3814,53978,16,Mobile Phone,1,20,Married,2,Male,4,2,1,Laptop & Accessory,7,5,0,2
3815,54006,13,Mobile Phone,1,9,Married,4,Female,4,2,1,Laptop & Accessory,6,4,1,1
3816,54010,6,Pad,3,17,Single,4,Male,4,2,1,Laptop & Accessory,10,1,0,2
3817,54028,2,Mobile Phone,3,10,Married,4,Female,4,2,1,Mobile Phone,3,4,0,2
3818,54069,16,Mobile Phone,3,19,Married,4,Male,4,2,1,Laptop & Accessory,5,1,1,1
3819,54111,15,Mobile Phone,1,7,Married,4,Male,4,2,1,Mobile Phone,5,1,0,1
3820,54144,13,Mobile Phone,3,18,Married,5,Female,4,2,1,Laptop & Accessory,6,1,0,2
3821,54168,4,Mobile Phone,1,31,Married,4,Male,4,2,1,Mobile Phone,3,3,0,2
3822,54178,1,Pad,1,23,Married,2,Male,4,2,1,Mobile Phone,3,1,1,1
3823,54184,1,PC,1,22,Single,4,Male,4,2,1,Mobile Phone,3,1,0,2
3824,54191,7,Mobile Phone,1,9,Single,4,Male,4,2,1,Mobile Phone,6,1,0,1
3825,54201,9,PC,1,11,Married,4,Male,4,2,1,Mobile Phone,3,1,0,2
3826,54208,11,Mobile Phone,1,26,Married,4,Male,4,2,1,Mobile Phone,6,4,0,1
3827,54247,1,PC,3,9,Married,4,Male,4,2,1,Mobile Phone,5,5,0,2
3828,54252,25,Mobile Phone,3,28,Single,4,Male,4,2,1,Laptop & Accessory,2,1,1,1
3829,54262,6,Mobile Phone,1,7,Single,4,Male,4,2,1,Mobile Phone,3,5,0,1
3830,54265,11,Pad,1,9,Married,5,Male,4,2,1,Laptop & Accessory,7,1,0,2
3831,54310,1,PC,1,10,Single,4,Female,4,2,1,Mobile Phone,3,4,0,2
3832,54318,31,Mobile Phone,1,16,Married,5,Female,4,2,1,Mobile Phone,6,4,1,2
3833,54386,31,PC,1,10,Married,5,Male,4,2,1,Mobile Phone,5,1,0,1
3834,54419,25,Mobile Phone,1,7,Married,4,Male,4,2,1,Mobile Phone,3,1,0,2
3835,54426,3,Mobile Phone,3,9,Married,5,Male,4,2,1,Laptop & Accessory,4,4,0,2
3836,54435,1,Mobile Phone,1,10,Single,5,Male,4,2,1,Mobile Phone,3,3,0,2
3837,54462,1,PC,3,17,Single,5,Female,4,2,1,Mobile Phone,3,3,0,1
3838,54471,5,Mobile Phone,2,9,Married,5,Male,4,2,1,Laptop & Accessory,5,5,0,1
3839,54508,21,Pad,3,11,Single,4,Male,4,2,1,Laptop & Accessory,5,3,0,1
3840,54517,16,Mobile Phone,1,9,Single,5,Male,4,2,1,Laptop & Accessory,5,1,0,2
3841,54533,9,Mobile Phone,1,16,Single,5,Male,4,2,1,Laptop & Accessory,11,4,0,1
3842,54542,4,Mobile Phone,3,9,Married,4,Male,4,2,1,Mobile Phone,3,4,0,2
3843,54552,14,Mobile Phone,1,9,Married,5,Female,4,2,1,Laptop & Accessory,8,3,0,2
3844,54599,9,Mobile Phone,1,23,Married,4,Male,4,2,1,Fashion,6,3,1,1
3845,54637,1,PC,1,24,Married,5,Male,4,2,1,Mobile Phone,3,4,0,2
3846,54662,4,Pad,1,10,Married,4,Female,4,2,1,Mobile Phone,3,3,0,2
3847,54683,11,Mobile Phone,1,17,Single,2,Male,4,2,1,Mobile Phone,5,1,0,2
3848,54707,3,Mobile Phone,3,17,Single,4,Male,4,2,1,Mobile Phone,3,3,0,2
3849,54718,9,Pad,1,9,Married,4,Female,4,2,1,Laptop & Accessory,4,5,0,2
3850,54764,19,PC,1,9,Single,5,Female,4,2,1,Mobile Phone,3,3,0,2
3851,54789,11,Mobile Phone,3,23,Married,5,Male,4,2,1,Laptop & Accessory,6,3,0,2
3852,54831,1,PC,1,11,Single,4,Female,4,2,1,Mobile Phone,3,3,0,1
3853,54888,1,Pad,1,12,Single,4,Male,4,2,1,Mobile Phone,3,1,0,1
3854,54903,24,PC,1,16,Married,4,Male,4,2,1,Mobile Phone,6,1,0,2
3855,54925,2,PC,3,17,Married,4,Male,4,2,1,Mobile Phone,3,4,0,1
3856,55006,14,Pad,1,33,Married,5,Female,4,2,1,Laptop & Accessory,5,1,1,1
3857,55011,6,Pad,3,9,Married,4,Female,4,2,1,Mobile Phone,3,5,0,2
3858,55023,18,Pad,1,24,Single,6,Male,4,2,1,Mobile Phone,4,3,0,2
3859,55027,14,Pad,3,9,Married,4,Male,4,2,1,Laptop & Accessory,7,4,0,2
3860,55062,22,Mobile Phone,1,9,Single,2,Male,4,2,1,Mobile Phone,7,4,0,1
3861,55086,16,PC,1,14,Married,2,Female,4,2,1,Laptop & Accessory,8,4,1,1
3862,55118,14,Pad,1,23,Married,4,Male,4,2,1,Mobile Phone,11,3,0,2
3863,55131,1,Mobile Phone,3,18,Married,2,Female,4,2,1,Mobile Phone,10,1,0,1
3864,55133,1,Pad,1,8,Single,4,Female,4,2,1,Mobile Phone,3,1,0,2
3865,55138,8,Pad,1,33,Married,5,Female,4,2,1,Mobile Phone,3,3,0,2
3866,55212,18,Pad,3,8,Married,4,Female,4,2,1,Laptop & Accessory,9,3,0,1
3867,55213,4,Pad,1,14,Married,4,Male,4,2,1,Mobile Phone,3,3,0,1
3868,55220,9,PC,3,14,Married,4,Male,4,2,1,Mobile Phone,3,3,0,1
3869,55222,1,Pad,3,20,Married,4,Female,4,2,1,Mobile Phone,3,4,0,1
3870,55230,2,PC,1,8,Married,5,Male,4,2,1,Mobile Phone,3,3,0,1
3871,55235,7,Mobile Phone,1,15,Single,4,Male,4,2,1,Laptop & Accessory,4,3,1,2
3872,55249,16,Mobile Phone,1,9,Married,5,Male,4,2,1,Mobile Phone,6,4,0,1
3873,55265,3,Mobile Phone,1,16,Married,2,Male,4,2,1,Mobile Phone,8,3,0,1
3874,55282,13,Mobile Phone,3,8,Single,4,Female,4,2,1,Laptop & Accessory,8,3,0,2
3875,55336,13,Mobile Phone,1,19,Married,4,Male,4,2,1,Laptop & Accessory,6,4,0,2
3876,55390,14,Mobile Phone,1,15,Married,4,Female,4,2,1,Laptop & Accessory,4,5,1,2
3877,55419,3,PC,1,11,Married,5,Female,4,2,1,Mobile Phone,3,5,0,1
3878,55448,16,Mobile Phone,1,20,Married,2,Male,4,2,1,Laptop & Accessory,7,5,0,2
3879,55476,13,Mobile Phone,1,9,Married,4,Female,4,2,1,Laptop & Accessory,6,4,1,2
3880,55480,6,Pad,3,17,Single,4,Male,4,2,1,Laptop & Accessory,10,1,0,1
3881,55498,2,Mobile Phone,3,10,Married,4,Female,4,2,1,Mobile Phone,3,4,0,2
3882,55539,16,Mobile Phone,3,19,Married,4,Male,4,2,1,Laptop & Accessory,5,1,1,2
3883,55581,15,Mobile Phone,1,8,Married,4,Male,4,2,1,Mobile Phone,5,1,0,1
3884,55614,13,Mobile Phone,3,18,Married,5,Female,4,2,1,Laptop & Accessory,6,1,0,2
3885,50055,7,PC,1,15,Single,3,Female,3,2,1,Household,2,2,0,1
3886,51474,3,PC,1,14,Married,3,Male,3,2,1,Household,1,1,0,2
3887,51477,23,Pad,3,18,Single,3,Female,3,2,1,Fashion,5,1,0,1
3888,51525,7,PC,1,15,Single,3,Female,3,2,1,Household,2,1,0,1
3889,52847,1,Mobile Phone,1,14,Divorced,5,Male,3,2,1,Laptop & Accessory,4,3,0,2
3890,52889,12,Mobile Phone,1,9,Divorced,4,Male,3,2,1,Laptop & Accessory,11,3,0,1
3891,52933,15,Mobile Phone,1,26,Married,4,Male,3,2,1,Laptop & Accessory,4,5,0,2
3892,52989,13,Pad,1,25,Divorced,3,Male,3,2,1,Mobile Phone,6,2,0,1
3893,53021,17,Pad,1,17,Married,5,Female,3,2,1,Laptop & Accessory,3,3,0,1
3894,53038,21,Pad,3,11,Single,4,Male,3,2,1,Laptop & Accessory,5,3,0,1
3895,53041,16,Mobile Phone,2,9,Married,4,Male,3,2,1,Mobile Phone,2,3,1,2
3896,53049,13,Pad,3,7,Single,4,Female,3,2,1,Laptop & Accessory,6,2,0,2
3897,53066,23,Mobile Phone,1,14,Single,5,Male,3,2,1,Fashion,10,3,0,2
3898,53107,12,Pad,1,9,Divorced,4,Male,3,2,1,Mobile Phone,3,2,1,2
3899,53122,28,Mobile Phone,1,15,Single,4,Female,3,2,1,Laptop & Accessory,9,3,0,2
3900,53151,1,Mobile Phone,3,36,Married,4,Male,3,2,1,Laptop & Accessory,7,3,0,2
3901,53178,1,Mobile Phone,1,7,Single,5,Female,3,2,1,Mobile Phone,3,4,0,2
3902,53181,12,Mobile Phone,1,7,Single,4,Female,3,2,1,Mobile Phone,5,5,0,2
3903,53206,9,Pad,1,10,Divorced,5,Male,3,2,1,Mobile Phone,3,3,0,2
3904,53233,12,Mobile Phone,1,7,Single,4,Female,3,2,1,Fashion,6,3,1,1
3905,53237,3,Mobile Phone,3,17,Single,4,Male,3,2,1,Mobile Phone,3,3,0,1
3906,53251,8,Mobile Phone,1,15,Married,4,Female,3,2,1,Laptop & Accessory,5,5,0,2
3907,53277,1,Pad,1,16,Married,5,Male,3,2,1,Mobile Phone,3,4,0,2
3908,53292,14,Pad,1,23,Single,5,Male,3,2,1,Laptop & Accessory,8,3,0,2
3909,53293,4,Mobile Phone,1,9,Single,5,Female,3,2,1,Laptop & Accessory,7,2,1,2
3910,53306,1,Pad,1,10,Divorced,4,Male,3,2,1,Mobile Phone,3,2,0,2
3911,53339,11,Pad,3,28,Divorced,4,Female,3,2,1,Mobile Phone,7,2,0,2
3912,53352,17,Mobile Phone,1,15,Married,4,Female,3,2,1,Laptop & Accessory,6,4,0,2
3913,53362,8,PC,1,17,Married,4,Male,3,2,1,Mobile Phone,3,4,0,2
3914,53369,22,PC,1,27,Divorced,4,Male,3,2,1,Mobile Phone,6,3,0,1
3915,53370,5,Pad,3,27,Divorced,4,Female,3,2,1,Laptop & Accessory,3,3,0,2
3916,53382,14,Pad,1,16,Married,4,Male,3,2,1,Mobile Phone,10,4,1,1
3917,53389,9,Mobile Phone,3,25,Divorced,4,Female,3,2,1,Laptop & Accessory,3,3,0,2
3918,53438,12,Mobile Phone,3,10,Single,4,Male,3,2,1,Laptop & Accessory,10,2,1,2
3919,53454,8,PC,3,17,Divorced,4,Female,3,2,1,Mobile Phone,3,3,1,1
3920,53486,11,Mobile Phone,3,17,Married,5,Female,3,2,1,Laptop & Accessory,4,2,1,1
3921,53494,8,Pad,1,10,Divorced,5,Male,3,2,1,Mobile Phone,5,2,0,2
3922,53502,12,Mobile Phone,3,9,Single,4,Male,3,2,1,Fashion,9,4,0,2
3923,53515,16,Mobile Phone,1,36,Single,6,Male,3,2,1,Laptop & Accessory,6,2,0,2
3924,53521,15,Mobile Phone,1,19,Divorced,4,Male,3,2,1,Mobile Phone,5,2,1,2
3925,53544,1,Mobile Phone,1,16,Single,4,Male,3,2,1,Mobile Phone,3,5,0,1
3926,53594,3,Mobile Phone,1,14,Married,4,Male,3,2,1,Laptop & Accessory,3,2,1,1
3927,53597,8,Mobile Phone,1,27,Divorced,2,Female,3,2,1,Mobile Phone,2,3,0,2
3928,53664,9,Mobile Phone,1,7,Divorced,5,Female,3,2,1,Laptop & Accessory,2,2,0,2
3929,53665,1,Pad,3,9,Single,6,Male,3,2,1,Laptop & Accessory,5,2,0,2
3930,53714,33,PC,1,7,Divorced,4,Female,3,2,1,Mobile Phone,4,5,0,2
3931,53788,1,PC,1,28,Married,5,Male,3,2,1,Mobile Phone,2,5,0,1
3932,53806,8,Mobile Phone,1,14,Single,4,Male,3,2,1,Mobile Phone,3,1,0,1
3933,53809,1,PC,1,10,Married,4,Female,3,2,1,Mobile Phone,3,1,0,2
3934,53842,2,Mobile Phone,1,34,Married,6,Female,3,2,1,Laptop & Accessory,2,5,0,2
3935,53893,12,Mobile Phone,1,11,Married,4,Female,3,2,1,Mobile Phone,9,3,0,1
3936,53925,21,Pad,3,9,Married,4,Male,3,2,1,Laptop & Accessory,9,4,0,1
3937,53952,12,Mobile Phone,1,25,Married,6,Male,3,2,1,Laptop & Accessory,5,1,1,1
3938,54002,1,Pad,1,21,Single,4,Female,3,2,1,Mobile Phone,3,3,0,2
3939,54016,16,Mobile Phone,1,15,Single,4,Male,3,2,1,Mobile Phone,6,3,0,2
3940,54020,3,Mobile Phone,2,13,Married,5,Male,3,2,1,Mobile Phone,3,4,0,2
3941,54040,1,Mobile Phone,1,7,Married,5,Female,3,2,1,Mobile Phone,3,3,1,1
3942,54062,33,Mobile Phone,3,18,Married,5,Female,3,2,1,Laptop & Accessory,6,5,0,1
3943,54082,12,Mobile Phone,3,7,Single,5,Male,3,2,1,Mobile Phone,6,5,0,1
3944,54093,5,PC,1,9,Married,6,Female,3,2,1,Mobile Phone,3,1,1,2
3945,54106,7,Pad,1,7,Married,5,Male,3,2,1,Mobile Phone,3,3,0,1
3946,54118,14,PC,1,7,Married,4,Male,3,2,1,Mobile Phone,10,1,0,1
3947,54125,26,Pad,3,127,Married,4,Male,3,2,1,Mobile Phone,4,1,0,2
3948,54167,31,Mobile Phone,1,10,Married,2,Female,3,2,1,Mobile Phone,6,5,1,1
3949,54199,13,Mobile Phone,1,12,Married,5,Female,3,2,1,Mobile Phone,11,5,1,2
3950,54202,1,PC,1,9,Married,4,Female,3,2,1,Mobile Phone,3,5,0,2
3951,54215,1,Mobile Phone,3,30,Married,5,Female,3,2,1,Laptop & Accessory,9,1,1,1
3952,54233,5,Mobile Phone,1,7,Single,4,Male,3,2,1,Mobile Phone,3,4,0,2
3953,54235,13,Mobile Phone,1,13,Married,2,Female,3,2,1,Mobile Phone,5,1,0,1
3954,54270,1,Mobile Phone,1,22,Single,4,Female,3,2,1,Mobile Phone,3,1,0,2
3955,54275,8,Mobile Phone,1,13,Married,5,Female,3,2,1,Laptop & Accessory,8,4,0,2
3956,54279,13,Mobile Phone,1,10,Married,4,Female,3,2,1,Mobile Phone,7,1,0,1
3957,54317,25,Mobile Phone,1,14,Married,5,Male,3,2,1,Laptop & Accessory,4,3,0,2
3958,54359,12,Mobile Phone,1,9,Married,4,Male,3,2,1,Laptop & Accessory,11,3,0,2
3959,54403,15,Mobile Phone,1,26,Married,4,Male,3,2,1,Laptop & Accessory,4,5,0,1
3960,54459,13,Pad,1,25,Married,2,Male,3,2,1,Mobile Phone,6,1,0,2
3961,54491,17,Pad,1,17,Married,5,Female,3,2,1,Laptop & Accessory,3,3,0,2
3962,54511,16,Mobile Phone,2,9,Married,4,Male,3,2,1,Mobile Phone,2,3,1,2
3963,54519,13,Pad,3,7,Single,4,Female,3,2,1,Laptop & Accessory,6,1,0,2
3964,54577,12,Pad,1,9,Married,4,Male,3,2,1,Mobile Phone,3,1,1,2
3965,54592,28,Mobile Phone,1,6,Single,4,Female,3,2,1,Laptop & Accessory,9,3,0,1
3966,54621,1,Mobile Phone,3,36,Married,4,Male,3,2,1,Laptop & Accessory,7,3,0,1
3967,54648,1,Mobile Phone,1,7,Single,5,Female,3,2,1,Mobile Phone,3,4,0,1
3968,54651,12,Mobile Phone,1,7,Single,4,Female,3,2,1,Mobile Phone,5,5,0,1
3969,54676,9,Pad,1,10,Married,5,Male,3,2,1,Mobile Phone,3,3,0,2
3970,54703,12,Mobile Phone,1,7,Single,4,Female,3,2,1,Fashion,6,3,1,1
3971,54721,8,Mobile Phone,1,15,Married,4,Female,3,2,1,Laptop & Accessory,5,5,0,2
3972,54747,1,Pad,1,16,Married,5,Male,3,2,1,Mobile Phone,3,4,0,1
3973,54762,14,Pad,1,23,Single,5,Male,3,2,1,Laptop & Accessory,8,3,0,1
3974,54763,4,Mobile Phone,1,9,Single,5,Female,3,2,1,Laptop & Accessory,7,1,1,2
3975,54776,1,Pad,1,10,Married,4,Male,3,2,1,Mobile Phone,3,1,0,1
3976,54809,11,Pad,3,28,Married,4,Female,3,2,1,Mobile Phone,7,1,0,2
3977,54822,17,Mobile Phone,1,15,Married,4,Female,3,2,1,Laptop & Accessory,6,4,0,2
3978,54832,8,PC,1,17,Married,4,Male,3,2,1,Mobile Phone,3,4,0,2
3979,54839,22,PC,1,27,Married,4,Male,3,2,1,Mobile Phone,6,3,0,2
3980,54840,5,Pad,3,27,Married,4,Female,3,2,1,Laptop & Accessory,3,3,0,2
3981,54852,14,Pad,1,16,Married,4,Male,3,2,1,Mobile Phone,10,4,1,1
3982,54859,9,Mobile Phone,3,25,Married,4,Female,3,2,1,Laptop & Accessory,3,3,0,2
3983,54908,12,Mobile Phone,3,10,Single,4,Male,3,2,1,Laptop & Accessory,10,1,1,2
3984,54924,8,PC,3,17,Married,4,Female,3,2,1,Mobile Phone,3,3,1,1
3985,54956,11,Mobile Phone,3,17,Married,5,Female,3,2,1,Laptop & Accessory,4,1,1,2
3986,54964,8,Pad,1,10,Married,5,Male,3,2,1,Mobile Phone,5,1,0,1
3987,54972,12,Mobile Phone,3,9,Single,4,Male,3,2,1,Fashion,9,4,0,2
3988,54985,16,Mobile Phone,1,36,Single,6,Male,3,2,1,Laptop & Accessory,6,1,0,2
3989,54991,15,Mobile Phone,1,19,Married,4,Male,3,2,1,Mobile Phone,5,1,1,2
3990,55014,1,Mobile Phone,1,16,Single,4,Male,3,2,1,Mobile Phone,3,5,0,1
3991,55064,3,Mobile Phone,1,14,Married,4,Male,3,2,1,Laptop & Accessory,3,1,1,2
3992,55067,8,Mobile Phone,1,27,Married,2,Female,3,2,1,Mobile Phone,2,3,0,2
3993,55134,9,Mobile Phone,1,8,Married,5,Female,3,2,1,Laptop & Accessory,2,1,0,1
3994,55135,1,Pad,3,9,Single,6,Male,3,2,1,Laptop & Accessory,5,1,0,1
3995,55184,33,PC,1,8,Married,4,Female,3,2,1,Mobile Phone,4,5,0,1
3996,55258,1,PC,1,28,Married,5,Male,3,2,1,Mobile Phone,2,5,0,1
3997,55276,8,Mobile Phone,1,14,Single,4,Male,3,2,1,Mobile Phone,3,1,0,1
3998,55279,1,PC,1,10,Married,4,Female,3,2,1,Mobile Phone,3,1,0,2
3999,55312,2,Mobile Phone,1,34,Married,6,Female,3,2,1,Laptop & Accessory,2,5,0,2
4000,55363,12,Mobile Phone,1,11,Married,4,Female,3,2,1,Mobile Phone,9,3,0,1
4001,55395,21,Pad,3,9,Married,4,Male,3,2,1,Laptop & Accessory,9,4,0,1
4002,55422,12,Mobile Phone,1,25,Married,6,Male,3,2,1,Laptop & Accessory,5,1,1,1
4003,55472,1,Pad,1,21,Single,4,Female,3,2,1,Mobile Phone,3,3,0,2
4004,55486,16,Mobile Phone,1,15,Single,4,Male,3,2,1,Mobile Phone,6,3,0,2
4005,55490,3,Mobile Phone,2,13,Married,5,Male,3,2,1,Mobile Phone,3,4,0,2
4006,55510,1,Mobile Phone,1,8,Married,5,Female,3,2,1,Mobile Phone,3,3,1,1
4007,55532,33,Mobile Phone,3,18,Married,5,Female,3,2,1,Laptop & Accessory,6,5,0,1
4008,55552,12,Mobile Phone,3,8,Single,5,Male,3,2,1,Mobile Phone,6,5,0,2
4009,55563,5,PC,1,9,Married,6,Female,3,2,1,Mobile Phone,3,1,1,1
4010,55576,7,Pad,1,8,Married,5,Male,3,2,1,Mobile Phone,3,3,0,1
4011,55588,14,PC,1,8,Married,4,Male,3,2,1,Mobile Phone,10,1,0,2
4012,55595,26,Pad,3,36,Married,4,Male,3,2,1,Mobile Phone,4,1,0,2
4013,50346,3,Pad,3,14,Divorced,3,Male,2,2,1,Household,1,2,0,0
4014,50613,14,Mobile Phone,1,13,Single,3,Female,2,2,1,Laptop & Accessory,7,3,0,1
4015,50810,7,PC,1,6,Single,3,Female,2,2,1,Household,2,4,0,1
4016,50993,7,Mobile Phone,1,6,Married,3,Male,2,2,1,Laptop & Accessory,10,1,0,1
4017,51121,7,Pad,2,16,Married,3,Male,2,2,1,Household,1,1,0,1
4018,51260,7,Mobile Phone,3,6,Single,3,Male,2,2,1,Fashion,2,1,0,1
4019,51816,3,Pad,3,14,Married,3,Male,2,2,1,Household,1,1,0,1
4020,52083,14,Mobile Phone,1,13,Single,3,Female,2,2,1,Laptop & Accessory,7,3,0,2
4021,52280,7,PC,1,7,Single,3,Female,2,2,1,Household,2,4,0,1
4022,52463,7,Mobile Phone,1,7,Married,3,Male,2,2,1,Laptop & Accessory,10,1,0,0
4023,52591,7,Pad,2,16,Married,3,Male,2,2,1,Household,1,1,0,0
4024,52730,7,Mobile Phone,3,7,Single,3,Male,2,2,1,Fashion,2,1,0,2
4025,53056,23,Pad,1,14,Divorced,4,Female,2,2,1,Laptop & Accessory,4,3,0,1
4026,54155,1,Mobile Phone,3,12,Single,5,Female,2,2,1,Mobile Phone,2,3,0,1
4027,54526,23,Pad,1,14,Married,4,Female,2,2,1,Laptop & Accessory,4,3,0,2
4028,55625,1,Mobile Phone,3,12,Single,5,Female,2,2,1,Mobile Phone,2,3,0,2
4029,51454,3,PC,1,13,Married,4,Male,0,2,1,Household,2,1,0,0
4030,50040,3,Pad,1,14,Married,4,Male,3,1,1,Household,2,3,1,0
4031,50149,13,Mobile Phone,3,12,Divorced,3,Male,3,1,1,Laptop & Accessory,5,2,0,0
4032,50448,2,PC,1,33,Divorced,3,Female,3,1,1,Laptop & Accessory,5,3,0,1
4033,50494,3,PC,1,8,Single,1,Male,3,1,1,Household,8,5,0,1
4034,50556,9,PC,1,13,Single,3,Male,3,1,1,Mobile Phone,3,2,0,0
4035,50610,3,PC,1,14,Divorced,5,Male,3,1,1,Household,2,5,0,1
4036,50699,2,Pad,1,16,Married,3,Female,3,1,1,Household,1,4,0,1
4037,50771,4,Mobile Phone,1,17,Divorced,3,Male,3,1,1,Laptop & Accessory,2,5,1,0
4038,51021,9,PC,1,18,Married,3,Female,3,1,1,Laptop & Accessory,10,3,1,0
4039,51235,7,Mobile Phone,3,9,Married,4,Female,3,1,1,Laptop & Accessory,4,1,1,0
4040,51510,3,Pad,1,14,Married,4,Male,3,1,1,Household,2,3,1,0
4041,51619,13,Mobile Phone,3,12,Married,3,Male,3,1,1,Laptop & Accessory,5,1,0,1
4042,51918,2,PC,1,33,Married,3,Female,3,1,1,Laptop & Accessory,5,3,0,0
4043,51964,3,PC,1,8,Single,1,Male,3,1,1,Household,8,5,0,0
4044,52026,9,PC,1,13,Single,3,Male,3,1,1,Mobile Phone,3,1,0,1
4045,52080,3,PC,1,14,Married,5,Male,3,1,1,Household,2,5,0,0
4046,52169,2,Pad,1,16,Married,3,Female,3,1,1,Household,1,4,0,0
4047,52241,4,Mobile Phone,1,17,Married,3,Male,3,1,1,Laptop & Accessory,2,5,1,1
4048,52357,9,Mobile Phone,3,9,Single,3,Female,3,1,1,Laptop & Accessory,4,4,1,0
4049,52491,9,PC,1,18,Married,3,Female,3,1,1,Laptop & Accessory,10,3,1,0
4050,52705,7,Mobile Phone,3,9,Married,4,Female,3,1,1,Laptop & Accessory,4,1,1,0
4051,50044,11,Mobile Phone,3,6,Single,4,Female,2,1,1,Laptop & Accessory,5,2,0,1
4052,50097,6,PC,1,14,Divorced,4,Female,2,1,1,Household,7,4,0,0
4053,50204,6,Pad,3,16,Single,4,Male,2,1,1,Laptop & Accessory,4,2,0,1
4054,50265,13,PC,1,16,Single,3,Male,2,1,1,Laptop & Accessory,3,4,1,0
4055,50388,7,PC,1,9,Single,4,Male,2,1,1,Household,1,2,0,0
4056,50452,2,Pad,3,5,Divorced,3,Male,2,1,1,Laptop & Accessory,1,2,0,0
4057,50496,8,PC,1,14,Single,4,Female,2,1,1,Household,2,5,0,1
4058,50643,13,PC,1,9,Single,3,Female,2,1,1,Laptop & Accessory,4,4,0,1
4059,50688,16,Pad,1,33,Divorced,3,Female,2,1,1,Fashion,9,5,0,0
4060,50748,6,Pad,3,31,Divorced,3,Female,2,1,1,Laptop & Accessory,2,3,0,0
4061,50761,3,PC,3,16,Single,3,Male,2,1,1,Laptop & Accessory,1,2,0,0
4062,50786,7,Mobile Phone,1,6,Divorced,3,Male,2,1,1,Mobile Phone,2,3,0,0
4063,50837,8,Pad,1,10,Single,3,Male,2,1,1,Laptop & Accessory,2,3,1,1
4064,50874,3,PC,1,8,Single,4,Male,2,1,1,Mobile Phone,1,2,0,0
4065,50887,9,Mobile Phone,3,9,Single,3,Female,2,1,1,Laptop & Accessory,4,4,1,0
4066,51017,7,PC,1,13,Married,4,Male,2,1,1,Household,2,4,0,0
4067,51261,7,Mobile Phone,3,19,Married,3,Male,2,1,1,Fashion,2,3,0,1
4068,51330,18,PC,3,26,Single,3,Female,2,1,1,Laptop & Accessory,9,3,0,1
4069,51395,7,PC,1,14,Married,1,Male,2,1,1,Household,2,1,0,1
4070,51481,9,PC,1,12,Married,3,Male,2,1,1,Laptop & Accessory,7,4,0,0
4071,51567,6,PC,1,14,Married,4,Female,2,1,1,Household,7,4,0,0
4072,51674,6,Pad,3,16,Single,4,Male,2,1,1,Laptop & Accessory,4,1,0,1
4073,51735,13,PC,1,16,Single,3,Male,2,1,1,Laptop & Accessory,3,4,1,0
4074,51858,7,PC,1,9,Single,4,Male,2,1,1,Household,1,1,0,1
4075,51922,3,Pad,3,14,Married,3,Male,2,1,1,Laptop & Accessory,1,1,0,1
4076,51966,8,PC,1,14,Single,4,Female,2,1,1,Household,2,5,0,0
4077,52113,13,PC,1,9,Single,3,Female,2,1,1,Laptop & Accessory,4,4,0,1
4078,52158,16,Pad,1,33,Married,3,Female,2,1,1,Fashion,9,5,0,1
4079,52218,6,Pad,3,31,Married,3,Female,2,1,1,Laptop & Accessory,2,3,0,0
4080,52231,3,PC,3,16,Single,3,Male,2,1,1,Laptop & Accessory,1,1,0,1
4081,52256,7,Mobile Phone,1,7,Married,3,Male,2,1,1,Mobile Phone,2,3,0,1
4082,52307,8,Pad,1,10,Single,3,Male,2,1,1,Laptop & Accessory,2,3,1,1
4083,52344,3,PC,1,8,Single,4,Male,2,1,1,Mobile Phone,1,1,0,1
4084,52487,7,PC,1,13,Married,4,Male,2,1,1,Household,2,4,0,1
4085,52731,7,Mobile Phone,3,19,Married,3,Male,2,1,1,Fashion,2,3,0,0
4086,52800,18,PC,3,26,Single,3,Female,2,1,1,Laptop & Accessory,9,3,0,0
4087,50046,3,PC,1,23,Divorced,3,Male,0,1,1,Household,1,4,1,1
4088,50435,11,PC,1,8,Divorced,3,Male,0,1,1,Household,7,3,1,0
4089,50785,3,PC,1,31,Single,1,Female,0,1,1,Household,2,2,1,1
4090,51010,8,PC,1,13,Married,4,Male,0,1,1,Household,2,1,0,1
4091,51334,8,PC,1,6,Married,5,Female,0,1,1,Household,2,1,0,0
4092,51516,3,PC,1,23,Married,3,Male,0,1,1,Household,1,4,1,0
4093,51905,11,PC,1,8,Married,3,Male,0,1,1,Household,7,3,1,0
4094,52255,3,PC,1,31,Single,1,Female,0,1,1,Household,2,1,1,0
4095,52480,8,PC,1,13,Married,4,Male,0,1,1,Household,2,1,0,1
4096,52804,8,PC,1,7,Married,5,Female,0,1,1,Household,2,1,0,1
4097,51038,3,Mobile Phone,3,16,Married,4,Male,2,6,0,Fashion,10,5,0,4
4098,52508,3,Mobile Phone,3,16,Married,4,Male,2,6,0,Fashion,10,5,0,3
4099,51229,7,Pad,1,22,Married,5,Male,2,3,0,Household,2,5,1,3
4100,52699,7,Pad,1,22,Married,5,Male,2,3,0,Household,2,5,1,1
4101,50008,7,PC,1,6,Divorced,3,Male,3,2,0,Household,3,2,1,2
4102,50401,3,PC,3,9,Single,3,Female,3,2,0,Laptop & Accessory,10,3,0,1
4103,51380,7,PC,1,6,Married,3,Male,3,2,0,Household,3,1,1,0
4104,51871,3,PC,3,9,Single,3,Female,3,2,0,Laptop & Accessory,10,3,0,1
4105,51189,3,PC,2,14,Married,4,Male,2,2,0,Household,5,5,1,1
4106,51337,13,Mobile Phone,3,34,Married,4,Male,2,2,0,Fashion,5,5,1,0
4107,52659,3,PC,2,14,Married,4,Male,2,2,0,Household,5,5,1,2
4108,52807,13,Mobile Phone,3,34,Married,4,Male,2,2,0,Fashion,5,5,1,2
4109,50002,7,PC,1,8,Single,4,Male,3,1,0,Household,7,3,1,0
4110,50012,11,Mobile Phone,1,6,Single,4,Male,3,1,0,Fashion,10,3,1,0
4111,50014,3,PC,1,15,Divorced,4,Male,3,1,0,Household,1,3,1,0
4112,50047,3,Pad,3,14,Single,5,Female,3,1,0,Household,1,5,0,1
4113,50080,1,Mobile Phone,1,35,Divorced,3,Male,3,1,0,Laptop & Accessory,8,5,1,0
4114,50126,3,Pad,1,16,Married,3,Male,3,1,0,Fashion,7,3,0,1
4115,50140,3,PC,1,8,Single,3,Male,3,1,0,Household,3,3,0,1
4116,50244,3,Mobile Phone,3,28,Divorced,4,Male,3,1,0,Laptop & Accessory,3,3,1,1
4117,50315,3,Pad,1,26,Divorced,3,Male,3,1,0,Fashion,4,3,0,1
4118,50333,7,Pad,3,11,Single,3,Male,3,1,0,Mobile Phone,2,4,1,1
4119,50339,3,PC,1,14,Single,5,Male,3,1,0,Household,2,2,1,1
4120,50356,7,Pad,3,18,Divorced,4,Male,3,1,0,Household,2,5,0,1
4121,50380,8,Pad,3,32,Divorced,3,Female,3,1,0,Laptop & Accessory,3,5,0,0
4122,50461,7,Mobile Phone,1,12,Divorced,1,Male,3,1,0,Mobile Phone,2,5,1,1
4123,50587,3,PC,1,14,Single,4,Female,3,1,0,Household,7,5,1,1
4124,50607,3,PC,1,14,Single,4,Female,3,1,0,Household,2,5,1,0
4125,50620,3,PC,1,17,Divorced,5,Female,3,1,0,Laptop & Accessory,6,4,0,1
4126,50704,7,Pad,1,14,Single,3,Male,3,1,0,Mobile Phone,2,3,0,0
4127,50718,3,PC,1,14,Divorced,3,Female,3,1,0,Household,2,2,1,1
4128,50740,7,Pad,1,11,Married,4,Male,3,1,0,Household,7,5,0,1
4129,50747,7,PC,1,23,Divorced,3,Female,3,1,0,Household,2,4,0,0
4130,50768,7,Pad,1,16,Single,4,Female,3,1,0,Mobile Phone,2,4,1,1
4131,50787,3,Pad,3,30,Single,5,Male,3,1,0,Mobile Phone,2,2,1,1
4132,50986,7,PC,1,8,Married,3,Female,3,1,0,Household,2,5,1,1
4133,51029,7,Pad,3,9,Single,3,Female,3,1,0,Mobile Phone,2,1,1,0
4134,51081,7,Mobile Phone,1,8,Single,3,Male,3,1,0,Mobile Phone,2,4,0,1
4135,51131,3,Mobile Phone,3,22,Single,3,Female,3,1,0,Fashion,3,5,1,0
4136,51133,3,Mobile Phone,3,22,Married,3,Male,3,1,0,Fashion,3,3,0,1
4137,51149,3,PC,1,14,Married,3,Female,3,1,0,Household,2,5,1,0
4138,51208,3,Pad,1,14,Single,4,Male,3,1,0,Household,2,1,1,1
4139,51215,3,PC,1,14,Single,3,Male,3,1,0,Household,2,4,1,1
4140,51230,19,PC,1,14,Single,3,Male,3,1,0,Household,2,1,0,0
4141,51348,7,PC,1,8,Single,4,Male,3,1,0,Household,7,3,1,0
4142,51396,11,Mobile Phone,1,6,Single,4,Male,3,1,0,Fashion,10,3,1,0
4143,51415,3,PC,1,15,Married,4,Male,3,1,0,Household,1,3,1,1
4144,51517,3,Pad,3,14,Single,5,Female,3,1,0,Household,1,5,0,1
4145,51550,1,Mobile Phone,1,35,Married,3,Male,3,1,0,Laptop & Accessory,8,5,1,1
4146,51596,3,Pad,1,16,Married,3,Male,3,1,0,Fashion,7,3,0,0
4147,51610,3,PC,1,8,Single,3,Male,3,1,0,Household,3,3,0,0
4148,51714,3,Mobile Phone,3,28,Married,4,Male,3,1,0,Laptop & Accessory,3,3,1,1
4149,51785,3,Pad,1,26,Married,3,Male,3,1,0,Fashion,4,3,0,1
4150,51803,7,Pad,3,11,Single,3,Male,3,1,0,Mobile Phone,2,4,1,1
4151,51809,3,PC,1,14,Single,5,Male,3,1,0,Household,2,1,1,0
4152,51826,7,Pad,3,18,Married,4,Male,3,1,0,Household,2,5,0,1
4153,51850,8,Pad,3,32,Married,3,Female,3,1,0,Laptop & Accessory,3,5,0,0
4154,51931,7,Mobile Phone,1,12,Married,1,Male,3,1,0,Mobile Phone,2,5,1,0
4155,52057,3,PC,1,14,Single,4,Female,3,1,0,Household,7,5,1,1
4156,52077,3,PC,1,14,Single,4,Female,3,1,0,Household,2,5,1,1
4157,52090,3,PC,1,17,Married,5,Female,3,1,0,Laptop & Accessory,6,4,0,1
4158,52174,7,Pad,1,14,Single,3,Male,3,1,0,Household,2,3,0,1
4159,52188,3,PC,1,14,Married,3,Female,3,1,0,Household,2,1,1,1
4160,52210,7,Pad,1,11,Married,4,Male,3,1,0,Household,7,5,0,0
4161,52217,7,PC,1,23,Married,3,Female,3,1,0,Household,2,4,0,1
4162,52238,7,Pad,1,16,Single,4,Female,3,1,0,Mobile Phone,2,4,1,0
4163,52257,3,Pad,3,30,Single,5,Male,3,1,0,Mobile Phone,2,1,1,1
4164,52456,7,PC,1,8,Married,3,Female,3,1,0,Household,2,5,1,1
4165,52499,7,Pad,3,9,Single,3,Female,3,1,0,Mobile Phone,2,1,1,1
4166,52551,7,Mobile Phone,1,8,Single,3,Male,3,1,0,Mobile Phone,2,4,0,0
4167,52601,3,Mobile Phone,3,22,Single,3,Female,3,1,0,Fashion,3,5,1,1
4168,52603,3,Mobile Phone,3,22,Married,3,Male,3,1,0,Fashion,3,3,0,0
4169,52619,3,PC,1,14,Married,3,Female,3,1,0,Household,2,5,1,0
4170,52678,3,Pad,1,14,Single,4,Male,3,1,0,Household,2,1,1,1
4171,52685,3,PC,1,14,Single,3,Male,3,1,0,Household,2,4,1,1
4172,52700,19,PC,1,14,Single,3,Male,3,1,0,Household,2,1,0,0
4173,50007,7,PC,3,11,Divorced,3,Male,2,1,0,Laptop & Accessory,4,2,0,0
4174,50023,7,Mobile Phone,3,28,Single,3,Male,2,1,0,Mobile Phone,2,3,1,0
4175,50053,3,Mobile Phone,1,8,Single,4,Male,2,1,0,Mobile Phone,2,2,0,0
4176,50172,7,Mobile Phone,1,9,Single,3,Male,2,1,0,Mobile Phone,2,3,0,0
4177,50203,2,Mobile Phone,3,9,Divorced,3,Female,2,1,0,Laptop & Accessory,5,3,1,1
4178,50261,7,Pad,1,10,Single,3,Male,2,1,0,Household,19,2,1,1
4179,50291,3,Pad,3,14,Married,5,Female,2,1,0,Household,1,3,0,1
4180,50298,3,PC,2,14,Single,4,Male,2,1,0,Household,2,2,0,1
4181,50465,3,PC,1,14,Divorced,4,Female,2,1,0,Household,2,5,1,0
4182,50536,23,Pad,1,14,Married,4,Male,2,1,0,Household,10,2,1,0
4183,50559,3,PC,3,14,Divorced,4,Male,2,1,0,Household,2,4,1,0
4184,50564,7,PC,3,27,Single,4,Male,2,1,0,Household,2,4,1,0
4185,50576,23,PC,1,14,Single,3,Male,2,1,0,Household,5,3,0,1
4186,50637,3,PC,1,21,Married,3,Male,2,1,0,Laptop & Accessory,8,3,0,0
4187,50653,7,Mobile Phone,1,16,Single,4,Female,2,1,0,Mobile Phone,2,5,0,1
4188,50673,3,PC,1,14,Married,3,Male,2,1,0,Household,2,3,0,1
4189,50676,3,Pad,1,14,Married,4,Male,2,1,0,Household,2,4,0,0
4190,50677,13,Pad,3,6,Single,3,Male,2,1,0,Laptop & Accessory,4,3,1,0
4191,50822,3,Mobile Phone,3,31,Single,4,Male,2,1,0,Fashion,3,4,1,0
4192,50888,7,Pad,3,6,Single,5,Female,2,1,0,Mobile Phone,2,3,0,1
4193,50892,7,Mobile Phone,1,14,Single,4,Female,2,1,0,Mobile Phone,2,4,0,0
4194,50908,2,Pad,1,8,Single,4,Female,2,1,0,Mobile Phone,3,5,1,0
4195,50933,3,Pad,3,19,Single,3,Female,2,1,0,Laptop & Accessory,6,4,0,0
4196,50936,3,Pad,1,15,Single,3,Male,2,1,0,Household,3,5,1,0
4197,50944,3,Pad,1,14,Single,4,Male,2,1,0,Household,8,5,0,0
4198,50959,7,Mobile Phone,1,15,Single,3,Male,2,1,0,Household,4,5,0,1
4199,51012,3,PC,1,14,Married,3,Male,2,1,0,Household,2,4,1,0
4200,51098,7,Mobile Phone,2,28,Married,5,Male,2,1,0,Mobile Phone,2,3,0,0
4201,51113,3,Mobile Phone,3,6,Single,5,Male,2,1,0,Laptop & Accessory,7,4,0,0
4202,51138,6,Pad,1,14,Married,4,Male,2,1,0,Household,10,3,1,1
4203,51214,3,Mobile Phone,3,15,Single,3,Male,2,1,0,Mobile Phone,2,1,0,0
4204,51241,3,Pad,3,30,Single,1,Male,2,1,0,Mobile Phone,2,5,0,1
4205,51314,7,Pad,3,15,Married,3,Male,2,1,0,Mobile Phone,2,5,0,1
4206,51379,7,PC,3,11,Married,3,Male,2,1,0,Laptop & Accessory,4,1,0,0
4207,51473,7,Mobile Phone,3,28,Single,3,Male,2,1,0,Mobile Phone,2,3,1,1
4208,51523,3,Mobile Phone,1,8,Single,4,Male,2,1,0,Mobile Phone,2,1,0,1
4209,51642,7,Mobile Phone,1,9,Single,3,Male,2,1,0,Mobile Phone,2,3,0,1
4210,51673,2,Mobile Phone,3,9,Married,3,Female,2,1,0,Laptop & Accessory,5,3,1,1
4211,51731,7,Pad,1,10,Single,3,Male,2,1,0,Household,10,1,1,1
4212,51761,3,Pad,3,14,Married,5,Female,2,1,0,Household,1,3,0,0
4213,51768,3,PC,2,14,Single,4,Male,2,1,0,Household,2,1,0,0
4214,51935,3,PC,1,14,Married,4,Female,2,1,0,Household,2,5,1,0
4215,52006,23,Pad,1,14,Married,4,Male,2,1,0,Household,10,1,1,1
4216,52029,3,PC,3,14,Married,4,Male,2,1,0,Household,2,4,1,0
4217,52034,7,PC,3,27,Single,4,Male,2,1,0,Household,2,4,1,1
4218,52046,23,PC,1,14,Single,3,Male,2,1,0,Household,5,3,0,0
4219,52107,3,PC,1,21,Married,3,Male,2,1,0,Laptop & Accessory,8,3,0,0
4220,52123,7,Mobile Phone,1,16,Single,4,Female,2,1,0,Mobile Phone,2,5,0,0
4221,52143,3,PC,1,14,Married,3,Male,2,1,0,Household,2,3,0,1
4222,52146,3,Pad,1,14,Married,4,Male,2,1,0,Household,2,4,0,1
4223,52147,13,Pad,3,6,Single,3,Male,2,1,0,Laptop & Accessory,4,3,1,1
4224,52292,3,Mobile Phone,3,31,Single,4,Male,2,1,0,Fashion,3,4,1,1
4225,52358,7,Pad,3,7,Single,5,Female,2,1,0,Mobile Phone,2,3,0,0
4226,52362,7,Mobile Phone,1,14,Single,4,Female,2,1,0,Mobile Phone,2,4,0,0
4227,52378,2,Pad,1,8,Single,4,Female,2,1,0,Mobile Phone,3,5,1,0
4228,52403,3,Pad,3,19,Single,3,Female,2,1,0,Laptop & Accessory,6,4,0,1
4229,52406,3,Pad,1,15,Single,3,Male,2,1,0,Household,3,5,1,0
4230,52414,3,Pad,1,14,Single,4,Male,2,1,0,Household,8,5,0,1
4231,52429,7,Mobile Phone,1,15,Single,3,Male,2,1,0,Household,4,5,0,1
4232,52482,3,PC,1,14,Married,3,Male,2,1,0,Household,2,4,1,0
4233,52568,7,Mobile Phone,2,28,Married,5,Male,2,1,0,Mobile Phone,2,3,0,0
4234,52583,3,Mobile Phone,3,7,Single,5,Male,2,1,0,Laptop & Accessory,7,4,0,0
4235,52608,6,Pad,1,14,Married,4,Male,2,1,0,Household,10,3,1,1
4236,52684,3,Mobile Phone,3,15,Single,3,Male,2,1,0,Mobile Phone,2,1,0,0
4237,52711,3,Pad,3,30,Single,1,Male,2,1,0,Mobile Phone,2,5,0,0
4238,52784,7,Pad,3,15,Married,3,Male,2,1,0,Mobile Phone,2,5,0,1
4239,50017,3,Pad,1,12,Single,4,Female,0,1,0,Household,2,2,1,1
4240,50162,7,Pad,1,30,Married,3,Male,0,1,0,Household,4,3,1,0
4241,50239,3,PC,3,11,Single,3,Female,0,1,0,Household,2,3,1,1
4242,50246,3,PC,3,18,Single,2,Female,0,1,0,Household,2,4,0,0
4243,50329,3,Pad,2,23,Married,3,Female,0,1,0,Household,1,3,1,0
4244,50539,3,PC,1,24,Single,3,Female,0,1,0,Household,2,2,0,1
4245,50543,4,PC,1,8,Married,5,Female,0,1,0,Household,5,2,1,0
4246,50565,3,PC,1,10,Single,3,Male,0,1,0,Household,2,5,0,1
4247,50736,3,Pad,1,9,Divorced,4,Male,0,1,0,Household,1,2,1,0
4248,50856,3,Pad,3,8,Single,4,Female,0,1,0,Household,8,2,0,0
4249,51147,3,PC,3,13,Single,3,Male,0,1,0,Household,2,4,0,1
4250,51188,3,PC,2,24,Married,1,Male,0,1,0,Household,1,5,0,1
4251,51255,3,Pad,2,28,Married,4,Female,0,1,0,Household,2,4,0,1
4252,51448,3,Pad,1,12,Single,4,Female,0,1,0,Household,2,1,1,0
4253,51632,7,Pad,1,30,Married,3,Male,0,1,0,Household,4,3,1,0
4254,51709,3,PC,3,11,Single,3,Female,0,1,0,Household,2,3,1,0
4255,51716,3,PC,3,18,Single,1,Female,0,1,0,Household,2,4,0,0
4256,51799,3,Pad,2,23,Married,3,Female,0,1,0,Household,1,3,1,0
4257,52009,3,PC,1,24,Single,3,Female,0,1,0,Household,2,1,0,1
4258,52013,4,PC,1,8,Married,5,Female,0,1,0,Household,5,1,1,0
4259,52035,3,PC,1,10,Single,3,Male,0,1,0,Household,2,5,0,1
4260,52206,3,Pad,1,9,Married,4,Male,0,1,0,Household,1,1,1,0
4261,52326,3,Pad,3,8,Single,4,Female,0,1,0,Household,8,1,0,0
4262,52617,3,PC,3,13,Single,3,Male,0,1,0,Household,2,4,0,0
4263,52658,3,PC,2,24,Married,1,Male,0,1,0,Household,1,5,0,1
4264,52725,3,Pad,2,28,Married,4,Female,0,1,0,Household,2,4,0,1
4265,50260,9,Mobile Phone,3,8,Divorced,4,Male,3,9,0,Fashion,2,3,0,9
4266,51730,9,Mobile Phone,3,8,Married,4,Male,3,9,0,Fashion,2,3,0,8
4267,50647,27,Mobile Phone,3,8,Divorced,4,Female,2,7,0,Fashion,7,3,0,6
4268,52117,27,Mobile Phone,3,8,Married,4,Female,2,7,0,Fashion,7,3,0,6
4269,50702,11,PC,2,6,Divorced,1,Male,0,5,0,Household,2,3,0,1
4270,52172,11,PC,2,6,Married,1,Male,0,5,0,Household,2,3,0,3
4271,50682,25,Mobile Phone,1,13,Single,3,Male,2,4,0,Fashion,8,4,0,3
4272,52152,25,Mobile Phone,1,5,Single,3,Male,2,4,0,Fashion,8,4,0,2
4273,51426,3,Mobile Phone,1,6,Married,4,Male,2,3,0,Laptop & Accessory,2,1,1,1
4274,51349,6,Pad,1,9,Married,3,Female,0,3,0,Household,2,3,1,2
4275,50317,7,Pad,1,11,Divorced,3,Male,3,2,0,Household,5,3,0,2
4276,50447,3,Pad,1,6,Married,5,Female,3,2,0,Mobile Phone,4,2,0,2
4277,51197,7,PC,1,15,Single,3,Female,3,2,0,Household,5,3,0,1
4278,51787,7,Pad,1,11,Married,3,Male,3,2,0,Household,5,3,0,0
4279,51917,3,Pad,1,6,Married,5,Female,3,2,0,Mobile Phone,4,1,0,2
4280,52667,7,PC,1,15,Single,3,Female,3,2,0,Household,5,3,0,0
4281,50076,3,Pad,1,6,Divorced,4,Male,2,2,0,Laptop & Accessory,6,5,0,0
4282,50078,7,Pad,1,16,Married,3,Male,2,2,0,Mobile Phone,2,3,1,2
4283,51546,3,Pad,1,6,Married,4,Male,2,2,0,Laptop & Accessory,6,5,0,2
4284,51548,7,Pad,1,16,Married,3,Male,2,2,0,Mobile Phone,2,3,1,2
4285,50033,33,PC,1,15,Divorced,4,Female,3,1,0,Household,5,4,1,1
4286,50101,7,PC,1,9,Divorced,4,Male,3,1,0,Household,4,2,0,0
4287,50141,2,Mobile Phone,3,8,Divorced,4,Male,3,1,0,Laptop & Accessory,3,4,0,0
4288,50150,3,PC,1,9,Single,4,Male,3,1,0,Household,2,3,0,1
4289,50177,3,Mobile Phone,3,16,Single,4,Female,3,1,0,Mobile Phone,2,3,0,1
4290,50186,4,Mobile Phone,2,8,Divorced,4,Male,3,1,0,Laptop & Accessory,4,5,0,0
4291,50232,15,Mobile Phone,1,8,Single,4,Male,3,1,0,Laptop & Accessory,4,2,0,0
4292,50248,8,Mobile Phone,1,15,Single,4,Male,3,1,0,Laptop & Accessory,10,4,0,1
4293,50257,3,PC,3,14,Divorced,3,Male,3,1,0,Household,2,4,0,1
4294,50267,13,PC,1,8,Divorced,4,Female,3,1,0,Laptop & Accessory,7,3,0,1
4295,50314,8,Mobile Phone,1,22,Divorced,3,Male,3,1,0,Fashion,5,3,1,0
4296,50347,11,Mobile Phone,1,16,Divorced,3,Female,3,1,0,Laptop & Accessory,4,3,0,1
4297,50352,7,PC,1,23,Divorced,4,Male,3,1,0,Household,2,4,0,1
4298,50362,13,Mobile Phone,3,8,Divorced,3,Male,3,1,0,Laptop & Accessory,5,3,1,0
4299,50377,7,Pad,1,9,Married,3,Female,3,1,0,Household,2,3,0,1
4300,50398,13,PC,1,16,Single,2,Male,3,1,0,Mobile Phone,4,2,0,1
4301,50433,8,Pad,1,8,Married,3,Female,3,1,0,Laptop & Accessory,3,5,0,0
4302,50479,7,PC,1,8,Single,4,Female,3,1,0,Household,2,3,0,1
4303,50504,13,Mobile Phone,3,22,Married,4,Male,3,1,0,Laptop & Accessory,5,3,0,1
4304,50546,3,PC,1,14,Single,3,Female,3,1,0,Household,2,3,0,1
4305,50560,13,Mobile Phone,3,16,Married,4,Male,3,1,0,Fashion,3,4,0,1
4306,50603,3,Pad,1,11,Single,3,Male,3,1,0,Mobile Phone,2,2,0,1
4307,50618,23,PC,1,14,Divorced,3,Male,3,1,0,Household,5,2,0,1
4308,50640,1,Mobile Phone,3,16,Divorced,3,Male,3,1,0,Mobile Phone,2,4,0,1
4309,50721,13,Pad,1,32,Divorced,4,Female,3,1,0,Laptop & Accessory,4,2,1,1
4310,50738,7,Pad,1,23,Single,5,Male,3,1,0,Household,3,3,0,1
4311,50742,13,Pad,3,8,Divorced,3,Male,3,1,0,Laptop & Accessory,6,4,0,1
4312,50777,21,PC,1,14,Single,1,Male,3,1,0,Household,6,4,0,0
4313,50801,15,PC,1,14,Divorced,1,Female,3,1,0,Laptop & Accessory,7,4,1,0
4314,50833,13,Pad,1,22,Married,3,Male,3,1,0,Household,10,3,0,1
4315,50846,3,PC,3,14,Divorced,1,Female,3,1,0,Household,9,2,0,1
4316,50848,7,Pad,1,6,Single,3,Female,3,1,0,Mobile Phone,2,2,0,1
4317,50853,7,Pad,1,32,Married,4,Female,3,1,0,Household,2,3,0,1
4318,50927,17,Pad,3,6,Divorced,3,Female,3,1,0,Laptop & Accessory,8,3,0,1
4319,50928,7,Pad,1,13,Married,3,Male,3,1,0,Mobile Phone,2,3,0,0
4320,50935,8,PC,3,14,Divorced,3,Male,3,1,0,Household,2,3,0,1
4321,50937,7,Pad,3,19,Divorced,3,Female,3,1,0,Household,2,4,0,0
4322,50945,7,Mobile Phone,1,6,Married,4,Male,3,1,0,Mobile Phone,2,3,0,0
4323,50950,6,Mobile Phone,1,14,Single,3,Male,3,1,0,Laptop & Accessory,3,3,1,0
4324,50964,15,PC,1,8,Married,4,Male,3,1,0,Mobile Phone,5,4,0,1
4325,50980,2,PC,1,14,Married,1,Male,3,1,0,Household,7,3,0,1
4326,50997,9,Mobile Phone,3,6,Single,3,Female,3,1,0,Laptop & Accessory,7,3,0,1
4327,51051,12,Mobile Phone,1,18,Married,3,Male,3,1,0,Laptop & Accessory,5,4,0,1
4328,51085,33,Mobile Phone,1,6,Married,5,Male,3,1,0,Fashion,4,1,0,0
4329,51105,13,Mobile Phone,1,14,Married,3,Female,3,1,0,Laptop & Accessory,3,5,1,0
4330,51134,7,PC,1,10,Married,4,Female,3,1,0,Household,2,5,0,0
4331,51163,15,Mobile Phone,1,19,Married,1,Male,3,1,0,Laptop & Accessory,6,5,0,1
4332,51191,9,Mobile Phone,1,8,Married,3,Female,3,1,0,Laptop & Accessory,5,4,1,0
4333,51195,5,Pad,3,16,Single,3,Male,3,1,0,Laptop & Accessory,9,1,0,1
4334,51218,7,Mobile Phone,3,10,Married,3,Male,3,1,0,Fashion,3,1,1,0
4335,51254,15,Mobile Phone,3,18,Married,3,Male,3,1,0,Laptop & Accessory,4,1,1,0
4336,51329,9,Mobile Phone,3,17,Married,4,Female,3,1,0,Laptop & Accessory,5,1,0,1
4337,51369,7,Mobile Phone,1,21,Single,3,Male,3,1,0,Mobile Phone,2,1,0,1
4338,51376,6,PC,1,14,Single,3,Male,3,1,0,Household,5,1,0,0
4339,51386,7,Mobile Phone,1,10,Married,3,Male,3,1,0,Household,2,1,0,1
4340,51428,28,Mobile Phone,3,6,Married,3,Male,3,1,0,Fashion,4,1,0,0
4341,51432,3,PC,3,14,Married,3,Male,3,1,0,Household,4,5,0,1
4342,51437,24,Mobile Phone,3,27,Single,3,Male,3,1,0,Laptop & Accessory,1,1,1,0
4343,51450,13,Pad,1,8,Married,4,Male,3,1,0,Laptop & Accessory,6,1,0,1
4344,51495,7,Mobile Phone,1,9,Single,3,Female,3,1,0,Mobile Phone,2,4,0,1
4345,51503,33,PC,1,15,Married,4,Female,3,1,0,Household,5,4,1,1
4346,51571,7,PC,1,9,Married,4,Male,3,1,0,Household,4,1,0,0
4347,51611,2,Mobile Phone,3,8,Married,4,Male,3,1,0,Laptop & Accessory,3,4,0,1
4348,51620,3,PC,1,9,Single,4,Male,3,1,0,Household,2,3,0,1
4349,51647,7,Mobile Phone,3,16,Single,4,Female,3,1,0,Mobile Phone,2,3,0,0
4350,51656,4,Mobile Phone,2,8,Married,4,Male,3,1,0,Laptop & Accessory,4,5,0,0
4351,51702,15,Mobile Phone,1,8,Single,4,Male,3,1,0,Laptop & Accessory,4,1,0,1
4352,51718,8,Mobile Phone,1,15,Single,4,Male,3,1,0,Laptop & Accessory,10,4,0,0
4353,51727,3,PC,3,14,Married,3,Male,3,1,0,Household,2,4,0,1
4354,51737,13,PC,1,8,Married,4,Female,3,1,0,Laptop & Accessory,7,3,0,1
4355,51784,8,Mobile Phone,1,22,Married,3,Male,3,1,0,Fashion,5,3,1,0
4356,51817,11,Mobile Phone,1,16,Married,3,Female,3,1,0,Laptop & Accessory,4,3,0,0
4357,51822,7,PC,1,23,Married,4,Male,3,1,0,Household,2,4,0,1
4358,51832,13,Mobile Phone,3,8,Married,3,Male,3,1,0,Laptop & Accessory,5,3,1,0
4359,51847,7,Pad,1,9,Married,3,Female,3,1,0,Household,2,3,0,1
4360,51868,13,PC,1,16,Single,1,Male,3,1,0,Mobile Phone,4,1,0,1
4361,51892,2,PC,3,14,Single,3,Male,3,1,0,Household,2,3,0,1
4362,51903,8,Pad,1,8,Married,3,Female,3,1,0,Laptop & Accessory,3,5,0,1
4363,51949,7,PC,1,8,Single,4,Female,3,1,0,Household,2,3,0,1
4364,51974,13,Mobile Phone,3,22,Married,4,Male,3,1,0,Laptop & Accessory,5,3,0,1
4365,52016,3,PC,1,14,Single,3,Female,3,1,0,Household,2,3,0,0
4366,52030,13,Mobile Phone,3,16,Married,4,Male,3,1,0,Fashion,3,4,0,0
4367,52073,3,Pad,1,11,Single,3,Male,3,1,0,Mobile Phone,2,1,0,0
4368,52088,23,PC,1,14,Married,3,Male,3,1,0,Household,5,1,0,1
4369,52110,1,Mobile Phone,3,16,Married,3,Male,3,1,0,Mobile Phone,2,4,0,0
4370,52121,16,Mobile Phone,3,31,Married,4,Male,3,1,0,Fashion,6,1,0,1
4371,52191,13,Pad,1,32,Married,4,Female,3,1,0,Laptop & Accessory,4,1,1,0
4372,52208,7,Pad,1,23,Single,5,Male,3,1,0,Household,3,3,0,1
4373,52212,13,Pad,3,8,Married,3,Male,3,1,0,Laptop & Accessory,6,4,0,1
4374,52247,21,PC,1,14,Single,1,Male,3,1,0,Household,6,4,0,0
4375,52271,15,PC,1,14,Married,1,Female,3,1,0,Laptop & Accessory,7,4,1,0
4376,52303,13,Pad,1,22,Married,3,Male,3,1,0,Household,10,3,0,1
4377,52316,3,PC,3,14,Married,1,Female,3,1,0,Household,9,1,0,0
4378,52318,7,Pad,1,7,Single,3,Female,3,1,0,Mobile Phone,2,1,0,1
4379,52323,7,Pad,1,32,Married,4,Female,3,1,0,Household,2,3,0,1
4380,52397,17,Pad,3,7,Married,3,Female,3,1,0,Laptop & Accessory,8,3,0,0
4381,52398,7,Pad,1,13,Married,3,Male,3,1,0,Mobile Phone,2,3,0,0
4382,52405,8,PC,3,14,Married,3,Male,3,1,0,Household,2,3,0,0
4383,52407,7,Pad,3,19,Married,3,Female,3,1,0,Household,2,4,0,0
4384,52415,7,Mobile Phone,1,7,Married,4,Male,3,1,0,Mobile Phone,2,3,0,0
4385,52420,6,Mobile Phone,1,14,Single,3,Male,3,1,0,Laptop & Accessory,3,3,1,1
4386,52434,15,PC,1,8,Married,4,Male,3,1,0,Mobile Phone,5,4,0,0
4387,52450,2,PC,1,14,Married,1,Male,3,1,0,Household,7,3,0,0
4388,52467,9,Mobile Phone,3,7,Single,3,Female,3,1,0,Laptop & Accessory,7,3,0,1
4389,52521,12,Mobile Phone,1,18,Married,3,Male,3,1,0,Laptop & Accessory,5,4,0,1
4390,52555,33,Mobile Phone,1,7,Married,5,Male,3,1,0,Fashion,4,1,0,1
4391,52575,13,Mobile Phone,1,14,Married,3,Female,3,1,0,Laptop & Accessory,3,5,1,1
4392,52604,7,PC,1,10,Married,4,Female,3,1,0,Household,2,5,0,0
4393,52633,15,Mobile Phone,1,19,Married,1,Male,3,1,0,Laptop & Accessory,6,5,0,1
4394,52661,9,Mobile Phone,1,8,Married,3,Female,3,1,0,Laptop & Accessory,5,4,1,1
4395,52665,5,Pad,3,16,Single,3,Male,3,1,0,Laptop & Accessory,9,1,0,0
4396,52688,7,Mobile Phone,3,10,Married,3,Male,3,1,0,Fashion,3,1,1,0
4397,52724,15,Mobile Phone,3,18,Married,3,Male,3,1,0,Laptop & Accessory,4,1,1,1
4398,52799,9,Mobile Phone,3,17,Married,4,Female,3,1,0,Laptop & Accessory,5,1,0,1
4399,50032,3,Mobile Phone,1,13,Divorced,4,Male,2,1,0,Laptop & Accessory,3,3,0,1
4400,50074,11,Mobile Phone,1,8,Divorced,3,Male,2,1,0,Laptop & Accessory,10,3,0,0
4401,50174,9,Pad,1,24,Divorced,2,Male,2,1,0,Mobile Phone,5,2,0,0
4402,50206,16,Pad,1,16,Married,4,Female,2,1,0,Laptop & Accessory,2,3,0,0
4403,50209,16,Mobile Phone,1,13,Divorced,3,Female,2,1,0,Fashion,9,5,0,1
4404,50234,9,Pad,3,6,Single,3,Female,2,1,0,Laptop & Accessory,5,2,0,1
4405,50251,22,PC,1,13,Single,4,Male,2,1,0,Fashion,9,3,0,1
4406,50292,7,Pad,1,8,Divorced,3,Male,2,1,0,Mobile Phone,2,2,1,1
4407,50307,27,PC,1,14,Single,3,Female,2,1,0,Laptop & Accessory,8,3,0,1
4408,50336,3,PC,3,35,Married,3,Male,2,1,0,Laptop & Accessory,6,3,0,1
4409,50366,11,PC,1,14,Single,3,Female,2,1,0,Household,4,5,0,1
4410,50391,7,Pad,1,9,Divorced,4,Male,2,1,0,Mobile Phone,2,3,0,1
4411,50418,11,Mobile Phone,1,6,Single,3,Female,2,1,0,Fashion,5,3,1,0
4412,50422,2,PC,3,14,Single,3,Male,2,1,0,Household,2,3,0,0
4413,50436,7,Mobile Phone,1,14,Married,3,Female,2,1,0,Laptop & Accessory,4,5,0,1
4414,50477,13,Pad,1,22,Single,4,Male,2,1,0,Laptop & Accessory,7,3,0,1
4415,50478,3,Mobile Phone,1,8,Single,4,Female,2,1,0,Laptop & Accessory,6,2,1,1
4416,50491,7,Pad,1,9,Divorced,3,Male,2,1,0,Mobile Phone,2,2,0,1
4417,50537,16,PC,1,14,Married,3,Female,2,1,0,Laptop & Accessory,5,4,0,1
4418,50547,7,Mobile Phone,1,16,Married,3,Male,2,1,0,Household,2,4,0,1
4419,50554,7,PC,1,26,Divorced,3,Male,2,1,0,Household,5,3,0,0
4420,50555,4,Pad,3,26,Divorced,3,Female,2,1,0,Laptop & Accessory,2,3,0,1
4421,50567,13,Pad,1,15,Married,3,Male,2,1,0,Mobile Phone,9,4,1,0
4422,50574,8,PC,3,24,Divorced,3,Female,2,1,0,Laptop & Accessory,2,3,0,1
4423,50623,11,Mobile Phone,3,9,Single,3,Male,2,1,0,Laptop & Accessory,9,2,1,1
4424,50639,7,PC,3,16,Divorced,3,Female,2,1,0,Household,2,3,1,0
4425,50671,13,Mobile Phone,3,16,Married,4,Female,2,1,0,Laptop & Accessory,3,2,1,0
4426,50687,11,Mobile Phone,3,8,Single,3,Male,2,1,0,Fashion,8,4,0,1
4427,50700,15,PC,1,35,Single,5,Male,2,1,0,Laptop & Accessory,5,2,0,1
4428,50706,14,PC,1,18,Divorced,3,Male,2,1,0,Mobile Phone,4,2,1,1
4429,50729,3,PC,1,14,Single,3,Male,2,1,0,Household,2,5,0,0
4430,50779,2,Mobile Phone,1,13,Married,3,Male,2,1,0,Laptop & Accessory,2,2,1,0
4431,50782,7,PC,1,14,Divorced,1,Female,2,1,0,Household,1,3,0,1
4432,50849,8,Mobile Phone,1,6,Divorced,4,Female,2,1,0,Laptop & Accessory,1,2,0,1
4433,50850,3,Pad,3,8,Single,5,Male,2,1,0,Laptop & Accessory,4,2,0,1
4434,50899,7,PC,1,6,Divorced,3,Female,2,1,0,Household,3,5,0,1
4435,50973,7,PC,1,27,Married,4,Male,2,1,0,Household,1,5,0,0
4436,50994,7,PC,1,9,Married,3,Female,2,1,0,Household,2,1,0,1
4437,51027,1,Mobile Phone,1,33,Married,5,Female,2,1,0,Laptop & Accessory,1,5,0,1
4438,51078,11,PC,1,10,Married,3,Female,2,1,0,Household,8,3,0,0
4439,51110,23,Pad,3,8,Married,3,Male,2,1,0,Laptop & Accessory,8,4,0,0
4440,51137,11,Mobile Phone,1,24,Married,5,Male,2,1,0,Laptop & Accessory,4,1,1,0
4441,51187,7,Pad,1,20,Single,3,Female,2,1,0,Mobile Phone,2,3,0,1
4442,51201,15,PC,1,14,Single,3,Male,2,1,0,Mobile Phone,5,3,0,1
4443,51247,29,Mobile Phone,3,17,Married,4,Female,2,1,0,Laptop & Accessory,5,5,0,0
4444,51270,5,Mobile Phone,1,11,Single,4,Male,2,1,0,Laptop & Accessory,9,1,0,0
4445,51278,4,Mobile Phone,1,8,Married,5,Female,2,1,0,Mobile Phone,2,1,1,1
4446,51291,7,Pad,1,6,Married,4,Male,2,1,0,Household,2,3,0,0
4447,51303,13,PC,1,14,Married,3,Male,2,1,0,Household,9,1,0,0
4448,51310,25,Pad,3,126,Married,3,Male,2,1,0,Household,3,1,0,1
4449,51384,9,PC,1,11,Married,4,Female,2,1,0,Household,10,5,1,1
4450,51387,3,PC,1,14,Married,3,Female,2,1,0,Household,2,5,0,1
4451,51400,3,PC,3,29,Married,4,Female,2,1,0,Laptop & Accessory,8,1,1,0
4452,51413,18,Mobile Phone,1,13,Married,3,Male,2,1,0,Fashion,3,5,0,0
4453,51418,4,PC,1,14,Single,3,Male,2,1,0,Household,2,4,0,1
4454,51460,7,PC,1,12,Married,4,Female,2,1,0,Laptop & Accessory,7,4,0,1
4455,51502,24,Mobile Phone,1,13,Married,4,Male,2,1,0,Laptop & Accessory,3,3,0,1
4456,51544,11,Mobile Phone,1,8,Married,3,Male,2,1,0,Laptop & Accessory,10,3,0,1
4457,51644,9,Pad,1,24,Married,1,Male,2,1,0,Mobile Phone,5,1,0,1
4458,51676,16,Pad,1,16,Married,4,Female,2,1,0,Laptop & Accessory,2,3,0,1
4459,51679,16,Mobile Phone,1,13,Married,3,Female,2,1,0,Fashion,9,5,0,1
4460,51704,9,Pad,3,6,Single,3,Female,2,1,0,Laptop & Accessory,5,1,0,1
4461,51762,7,Pad,1,8,Married,3,Male,2,1,0,Mobile Phone,2,1,1,1
4462,51777,27,PC,1,5,Single,3,Female,2,1,0,Laptop & Accessory,8,3,0,0
4463,51806,3,PC,3,35,Married,3,Male,2,1,0,Laptop & Accessory,6,3,0,0
4464,51836,11,PC,1,14,Single,3,Female,2,1,0,Household,4,5,0,0
4465,51861,7,Pad,1,9,Married,4,Male,2,1,0,Mobile Phone,2,3,0,1
4466,51888,11,Mobile Phone,1,6,Single,3,Female,2,1,0,Fashion,5,3,1,0
4467,51906,7,Mobile Phone,1,14,Married,3,Female,2,1,0,Laptop & Accessory,4,5,0,1
4468,51947,13,Pad,1,22,Single,4,Male,2,1,0,Laptop & Accessory,7,3,0,0
4469,51948,3,Mobile Phone,1,8,Single,4,Female,2,1,0,Laptop & Accessory,6,1,1,1
4470,51961,7,Pad,1,9,Married,3,Male,2,1,0,Mobile Phone,2,1,0,0
4471,52007,16,PC,1,14,Married,3,Female,2,1,0,Laptop & Accessory,5,4,0,1
4472,52017,7,Mobile Phone,1,16,Married,3,Male,2,1,0,Household,2,4,0,1
4473,52024,7,PC,1,26,Married,3,Male,2,1,0,Household,5,3,0,1
4474,52025,4,Pad,3,26,Married,3,Female,2,1,0,Laptop & Accessory,2,3,0,1
4475,52037,13,Pad,1,15,Married,3,Male,2,1,0,Mobile Phone,9,4,1,0
4476,52044,8,PC,3,24,Married,3,Female,2,1,0,Laptop & Accessory,2,3,0,1
4477,52093,11,Mobile Phone,3,9,Single,3,Male,2,1,0,Laptop & Accessory,9,1,1,1
4478,52109,7,PC,3,16,Married,3,Female,2,1,0,Household,2,3,1,0
4479,52141,13,Mobile Phone,3,16,Married,4,Female,2,1,0,Laptop & Accessory,3,1,1,1
4480,52157,11,Mobile Phone,3,8,Single,3,Male,2,1,0,Fashion,8,4,0,1
4481,52170,15,PC,1,35,Single,5,Male,2,1,0,Laptop & Accessory,5,1,0,1
4482,52176,14,PC,1,18,Married,3,Male,2,1,0,Mobile Phone,4,1,1,1
4483,52199,3,PC,1,14,Single,3,Male,2,1,0,Household,2,5,0,0
4484,52249,2,Mobile Phone,1,13,Married,3,Male,2,1,0,Laptop & Accessory,2,1,1,1
4485,52252,7,PC,1,14,Married,1,Female,2,1,0,Household,1,3,0,1
4486,52319,8,Mobile Phone,1,7,Married,4,Female,2,1,0,Laptop & Accessory,1,1,0,0
4487,52320,3,Pad,3,8,Single,5,Male,2,1,0,Laptop & Accessory,4,1,0,0
4488,52369,7,PC,1,7,Married,3,Female,2,1,0,Household,3,5,0,0
4489,52443,7,PC,1,27,Married,4,Male,2,1,0,Household,1,5,0,0
4490,52464,7,PC,1,9,Married,3,Female,2,1,0,Household,2,1,0,1
4491,52497,1,PC,1,33,Married,5,Female,2,1,0,Laptop & Accessory,1,5,0,1
4492,52548,11,PC,1,10,Married,3,Female,2,1,0,Household,8,3,0,0
4493,52580,23,Pad,3,8,Married,3,Male,2,1,0,Laptop & Accessory,8,4,0,0
4494,52607,11,Mobile Phone,1,24,Married,5,Male,2,1,0,Laptop & Accessory,4,1,1,0
4495,52657,7,Pad,1,20,Single,3,Female,2,1,0,Mobile Phone,2,3,0,1
4496,52671,15,PC,1,14,Single,3,Male,2,1,0,Mobile Phone,5,3,0,1
4497,52717,29,Mobile Phone,3,17,Married,4,Female,2,1,0,Laptop & Accessory,5,5,0,0
4498,52740,5,Mobile Phone,1,11,Single,4,Male,2,1,0,Laptop & Accessory,9,1,0,1
4499,52748,4,Mobile Phone,1,8,Married,5,Female,2,1,0,Mobile Phone,2,1,1,0
4500,52761,7,Pad,1,7,Married,4,Male,2,1,0,Household,2,3,0,0
4501,52773,13,PC,1,14,Married,3,Male,2,1,0,Household,9,1,0,1
4502,52780,25,Pad,3,35,Married,3,Male,2,1,0,Household,3,1,0,1
4503,50241,19,Pad,1,13,Divorced,3,Female,1,1,0,Laptop & Accessory,3,3,0,0
4504,51711,19,Pad,1,13,Married,3,Female,1,1,0,Laptop & Accessory,3,3,0,1
4505,50118,14,PC,1,25,Married,3,Male,0,1,0,Laptop & Accessory,3,5,0,1
4506,50134,24,PC,1,6,Divorced,3,Male,0,1,0,Household,2,2,0,1
4507,50223,23,Pad,3,10,Single,3,Male,0,1,0,Laptop & Accessory,4,3,0,0
4508,50226,15,PC,2,8,Married,3,Male,0,1,0,Household,1,3,1,1
4509,50363,3,PC,1,6,Single,4,Female,0,1,0,Household,2,4,0,1
4510,50462,3,Pad,1,15,Married,4,Male,0,1,0,Household,2,4,0,1
4511,50524,13,Pad,3,27,Divorced,3,Female,0,1,0,Household,6,2,0,1
4512,50679,7,Pad,1,9,Divorced,4,Male,0,1,0,Household,4,2,0,1
4513,50726,5,Pad,3,8,Married,3,Female,0,1,0,Household,2,5,0,0
4514,50991,7,PC,1,13,Single,3,Male,0,1,0,Household,2,1,0,0
4515,51205,2,PC,2,12,Married,4,Male,0,1,0,Household,2,4,0,1
4516,51213,1,PC,3,9,Married,3,Female,0,1,0,Household,2,4,0,1
4517,51225,3,PC,1,6,Married,4,Female,0,1,0,Household,2,3,1,0
4518,51267,11,PC,3,6,Single,4,Male,0,1,0,Household,5,5,0,0
4519,51296,14,PC,1,6,Married,3,Male,0,1,0,Household,4,1,0,0
4520,51340,3,PC,3,11,Single,4,Female,0,1,0,Household,1,3,0,0
4521,51352,33,PC,1,9,Married,1,Female,0,1,0,Household,5,5,1,0
4522,51353,3,PC,1,30,Married,3,Male,0,1,0,Household,2,3,0,1
4523,51363,3,Pad,1,22,Married,1,Male,0,1,0,Household,2,1,1,0
4524,51393,13,PC,1,25,Married,3,Male,0,1,0,Household,5,4,0,0
4525,51420,9,PC,1,12,Married,1,Female,0,1,0,Household,4,1,0,0
4526,51447,5,PC,1,6,Single,3,Male,0,1,0,Household,2,5,0,0
4527,51455,3,PC,1,21,Single,3,Female,0,1,0,Household,2,1,0,1
4528,51464,9,PC,1,9,Married,3,Female,0,1,0,Household,6,1,0,0
4529,51588,14,PC,1,25,Married,3,Male,0,1,0,Laptop & Accessory,3,5,0,0
4530,51604,24,PC,1,6,Married,3,Male,0,1,0,Household,2,1,0,1
4531,51693,23,Pad,3,10,Single,3,Male,0,1,0,Laptop & Accessory,4,3,0,0
4532,51696,15,PC,2,8,Married,3,Male,0,1,0,Household,1,3,1,1
4533,51833,3,PC,1,6,Single,4,Female,0,1,0,Household,2,4,0,0
4534,51932,3,Pad,1,15,Married,4,Male,0,1,0,Household,2,4,0,0
4535,51994,13,Pad,3,27,Married,3,Female,0,1,0,Household,6,1,0,1
4536,52149,7,Pad,1,9,Married,4,Male,0,1,0,Household,4,1,0,0
4537,52196,5,Pad,3,8,Married,3,Female,0,1,0,Household,2,5,0,1
4538,52461,7,PC,1,13,Single,3,Male,0,1,0,Household,2,1,0,0
4539,52675,2,PC,2,12,Married,4,Male,0,1,0,Household,2,4,0,1
4540,52683,1,PC,3,9,Married,3,Female,0,1,0,Household,2,4,0,1
4541,52695,3,PC,1,7,Married,4,Female,0,1,0,Household,2,3,1,0
4542,52737,11,PC,3,7,Single,4,Male,0,1,0,Household,5,5,0,1
4543,52766,14,PC,1,7,Married,3,Male,0,1,0,Household,4,1,0,0
4544,52810,3,PC,3,11,Single,4,Female,0,1,0,Household,1,3,0,1
